subject_id,session_name,victimized,n_kinfc,alternates,event_validation,n_cycles,n_left_cycles,n_right_cycles,n_pass,n_pass_with_warnings,n_fail,n_usable_lower_body,n_normalized_ok
S2,WU01,N,6,True,PASS,4,2,2,4,0,0,4,4
S2,WU02,N,6,True,PASS,4,2,2,4,0,0,4,4
S2,WU03,N,6,True,PASS,4,2,2,4,0,0,4,4
S2,WU04,N,6,True,PASS,4,2,2,4,0,0,4,4
S2,WU05,N,6,True,PASS,4,2,2,4,0,0,4,4
S2,WU06,N,6,True,PASS,4,2,2,4,0,0,4,4
S2,WU07,N,5,True,PASS,3,2,1,3,0,0,3,3
S2,WU08,N,7,True,PASS,5,2,3,5,0,0,5,5
S2,WU09,N,7,True,PASS,5,2,3,5,0,0,5,5
S3,WU01,Y,5,True,PASS,3,2,1,3,0,0,3,3
S3,WU02,Y,5,True,PASS,3,2,1,3,0,0,3,3
S3,WU03,Y,5,True,PASS,3,1,2,3,0,0,3,3
S3,WU04,Y,6,True,PASS,4,2,2,4,0,0,4,4
S3,WU05,Y,5,True,PASS,3,1,2,3,0,0,3,3
S3,WU06,Y,5,True,PASS,3,2,1,3,0,0,3,3
S3,WU07,Y,7,True,PASS,5,2,3,5,0,0,5,5
S3,WU11,Y,6,True,PASS,4,2,2,4,0,0,4,4
S4,WU01,Y,5,True,PASS,3,1,2,3,0,0,3,3
S4,WU02,Y,4,True,PASS,2,1,1,2,0,0,2,2
S4,WU03,Y,5,True,PASS,3,1,2,3,0,0,3,3
S4,WU04,Y,4,True,PASS,2,1,1,2,0,0,2,2
S4,WU05,Y,5,True,PASS,3,1,2,3,0,0,3,3
S4,WU06,Y,4,True,PASS,2,1,1,2,0,0,2,2
S4,WU07,Y,5,True,PASS,3,1,2,3,0,0,3,3
S4,WU08,Y,5,True,PASS,3,1,2,3,0,0,3,3
S4,WU10,Y,4,True,PASS,2,1,1,2,0,0,2,2
S5,WU01,Y,3,True,PASS,1,1,0,1,0,0,1,1
S5,WU02,Y,4,True,PASS,2,1,1,2,0,0,2,2
S5,WU03,Y,4,True,PASS,2,1,1,2,0,0,2,2
S5,WU04,Y,4,True,PASS,2,1,1,2,0,0,2,2
S5,WU05,Y,5,True,PASS,3,1,2,3,0,0,3,3
S5,WU07,Y,5,True,PASS,3,1,2,3,0,0,3,3
S5,WU08,Y,3,True,PASS,1,0,1,1,0,0,1,1
S5,WU09,Y,3,True,PASS,1,1,0,1,0,0,1,1
S7,WU01,Y,6,True,PASS,4,2,2,4,0,0,4,4
S7,WU02,Y,5,True,PASS,3,2,1,3,0,0,3,3
S7,WU03,Y,6,True,PASS,4,2,2,4,0,0,4,4
S7,WU04,Y,5,True,PASS,3,1,2,3,0,0,3,3
S7,WU05,Y,7,True,PASS,5,2,3,5,0,0,5,5
S7,WU06,Y,3,True,PASS,1,0,1,1,0,0,1,1
S7,WU07,Y,5,True,PASS,3,2,1,3,0,0,3,3
S7,WU09,Y,5,True,PASS,3,1,2,3,0,0,3,3
S8,WU01,Y,5,True,PASS,3,1,2,3,0,0,3,3
S8,WU02,Y,6,True,PASS,4,2,2,4,0,0,4,4
S8,WU03,Y,4,True,PASS,2,1,1,2,0,0,2,2
S8,WU04,Y,5,True,PASS,3,2,1,3,0,0,3,3
S8,WU05,Y,6,True,PASS,4,2,2,4,0,0,4,4
S8,WU06,Y,6,True,PASS,4,2,2,4,0,0,4,4
S8,WU07,Y,5,True,PASS,3,2,1,3,0,0,3,3
S8,WU08,Y,5,True,PASS,3,2,1,3,0,0,3,3
S8,WU09,Y,6,True,PASS,4,2,2,4,0,0,4,4
S9,WU01,N,5,True,PASS,3,2,1,3,0,0,3,3
S9,WU02,N,6,True,PASS,4,2,2,4,0,0,4,4
S9,WU03,N,5,True,PASS,3,2,1,3,0,0,3,3
S9,WU04,N,6,True,PASS,4,2,2,4,0,0,4,4
S9,WU05,N,5,True,PASS,3,1,2,3,0,0,3,3
S9,WU06,N,5,True,PASS,3,2,1,3,0,0,3,3
S9,WU07,N,7,True,PASS,5,2,3,5,0,0,5,5
S9,WU08,N,6,True,PASS,4,2,2,4,0,0,4,4
S9,WU09,N,6,True,PASS,4,2,2,4,0,0,4,4
S11,WU01,N,4,True,PASS,2,1,1,2,0,0,2,2
S11,WU02,N,4,True,PASS,2,1,1,2,0,0,2,2
S11,WU03,N,5,True,PASS,3,2,1,3,0,0,3,3
S11,WU04,N,4,True,PASS,2,1,1,2,0,0,2,2
S11,WU05,N,5,True,PASS,3,1,2,3,0,0,3,3
S11,WU06,N,5,True,PASS,3,1,2,3,0,0,3,3
S11,WU07,N,4,True,PASS,2,1,1,2,0,0,2,2
S11,WU08,N,5,True,PASS,3,1,2,3,0,0,3,3
S11,WU09,N,5,True,PASS,3,1,2,3,0,0,3,3
S12,WU01Copy,N,4,True,PASS,2,1,1,2,0,0,2,2
S12,WU02Copy,N,3,True,PASS,1,1,0,1,0,0,1,1
S12,WU03Copy,N,5,True,PASS,3,2,1,3,0,0,3,3
S12,WU04Copy,N,4,True,PASS,2,1,1,2,0,0,2,2
S12,WU05Copy,N,5,True,PASS,3,2,1,3,0,0,3,3
S12,WU07Copy,N,5,True,PASS,3,1,2,3,0,0,3,3
S12,WU08Copy,N,5,True,PASS,3,2,1,3,0,0,3,3
S13,WU01,Y,5,True,PASS,3,2,1,3,0,0,3,3
S13,WU02,Y,5,True,PASS,3,1,2,3,0,0,3,3
S13,WU03,Y,5,True,PASS,3,2,1,3,0,0,3,3
S13,WU04,Y,5,True,PASS,3,1,2,3,0,0,3,3
S13,WU08,Y,5,True,PASS,3,1,2,3,0,0,3,3
S14,WU01,Y,5,True,PASS,3,1,2,3,0,0,3,3
S14,WU03,Y,5,True,PASS,3,1,2,3,0,0,3,3
S14,WU04,Y,5,True,PASS,3,1,2,3,0,0,3,3
S14,WU05,Y,7,True,PASS,5,3,2,5,0,0,5,5
S14,WU06,Y,5,True,PASS,3,2,1,3,0,0,3,3
S14,WU07,Y,7,True,PASS,5,2,3,5,0,0,5,5
S14,WU08,Y,7,True,PASS,5,2,3,5,0,0,5,5
S14,WU09,Y,7,True,PASS,5,3,2,5,0,0,5,5
S15,WU01,Y,7,True,PASS,5,2,3,5,0,0,5,5
S15,WU02,Y,7,True,PASS,5,2,3,5,0,0,5,5
S15,WU03,Y,6,True,PASS,4,2,2,4,0,0,4,4
S15,WU04,Y,6,True,PASS,4,2,2,4,0,0,4,4
S15,WU05,Y,7,True,PASS,5,2,3,5,0,0,5,5
S15,WU06,Y,7,True,PASS,5,3,2,5,0,0,5,5
S15,WU07,Y,8,True,PASS,6,3,3,6,0,0,6,6
S15,WU08,Y,7,True,PASS,5,3,2,5,0,0,5,5
S15,WU10,Y,6,True,PASS,4,2,2,4,0,0,4,4
S17,WU0,N,6,True,PASS,4,2,2,4,0,0,4,4
S17,WU11,N,7,True,PASS,5,3,2,5,0,0,5,5
S17,WU13,N,7,True,PASS,5,2,3,5,0,0,5,5
S17,WU3,N,7,True,PASS,5,2,3,5,0,0,5,5
S17,WU4,N,6,True,PASS,4,2,2,4,0,0,4,4
S17,WU5,N,7,True,PASS,5,2,3,5,0,0,5,5
S17,WU6,N,6,True,PASS,4,2,2,4,0,0,4,4
S17,WU7,N,6,True,PASS,4,2,2,4,0,0,4,4
S17,WU9,N,7,True,PASS,5,3,2,5,0,0,5,5
S19,WU02,Y,3,True,PASS,1,1,0,1,0,0,1,1
S19,WU03,Y,4,True,PASS,2,1,1,2,0,0,2,2
S19,WU04,Y,3,True,PASS,1,1,0,1,0,0,1,1
S19,WU05,Y,2,True,PASS,0,0,0,0,0,0,0,0
S23,WU01,N,7,True,PASS,5,3,2,5,0,0,5,5
S23,WU02,N,7,True,PASS,5,2,3,5,0,0,5,5
S23,WU03,N,6,True,PASS,4,2,2,4,0,0,4,4
S23,WU04,N,7,True,PASS,5,3,2,5,0,0,5,5
S23,WU05,N,6,True,PASS,4,2,2,4,0,0,4,4
S23,WU06,N,6,True,PASS,4,2,2,4,0,0,4,4
S23,WU07,N,7,True,PASS,5,3,2,5,0,0,5,5
S23,WU08,N,6,True,PASS,4,2,2,4,0,0,4,4
S23,WU09,N,7,True,PASS,5,2,3,5,0,0,5,5
S26,WU01,Y,7,True,PASS,5,3,2,5,0,0,5,5
S26,WU02,Y,8,True,PASS,6,3,3,6,0,0,6,6
S26,WU03,Y,5,True,PASS,3,1,2,3,0,0,3,3
S26,WU04,Y,7,True,PASS,5,2,3,5,0,0,5,5
S26,WU05,Y,6,True,PASS,4,2,2,4,0,0,4,4
S26,WU06,Y,8,True,PASS,6,3,3,6,0,0,6,6
S26,WU07,Y,7,True,PASS,5,3,2,5,0,0,5,5
S26,WU08,Y,7,True,PASS,5,3,2,5,0,0,5,5
S26,WU09,Y,7,True,PASS,5,2,3,5,0,0,5,5
S27,WU01,Y,6,True,PASS,4,2,2,4,0,0,4,4
S27,WU02,Y,5,True,PASS,3,2,1,3,0,0,3,3
S27,WU03,Y,4,True,PASS,2,1,1,2,0,0,2,2
S27,WU04,Y,5,True,PASS,3,2,1,3,0,0,3,3
S27,WU05,Y,6,True,PASS,4,2,2,4,0,0,4,4
S27,WU06,Y,6,True,PASS,4,2,2,4,0,0,4,4
S27,WU07,Y,7,True,PASS,5,3,2,5,0,0,5,5
S27,WU08,Y,5,True,PASS,3,2,1,3,0,0,3,3
S27,WU09,Y,7,True,PASS,5,3,2,5,0,0,5,5
S27,WU10,Y,5,True,PASS,3,2,1,3,0,0,3,3
S30,WU02,N,2,True,PASS,0,0,0,0,0,0,0,0
S30,WU04,N,4,True,PASS,2,1,1,2,0,0,2,2
S30,WU05,N,2,True,PASS,0,0,0,0,0,0,0,0
S30,WU06,N,3,True,PASS,1,0,1,1,0,0,1,1
S30,WU07,N,2,True,PASS,0,0,0,0,0,0,0,0
S31,WU01,Y,6,True,PASS,4,2,2,4,0,0,4,4
S31,WU02,Y,7,True,PASS,5,3,2,5,0,0,5,5
S31,WU05,Y,2,True,PASS,0,0,0,0,0,0,0,0
S31,WU06,Y,7,True,PASS,5,3,2,5,0,0,5,5
S31,WU07,Y,6,True,PASS,4,2,2,4,0,0,4,4
S31,WU08,Y,7,True,PASS,5,2,3,5,0,0,5,5
S31,WU10,Y,6,True,PASS,4,2,2,4,0,0,4,4
S31,WU11,Y,6,True,PASS,4,2,2,4,0,0,4,4
S31,WU13,Y,4,True,PASS,2,1,1,2,0,0,2,2
S32,WU01,Y,3,True,PASS,1,0,1,1,0,0,1,1
S32,WU02,Y,3,True,PASS,1,1,0,1,0,0,1,1
S32,WU03,Y,2,True,PASS,0,0,0,0,0,0,0,0
S32,WU04,Y,4,True,PASS,2,1,1,2,0,0,2,2
S32,WU05,Y,4,True,PASS,2,1,1,2,0,0,2,2
S32,WU06,Y,4,True,PASS,2,1,1,2,0,0,2,2
S32,WU07,Y,3,True,PASS,1,1,0,1,0,0,1,1
S32,WU08,Y,4,True,PASS,2,1,1,2,0,0,2,2
S32,WU09,Y,4,True,PASS,2,1,1,2,0,0,2,2
S32,WU10,Y,4,True,PASS,2,1,1,2,0,0,2,2
S32,WU11,Y,3,True,PASS,1,1,0,1,0,0,1,1
S34,WU01,Y,5,True,PASS,3,1,2,3,0,0,3,3
S34,WU02,Y,6,True,PASS,4,2,2,4,0,0,4,4
S34,WU03,Y,6,True,PASS,4,2,2,4,0,0,4,4
S34,WU04,Y,7,True,PASS,5,2,3,5,0,0,5,5
S34,WU05,Y,5,True,PASS,3,2,1,3,0,0,3,3
S34,WU06,Y,5,True,PASS,3,2,1,3,0,0,3,3
S34,WU08,Y,7,True,PASS,5,3,2,5,0,0,5,5
S34,WU11,Y,6,True,PASS,4,2,2,4,0,0,4,4
S34,WU12,Y,6,True,PASS,4,2,2,4,0,0,4,4
S35,WU01,N,5,True,PASS,3,2,1,3,0,0,3,3
S35,WU02,N,3,True,PASS,1,0,1,1,0,0,1,1
S35,WU03,N,4,True,PASS,2,1,1,2,0,0,2,2
S35,WU04,N,3,True,PASS,1,0,1,1,0,0,1,1
S35,WU05,N,4,True,PASS,2,1,1,2,0,0,2,2
S35,WU06,N,3,True,PASS,1,1,0,1,0,0,1,1
S35,WU07,N,2,True,PASS,0,0,0,0,0,0,0,0
S35,WU08,N,3,True,PASS,1,1,0,1,0,0,1,1
S35,WU09,N,5,True,PASS,3,2,1,3,0,0,3,3
S35,WU10,N,4,True,PASS,2,1,1,2,0,0,2,2
S35,WU11,N,3,True,PASS,1,0,1,1,0,0,1,1
S35,WU12,N,4,True,PASS,2,1,1,2,0,0,2,2
S37,WU01,Y,6,True,PASS,4,2,2,4,0,0,4,4
S37,WU02,Y,7,True,PASS,5,2,3,5,0,0,5,5
S37,WU03,Y,4,True,PASS,2,1,1,2,0,0,2,2
S37,WU04,Y,7,True,PASS,5,2,3,5,0,0,5,5
S37,WU05,Y,6,True,PASS,4,2,2,4,0,0,4,4
S37,WU06,Y,6,True,PASS,4,2,2,4,0,0,4,4
S37,WU07,Y,6,True,PASS,4,2,2,4,0,0,4,4
S37,WU08,Y,6,True,PASS,4,2,2,4,0,0,4,4
S37,WU09,Y,7,True,PASS,5,2,3,5,0,0,5,5
S38,WU01,Y,5,True,PASS,3,2,1,3,0,0,3,3
S38,WU02,Y,7,True,PASS,5,2,3,5,0,0,5,5
S38,WU03,Y,6,True,PASS,4,2,2,4,0,0,4,4
S38,WU04,Y,5,True,PASS,3,1,2,3,0,0,3,3
S38,WU05,Y,5,True,PASS,3,2,1,3,0,0,3,3
S38,WU06,Y,6,True,PASS,4,2,2,4,0,0,4,4
S38,WU07,Y,6,True,PASS,4,2,2,4,0,0,4,4
S38,WU08,Y,7,True,PASS,5,2,3,5,0,0,5,5
S38,WU09,Y,6,True,PASS,4,2,2,4,0,0,4,4
S39,WU01,N,8,True,PASS,6,3,3,6,0,0,6,6
S39,WU02,N,6,True,PASS,4,2,2,4,0,0,4,4
S39,WU03,N,5,True,PASS,3,1,2,3,0,0,3,3
S39,WU04,N,8,True,PASS,6,3,3,6,0,0,6,6
S39,WU05,N,6,True,PASS,4,2,2,4,0,0,4,4
S39,WU06,N,5,True,PASS,3,2,1,3,0,0,3,3
S39,WU07,N,7,True,PASS,5,3,2,5,0,0,5,5
S39,WU08,N,7,True,PASS,5,2,3,5,0,0,5,5
S39,WU09,N,6,True,PASS,4,2,2,4,0,0,4,4
S39,WU10,N,6,True,PASS,4,2,2,4,0,0,4,4
S40,WU01,N,7,True,PASS,5,3,2,5,0,0,5,5
S40,WU02,N,4,True,PASS,2,1,1,2,0,0,2,2
S40,WU03,N,6,True,PASS,4,2,2,4,0,0,4,4
S40,WU04,N,5,True,PASS,3,2,1,3,0,0,3,3
S40,WU05,N,6,True,PASS,4,2,2,4,0,0,4,4
S40,WU07,N,7,True,PASS,5,2,3,5,0,0,5,5
S40,WU09,N,6,True,PASS,4,2,2,4,0,0,4,4
S40,WU11,N,6,True,PASS,4,2,2,4,0,0,4,4
S41,WU01,N,6,True,PASS,4,2,2,4,0,0,4,4
S41,WU02,N,6,True,PASS,4,2,2,4,0,0,4,4
S41,WU03,N,4,True,PASS,2,1,1,2,0,0,2,2
S41,WU04,N,4,True,PASS,2,1,1,2,0,0,2,2
S41,WU05,N,5,True,PASS,3,2,1,3,0,0,3,3
S41,WU06,N,5,True,PASS,3,2,1,3,0,0,3,3
S41,WU07,N,5,True,PASS,3,1,2,3,0,0,3,3
S41,WU08,N,5,True,PASS,3,1,2,3,0,0,3,3
S42,WU01,N,8,True,PASS,6,3,3,6,0,0,6,6
S42,WU02,N,6,True,PASS,4,2,2,4,0,0,4,4
S42,WU03,N,7,True,PASS,5,2,3,5,0,0,5,5
S42,WU04,N,7,True,PASS,5,2,3,5,0,0,5,5
S42,WU05,N,7,True,PASS,5,2,3,5,0,0,5,5
S42,WU08,N,7,True,PASS,5,2,3,5,0,0,5,5
S43,WU01,N,5,True,PASS,3,2,1,3,0,0,3,3
S43,WU02,N,4,True,PASS,2,1,1,2,0,0,2,2
S43,WU03,N,5,True,PASS,3,2,1,3,0,0,3,3
S43,WU04,N,4,True,PASS,2,1,1,2,0,0,2,2
S43,WU05,N,6,True,PASS,4,2,2,4,0,0,4,4
S43,WU06,N,5,True,PASS,3,2,1,3,0,0,3,3
S46,WU01,Y,4,True,PASS,2,1,1,2,0,0,2,2
S46,WU02,Y,6,True,PASS,4,2,2,4,0,0,4,4
S46,WU03,Y,7,True,PASS,5,3,2,5,0,0,5,5
S46,WU04,Y,4,True,PASS,2,1,1,2,0,0,2,2
S46,WU05,Y,7,True,PASS,5,2,3,5,0,0,5,5
S46,WU06,Y,6,True,PASS,4,2,2,4,0,0,4,4
S46,WU08,Y,6,True,PASS,4,2,2,4,0,0,4,4
S46,WU11,Y,7,True,PASS,5,2,3,5,0,0,5,5
S46,WU14,Y,6,True,PASS,4,2,2,4,0,0,4,4
S48,WU01,N,5,True,PASS,3,2,1,3,0,0,3,3
S48,WU02,N,6,True,PASS,4,2,2,4,0,0,4,4
S48,WU03,N,4,True,PASS,2,1,1,2,0,0,2,2
S48,WU04,N,6,True,PASS,4,2,2,4,0,0,4,4
S48,WU05,N,5,True,PASS,3,2,1,3,0,0,3,3
S48,WU07,N,6,True,PASS,4,2,2,4,0,0,4,4
S48,WU09,N,5,True,PASS,3,1,2,3,0,0,3,3
S48,WU10,N,5,True,PASS,3,2,1,3,0,0,3,3
S48,WU11,N,6,True,PASS,4,2,2,4,0,0,4,4
S48,WU12,N,5,True,PASS,3,2,1,3,0,0,3,3
