feature,cliffs_delta,cliffs_delta_ci_lo,cliffs_delta_ci_hi,cliffs_magnitude,direction,abs_median_diff,rel_median_diff,standardized_median_iqr
LHipAngles_ax3_tpeak_vel_pct__median,-0.49159663865546216,-0.8235294117647058,-0.10073529411764716,large,VICTIMS_LOWER,11.75,-0.19665271966527198,-0.9215686274509803
LKneeAngles_ax3_tmax_pct__median,-0.542016806722689,-0.8236344537815126,-0.16376050420168076,large,VICTIMS_LOWER,19.0,-0.35185185185185186,-0.7755102040816326
RKneeAngles_ax3_peak_acc__median,0.48739495798319327,0.1092436974789916,0.8235294117647058,large,VICTIMS_HIGHER,2183.7740695382345,0.35484231450906634,0.846221554092774
LFootProgressAngles_ax2_mean__median,-0.4369747899159664,-0.7899159663865546,-0.025210084033613446,medium,VICTIMS_LOWER,1.4935883307451436,-0.3490919647380597,-0.6432885386057211
LFootProgressAngles_ax1_std__median,-0.4117647058823529,-0.748109243697479,0.025210084033613446,medium,VICTIMS_LOWER,1.1140559550829536,-0.037687957075566096,-0.6548328583276259
RAnkleAngles_ax3_peak_acc__median,0.3949579831932773,-0.05042016806722689,0.7310924369747899,medium,VICTIMS_HIGHER,1639.047409847517,0.22429192060813932,0.49756261008517716
LHipAngles_ax2_tpeak_vel_pct__median,-0.42436974789915966,-0.7647058823529411,-0.03771008403361354,medium,VICTIMS_LOWER,33.0,-0.5789473684210527,-1.3678756476683938
LAnkleAngles_ax1_phase_40_50_rom__median,-0.46218487394957986,-0.8151260504201681,-0.06722689075630252,medium,VICTIMS_LOWER,1.4021145701408386,-0.4318434034803816,-0.918741908773201
RFootProgressAngles_ax3_peak_acc__median,0.4117647058823529,-0.017016806722689064,0.7478991596638656,medium,VICTIMS_HIGHER,986.3096382152162,0.37201711204017573,1.0466116702558106
LKneeAngles_ax3_peak_acc__median,0.35294117647058826,-0.03382352941176469,0.7478991596638656,medium,VICTIMS_HIGHER,2225.1188970716357,0.3539977675800408,0.47272843812954785
RKneeAngles_ax1_phase_0_10_rom__median,-0.3865546218487395,-0.790126050420168,0.025210084033613446,medium,VICTIMS_LOWER,2.2670748233795166,-0.17077373615586255,-0.7219622089214557
LAnkleAngles_ax2_tmin_pct__median,0.3319327731092437,-0.14285714285714285,0.7310924369747899,medium,VICTIMS_HIGHER,10.75,0.25748502994011974,0.441025641025641
sym_HipAngles_ax1_tmax_pct_absdiff,-0.4117647058823529,-0.7563025210084033,-0.029306722689075724,medium,VICTIMS_LOWER,5.5,-0.7333333333333333,-0.15547703180212014
RHipAngles_ax1_phase_60_70_rom__median,0.3865546218487395,0.008403361344537815,0.7647058823529411,medium,VICTIMS_HIGHER,1.589008092880249,0.16042796980495658,0.8459184028337475
LHipAngles_ax3_tmax_pct__median,-0.3949579831932773,-0.7478991596638656,0.02100840336134454,medium,VICTIMS_LOWER,15.25,-0.26180257510729615,-0.5674418604651162
RKneeAngles_ax2_tmax_pct__median,0.3487394957983193,-0.07174369747899158,0.7058823529411765,medium,VICTIMS_HIGHER,3.25,0.06532663316582915,0.14168937329700274
RHipAngles_ax1_peak_acc__median,0.33613445378151263,-0.07563025210084033,0.7144957983193275,medium,VICTIMS_HIGHER,328.81631580910243,0.16213973466382622,0.5641547621946299
RKneeAngles_ax1_phase_20_30_rom__median,-0.3949579831932773,-0.7647058823529411,0.04201680672268908,medium,VICTIMS_LOWER,1.4363927841186523,-0.2083890682305828,-0.9299919082386233
RHipAngles_ax1_median__median,0.3277310924369748,-0.08424369747899159,0.6974789915966386,small,VICTIMS_HIGHER,2.6826906204223633,0.10638981058978768,0.24717692795079949
LKneeAngles_ax2_tmax_pct__median,-0.35294117647058826,-0.7058823529411765,0.05903361344537796,medium,VICTIMS_LOWER,21.5,-0.3282442748091603,-0.8249400479616307
LFootProgressAngles_ax1_rom__median,-0.35294117647058826,-0.6974789915966386,0.06722689075630252,medium,VICTIMS_LOWER,4.48082971572876,-0.042304867862209064,-0.5650000604263284
LFootProgressAngles_ax2_rom__median,-0.35294117647058826,-0.7313025210084033,0.07563025210084033,medium,VICTIMS_LOWER,5.330025732517242,-0.3081692000432084,-0.6504661913263895
RKneeAngles_ax3_tmax_pct__median,0.31512605042016806,-0.07605042016806719,0.7059873949579831,small,VICTIMS_HIGHER,21.75,0.5686274509803921,0.7435897435897436
LAJC_ax2_excursion__median,-0.31932773109243695,-0.6976890756302521,0.06743697478991577,small,VICTIMS_LOWER,6.4217529296875,-0.1045510418436693,-0.4953372274060231
RAnkleAngles_ax3_peak_vel__median,0.3277310924369748,-0.06764705882352938,0.6554621848739496,small,VICTIMS_HIGHER,44.23127390262698,0.1361001172621564,0.4265382797907339
sym_HipAngles_ax1_max_si,-0.3277310924369748,-0.7226890756302521,0.1514705882352939,small,VICTIMS_LOWER,4.515409697212042,-13.209645832807253,-0.47630073224523134
var_RKneeAngles_ax1_tmax_pct_mad,-0.3949579831932773,-0.7647058823529411,0.008508403361344442,medium,VICTIMS_LOWER,1.0,-0.3333333333333333,-1.4545454545454546
RKneeAngles_ax3_tpeak_vel_pct__median,-0.3445378151260504,-0.7269957983193277,0.08834033613445369,medium,VICTIMS_LOWER,16.0,-0.2807017543859649,-0.6066350710900474
sym_HipAngles_ax1_rom_absdiff,-0.33613445378151263,-0.6638655462184874,0.04201680672268908,medium,VICTIMS_LOWER,0.6768073439598083,-0.3710743858369461,-0.35348533346422684
LAnkleAngles_ax1_phase_90_100_rom__median,-0.33613445378151263,-0.6890756302521008,0.07563025210084033,medium,VICTIMS_LOWER,0.8916033506393433,-0.25217355360002647,-0.4454180010509007
LKneeAngles_ax1_phase_50_60_rom__median,-0.2689075630252101,-0.7142857142857143,0.14285714285714285,small,VICTIMS_LOWER,2.435927838087082,-0.184242173637517,-0.7065880144555793
sym_HipAngles_ax1_rom_si,-0.3025210084033613,-0.6638655462184874,0.11764705882352941,small,VICTIMS_LOWER,2.6593728222903197,-0.8081672282359723,-0.5431292921051418
RHipAngles_ax1_phase_50_60_rom__median,0.3025210084033613,-0.10084033613445378,0.6724789915966385,small,VICTIMS_HIGHER,0.38329899311065674,0.16143517998543072,0.6299811340650348
LAnkleAngles_ax1_min__median,0.31932773109243695,-0.059033613445378136,0.6724789915966385,small,VICTIMS_HIGHER,3.4465513229370117,0.19996470987399798,0.5208598410714378
LAnkleAngles_ax2_tpeak_vel_pct__median,0.2857142857142857,-0.12605042016806722,0.6555672268907562,small,VICTIMS_HIGHER,5.25,0.1320754716981132,0.16535433070866143
LFootProgressAngles_ax1_max__median,-0.2857142857142857,-0.680672268907563,0.13445378151260504,small,VICTIMS_LOWER,2.6277523040771484,-0.18883730442056704,-0.5037008956137565
RKneeAngles_ax1_msjerk__median,0.3277310924369748,-0.07563025210084033,0.6890756302521008,small,VICTIMS_HIGHER,863968000.8286986,0.41276976934498677,0.35402386617993514
RKJC_ax3_excursion__median,0.29411764705882354,-0.15126050420168066,0.6556722689075628,small,VICTIMS_HIGHER,4.029083251953125,0.04334444097900491,0.24847891358111823
LKneeAngles_ax1_phase_10_20_mean__median,0.2857142857142857,-0.15987394957983192,0.6722689075630253,small,VICTIMS_HIGHER,1.813928699493406,0.059971868645205526,0.1935350466131674
sym_AnkleAngles_ax1_tmax_pct_si,-0.3277310924369748,-0.6850840336134454,0.06302521008403361,small,VICTIMS_LOWER,1.9424799622819424,-1.0,-0.3682320277273909
sym_HEE_ax1_excursion_absdiff,0.3025210084033613,-0.07563025210084033,0.6892857142857141,small,VICTIMS_HIGHER,3.6786575317382812,0.5958640274940589,0.41815079307522224
RHipAngles_ax3_tmax_pct__median,0.25630252100840334,-0.17657563025210085,0.6638655462184874,small,VICTIMS_HIGHER,11.25,0.25139664804469275,0.703125
LFootProgressAngles_ax2_median__median,-0.3025210084033613,-0.680672268907563,0.09243697478991597,small,VICTIMS_LOWER,0.7074402570724487,-0.22851937216886925,-0.30634990722553646
RFootProgressAngles_ax2_min__median,0.25210084033613445,-0.16806722689075632,0.6638655462184874,small,VICTIMS_HIGHER,1.9657460451126099,0.39236081178530563,0.4517014496610579
RKneeAngles_ax2_rom__median,0.29411764705882354,-0.12605042016806722,0.6808823529411763,small,VICTIMS_HIGHER,4.548321545124054,0.34830130945394316,0.4794440208639858
LHipAngles_ax2_peak_acc__median,0.2689075630252101,-0.12626050420168067,0.6470588235294118,small,VICTIMS_HIGHER,236.61767737937225,0.14684996005289866,0.31192512385785803
LFootProgressAngles_ax2_tmax_pct__median,0.24789915966386555,-0.17237394957983193,0.6596638655462185,small,VICTIMS_HIGHER,17.0,0.4146341463414634,0.7157894736842105
RAnkleAngles_ax1_phase_50_60_min__median,0.29411764705882354,-0.08403361344537816,0.6556722689075628,small,VICTIMS_HIGHER,2.437434196472168,0.6852410436015441,0.3417399934538435
sym_HEE_path3d_absdiff,0.3025210084033613,-0.12626050420168067,0.6890756302521008,small,VICTIMS_HIGHER,8.126085551638198,1.3528035091337758,0.619533765568405
LAnkleAngles_ax1_phase_50_60_rom__median,-0.2857142857142857,-0.6554621848739496,0.12605042016806722,small,VICTIMS_LOWER,1.3236955404281616,-0.12408893120363357,-0.4525423714501808
RKneeAngles_ax2_peak_acc__median,0.25210084033613445,-0.12605042016806722,0.6558823529411761,small,VICTIMS_HIGHER,745.8596596658854,0.24939022644072695,0.4761539006070214
LAnkleAngles_ax3_min__median,-0.226890756302521,-0.6302521008403361,0.17668067226890738,small,VICTIMS_LOWER,9.177414417266846,-1.565937452758912,-0.5653096232902002
LKneeAngles_ax1_max__median,0.24369747899159663,-0.19369747899159662,0.6470588235294118,small,VICTIMS_HIGHER,2.6459827423095703,0.03817942486017484,0.3668447288102953
RKneeAngles_ax1_phase_90_100_mean__median,0.29411764705882354,-0.13445378151260504,0.6638655462184874,small,VICTIMS_HIGHER,2.100466598163951,0.11886144497329315,0.41132933643018704
RTOE_ax3_excursion__median,-0.2184873949579832,-0.6472689075630252,0.21008403361344538,small,VICTIMS_LOWER,3.5600204467773438,-0.03050419631350944,-0.3365328632330392
RPSI_ax2_excursion__median,-0.3025210084033613,-0.680672268907563,0.1092436974789916,small,VICTIMS_LOWER,5.954795837402344,-0.09744484552602328,-0.3777403321060311
LFootProgressAngles_ax2_min__median,-0.2605042016806723,-0.6304621848739496,0.15126050420168066,small,VICTIMS_LOWER,0.6417586803436279,-0.4928673348964026,-0.1676527510972227
sym_HEE_path3d_si,0.2773109243697479,-0.11785714285714284,0.6890756302521008,small,VICTIMS_HIGHER,0.3167384424766214,2.3776998772658873,0.23827202983708606
RAnkleAngles_ax2_tmax_pct__median,0.23529411764705882,-0.17647058823529413,0.6388655462184871,small,VICTIMS_HIGHER,19.0,0.59375,0.5333333333333333
LKneeAngles_ax2_tmin_pct__median,0.2815126050420168,-0.15126050420168066,0.6890756302521008,small,VICTIMS_HIGHER,1.0,0.02,0.05970149253731343
LFootProgressAngles_ax3_peak_acc__median,0.25210084033613445,-0.15966386554621848,0.6218487394957983,small,VICTIMS_HIGHER,484.7341447596118,0.19308839223987675,0.5490484643191287
sym_HipAngles_ax1_tmax_pct_si,-0.2689075630252101,-0.6388655462184873,0.12605042016806722,small,VICTIMS_LOWER,1.6822547234950727,-2.9777777777777774,-0.012738448086244296
RAnkleAngles_ax2_peak_acc__median,0.21008403361344538,-0.22710084033613445,0.6218487394957983,small,VICTIMS_HIGHER,493.11637271204563,0.3432866016221497,0.5345766467945093
RFootProgressAngles_ax1_max__median,-0.24369747899159663,-0.6302521008403361,0.17647058823529413,small,VICTIMS_LOWER,1.394632339477539,-0.09512673694771802,-0.28729748304075925
RAnkleAngles_ax1_phase_90_100_rom__median,-0.226890756302521,-0.6386554621848739,0.17647058823529413,small,VICTIMS_LOWER,0.8494859933853149,-0.2457274878554464,-0.5899419521038005
LTOE_ax2_excursion__median,-0.2773109243697479,-0.6302521008403361,0.1346638655462183,small,VICTIMS_LOWER,9.778465270996094,-0.14010586621434,-0.48815372647298827
var_RHipAngles_ax1_rom_mad,0.2689075630252101,-0.12605042016806722,0.6470588235294118,small,VICTIMS_HIGHER,0.3176058307290077,0.2879546987057021,0.4391670508026223
RKneeAngles_ax3_peak_vel__median,0.23529411764705882,-0.17647058823529413,0.6136554621848738,small,VICTIMS_HIGHER,31.099540643374553,0.13518065178905767,0.41932565189075366
sym_FootProgressAngles_ax1_rom_si,-0.25210084033613445,-0.6218487394957983,0.16848739495798282,small,VICTIMS_LOWER,1.262089526464132,-2.1075521249091307,-0.3775660952012059
sym_FootProgressAngles_ax1_tmax_pct_absdiff,-0.29411764705882354,-0.6428571428571429,0.09243697478991597,small,VICTIMS_LOWER,1.0,-1.0,-1.3333333333333333
LKneeAngles_ax3_peak_vel__median,0.17647058823529413,-0.2773109243697479,0.6222689075630249,small,VICTIMS_HIGHER,35.158034323371794,0.17010935908304461,0.34992333782735113
RAnkleAngles_ax1_min__median,0.20168067226890757,-0.2184873949579832,0.5968487394957981,small,VICTIMS_HIGHER,3.6980223655700684,0.23840435850021807,0.5558877645471192
RFootProgressAngles_ax3_tmax_pct__median,-0.20168067226890757,-0.5798319327731093,0.22710084033613426,small,VICTIMS_LOWER,10.0,-0.18518518518518517,-0.35874439461883406
RHipAngles_ax3_rom__median,-0.2184873949579832,-0.6220588235294118,0.20168067226890757,small,VICTIMS_LOWER,2.266148328781128,-0.10488784718367211,-0.21920625039867792
var_LHipAngles_ax1_rom_sd,-0.226890756302521,-0.6388655462184873,0.21869747899159644,small,VICTIMS_LOWER,0.19386955627950142,-0.08432887800161708,-0.21565290010176852
LHipAngles_ax1_phase_70_80_rom__median,-0.20168067226890757,-0.6304621848739496,0.21008403361344538,small,VICTIMS_LOWER,1.3856441974639893,-0.09093915220765338,-0.4270293593967759
RKneeAngles_ax1_min__median,0.19327731092436976,-0.21029411764705883,0.5798319327731093,small,VICTIMS_HIGHER,1.3722548484802246,0.15573965712594787,0.29694499153509507
sym_AJC_ax1_excursion_absdiff,0.226890756302521,-0.15966386554621848,0.6304621848739493,small,VICTIMS_HIGHER,5.063676834106445,0.9832776229409531,0.5071552042592383
RKneeAngles_ax1_phase_50_60_min__median,0.21008403361344538,-0.2184873949579832,0.6218487394957983,small,VICTIMS_HIGHER,2.0440893173217773,0.1745156021882284,0.3373473159637527
RKneeAngles_ax1_phase_50_60_rom__median,-0.19327731092436976,-0.613655462184874,0.193487394957983,small,VICTIMS_LOWER,1.8188790082931519,-0.1412629780971443,-0.6448237867310488
sym_FootProgressAngles_ax1_max_absdiff,0.20168067226890757,-0.26071428571428573,0.6388655462184871,small,VICTIMS_HIGHER,1.335727334022522,0.7578261941997371,0.5756795099654132
LAnkleAngles_ax3_peak_acc__median,0.20168067226890757,-0.20168067226890757,0.5966386554621849,small,VICTIMS_HIGHER,1763.6192622400013,0.24838390981665176,0.4535592600672028
RAnkleAngles_ax3_max__median,0.20168067226890757,-0.25210084033613445,0.5882352941176471,small,VICTIMS_HIGHER,3.62961483001709,0.16272447033473014,0.2239479898767212
COM_msjerk__median,0.2773109243697479,-0.13445378151260504,0.6556722689075628,small,VICTIMS_HIGHER,61603371.841345996,1.2581606814342505,0.6157137841360819
LKJC_ax2_excursion__median,-0.19327731092436976,-0.5884453781512605,0.17647058823529413,small,VICTIMS_LOWER,1.5931243896484375,-0.028240059029667385,-0.12611104123865594
RAbsAnkleAngle_ax1_peak_acc__median,0.2184873949579832,-0.19327731092436976,0.6136554621848738,small,VICTIMS_HIGHER,496.67309981402013,0.06704990000536536,0.21864382498414192
var_LAnkleAngles_ax1_rom_sd,-0.2184873949579832,-0.6218487394957983,0.21869747899159644,small,VICTIMS_LOWER,0.5461492395117022,-0.20793198506515642,-0.4866395564788676
var_LAnkleAngles_ax1_rom_cv,-0.2184873949579832,-0.6050420168067226,0.20189075630252082,small,VICTIMS_LOWER,0.012368300660012724,-0.16025621398798875,-0.49562237240117946
cycle_duration_s__median,-0.21008403361344538,-0.5714285714285714,0.21428571428571427,small,VICTIMS_LOWER,0.020000000000000018,-0.019047619047619063,-0.2857142857142857
RAJC_ax2_excursion__median,-0.24369747899159663,-0.6304621848739496,0.14285714285714285,small,VICTIMS_LOWER,1.1885433197021484,-0.020383681867244294,-0.08220346914921173
LHEE_ax2_excursion__median,-0.24369747899159663,-0.6388655462184873,0.16806722689075632,small,VICTIMS_LOWER,0.8608245849609375,-0.014833596314252953,-0.04907444457975956
LAnkleAngles_ax1_phase_0_10_rom__median,-0.17647058823529413,-0.6052521008403361,0.2523109243697477,small,VICTIMS_LOWER,1.4512336254119873,-0.137014251864614,-0.531799952479053
var_LKneeAngles_ax1_rom_mad,0.226890756302521,-0.17647058823529413,0.5966386554621849,small,VICTIMS_HIGHER,0.026247024536132812,0.024508540187033235,0.08058861355867297
LAnkleAngles_ax3_peak_vel__median,0.16806722689075632,-0.22710084033613445,0.5714285714285714,small,VICTIMS_HIGHER,34.819589520239106,0.11750092470926825,0.2848082900088163
LAnkleAngles_ax1_phase_70_80_rom__median,-0.20168067226890757,-0.5970588235294118,0.23550420168067207,small,VICTIMS_LOWER,1.6378632001578808,-0.22555729681140899,-0.39401318097353544
LKneeAngles_ax1_phase_70_80_rom__median,-0.2184873949579832,-0.6134453781512605,0.21029411764705863,small,VICTIMS_LOWER,0.3531503677368164,-0.055495451697354106,-0.195310089478556
LKneeAngles_ax1_median__median,0.15126050420168066,-0.2689075630252101,0.5464285714285712,small,VICTIMS_HIGHER,3.4409942626953125,0.16580617553724938,0.5730187165806186
LKneeAngles_ax1_vel_rms__median,0.17647058823529413,-0.226890756302521,0.5798319327731093,small,VICTIMS_HIGHER,2.5687410054478335,0.0134933358291404,0.16122467828741663
RFootProgressAngles_ax1_std__median,-0.17647058823529413,-0.6134453781512605,0.23550420168067207,small,VICTIMS_LOWER,0.15762674522450482,-0.0054371824394268565,-0.10050610754264344
LPSI_ax3_excursion__median,-0.226890756302521,-0.6218487394957983,0.20189075630252082,small,VICTIMS_LOWER,1.4554290771484375,-0.02946510681769247,-0.16057940101120763
RFootProgressAngles_ax1_rom__median,-0.19327731092436976,-0.5968487394957983,0.226890756302521,small,VICTIMS_LOWER,2.6160902976989746,-0.025082726737039287,-0.38419985729600936
coord_right_hip_knee_ax1_corr__median,0.2184873949579832,-0.17668067226890757,0.6470588235294118,small,VICTIMS_HIGHER,0.043477612953430445,0.36916781565852497,0.45197957770744607
RKneeAngles_ax1_phase_70_80_rom__median,-0.23529411764705882,-0.6220588235294118,0.1850840336134452,small,VICTIMS_LOWER,0.31212329864501953,-0.04628063015245592,-0.17177790141081625
LKneeAngles_ax3_tpeak_vel_pct__median,-0.18907563025210083,-0.5672268907563025,0.226890756302521,small,VICTIMS_LOWER,6.5,-0.11504424778761062,-0.2639593908629442
RHipAngles_ax1_phase_40_50_rom__median,0.15966386554621848,-0.2691176470588235,0.5546218487394958,small,VICTIMS_HIGHER,1.2626166343688965,0.29436626184944437,0.5583085118573774
RFootProgressAngles_ax2_max__median,0.14285714285714285,-0.3277310924369748,0.5714285714285714,negligible,VICTIMS_HIGHER,3.508669376373291,0.505051813329248,0.5639661885691261
RKneeAngles_ax2_tmin_pct__median,0.18487394957983194,-0.24401260504201677,0.5925420168067226,small,VICTIMS_HIGHER,6.0,0.12244897959183673,0.16161616161616163
LAnkleAngles_ax1_rom__median,-0.18487394957983194,-0.5884453781512605,0.21869747899159644,small,VICTIMS_LOWER,0.21973037719726562,-0.006498834728955487,-0.026310411907812612
LAnkleAngles_ax1_phase_10_20_mean__median,0.16806722689075632,-0.23550420168067226,0.6136554621848738,small,VICTIMS_HIGHER,3.7442255805246534,2.71756781611673,0.5277819004544473
sym_ASI_ax1_excursion_absdiff,0.19327731092436976,-0.25210084033613445,0.6134453781512605,small,VICTIMS_HIGHER,2.191838264465332,0.3147741100917557,0.18907026687139394
RKneeAngles_ax1_tpeak_vel_pct__median,0.1638655462184874,-0.25210084033613445,0.5590336134453779,small,VICTIMS_HIGHER,22.25,0.4708994708994709,0.5021156558533145
sym_AJC_path3d_si,0.17647058823529413,-0.24369747899159663,0.5800420168067225,small,VICTIMS_HIGHER,0.3531911877365498,0.838734306002234,0.3422185093594305
LKneeAngles_ax1_phase_40_50_mean__median,0.2184873949579832,-0.20168067226890757,0.5966386554621849,small,VICTIMS_HIGHER,0.8676216006278974,0.05758254198794645,0.14108643996664164
RHipAngles_ax3_min__median,-0.17647058823529413,-0.5714285714285714,0.23529411764705882,small,VICTIMS_LOWER,3.848982810974121,-0.14610383475093663,-0.21128839630650992
LKneeAngles_ax2_peak_acc__median,0.15966386554621848,-0.22710084033613445,0.6050420168067226,small,VICTIMS_HIGHER,728.5125735908532,0.22263715831790493,0.42112929437764096
RHipAngles_ax1_phase_0_10_rom__median,0.17647058823529413,-0.23550420168067226,0.5798319327731093,small,VICTIMS_HIGHER,0.13667500019073486,0.056132720236176784,0.27036520820066273
RAnkleAngles_ax1_phase_60_70_max__median,0.19327731092436976,-0.20168067226890757,0.5716386554621846,small,VICTIMS_HIGHER,0.4782450199127197,0.06169687798704618,0.14610404331498097
coord_right_knee_ankle_ax1_lag_pct__median,0.21428571428571427,-0.16806722689075632,0.6012605042016803,small,VICTIMS_HIGHER,1.0,0.2,0.4
LKneeAngles_ax1_phase_20_30_rom__median,-0.21008403361344538,-0.6050420168067226,0.21029411764705863,small,VICTIMS_LOWER,0.28020691871643066,-0.04235409565369533,-0.16144041732338194
RAnkleAngles_ax1_mean__median,0.16806722689075632,-0.21008403361344538,0.5294117647058824,small,VICTIMS_HIGHER,1.2870450813950285,0.18193602078133256,0.33730223458897785
LKJC_ax3_excursion__median,0.17647058823529413,-0.24432773109243694,0.6050420168067226,small,VICTIMS_HIGHER,6.86395263671875,0.07982153206038411,0.4027608127542655
LKneeAngles_ax3_max__median,0.15126050420168066,-0.26071428571428573,0.5882352941176471,small,VICTIMS_HIGHER,2.4696671962738037,1.4910903031091254,0.2399350823732021
LKneeAngles_ax1_phase_30_40_rom__median,0.16806722689075632,-0.26071428571428573,0.5462184873949579,small,VICTIMS_HIGHER,6.86615514755249,0.6018814297799614,0.5427709160537579
RKneeAngles_ax1_phase_40_50_mean__median,0.16806722689075632,-0.25210084033613445,0.554831932773109,small,VICTIMS_HIGHER,1.3270419120788581,0.07668757373440589,0.2399842695669521
LASI_ax2_excursion__median,-0.2184873949579832,-0.5966386554621849,0.20189075630252082,small,VICTIMS_LOWER,0.43276214599609375,0.007615560215528289,0.02751790257918786
LKneeAngles_ax2_tpeak_vel_pct__median,-0.14705882352941177,-0.5756302521008403,0.29411764705882354,small,VICTIMS_LOWER,10.75,-0.1963470319634703,-0.42574257425742573
RKneeAngles_ax2_tpeak_vel_pct__median,0.14705882352941177,-0.29411764705882354,0.6050420168067226,small,VICTIMS_HIGHER,9.5,0.21839080459770116,0.3559718969555035
RHipAngles_ax2_max__median,0.15966386554621848,-0.24390756302521008,0.5380252100840334,small,VICTIMS_HIGHER,0.38112878799438477,0.04401579620166232,0.09511288016693081
RTOE_ax2_excursion__median,-0.16806722689075632,-0.5630252100840336,0.24369747899159663,small,VICTIMS_LOWER,4.380757808685303,-0.0678603327298121,-0.21943967555341243
RAnkleAngles_ax1_phase_80_90_rom__median,0.17647058823529413,-0.3111344537815126,0.6050420168067226,small,VICTIMS_HIGHER,0.06301391124725342,0.018836191283559157,0.04573798565497962
var_LHipAngles_ax1_rom_mad,-0.17647058823529413,-0.5968487394957983,0.23550420168067207,small,VICTIMS_LOWER,0.08663821220397949,-0.0630495890439005,-0.1427448215649221
sym_FootProgressAngles_ax1_max_si,-0.18487394957983194,-0.5966386554621849,0.24369747899159663,small,VICTIMS_LOWER,9.337908920986388,-2.731690932229546,-0.3326097755685828
sym_AbsAnkleAngle_ax1_max_absdiff,0.15126050420168066,-0.2523109243697479,0.5462184873949579,small,VICTIMS_HIGHER,0.8627700805664062,0.42989864583922377,0.32440618384496256
LAnkleAngles_ax1_phase_0_10_min__median,0.16806722689075632,-0.23529411764705882,0.554831932773109,small,VICTIMS_HIGHER,0.48091959953308105,0.14899325076616604,0.07869688114685167
LKneeAngles_ax1_phase_80_90_rom__median,-0.15126050420168066,-0.5798319327731093,0.26911764705882335,small,VICTIMS_LOWER,6.411951303482056,-0.33917675626999705,-0.3847056722464866
sym_PSI_ax1_excursion_absdiff,-0.15966386554621848,-0.5716386554621848,0.2773109243697479,small,VICTIMS_LOWER,4.451972961425781,-0.42722554410893676,-0.3865740111043414
LAnkleAngles_ax1_tmax_pct__median,-0.18487394957983194,-0.5505252100840337,0.22699579831932765,small,VICTIMS_LOWER,0.25,0.0049261083743842365,0.1111111111111111
LAnkleAngles_ax2_rom__median,-0.13445378151260504,-0.5716386554621848,0.3697478991596639,negligible,VICTIMS_LOWER,0.20450592041015625,-0.032505260655992664,-0.06364325055475965
RHipAngles_ax1_phase_90_100_rom__median,-0.13445378151260504,-0.5630252100840336,0.285924369747899,negligible,VICTIMS_LOWER,1.4340675473213196,-0.22250200594488237,-0.40603071609111724
RAnkleAngles_ax1_phase_20_30_rom__median,-0.13445378151260504,-0.5464285714285714,0.3027310924369746,negligible,VICTIMS_LOWER,1.0800127070397139,-0.14832808085056312,-0.23066283683464825
RAnkleAngles_ax3_tpeak_vel_pct__median,-0.15966386554621848,-0.5714285714285714,0.2523109243697477,small,VICTIMS_LOWER,6.75,-0.1330049261083744,-0.24
LHipAngles_ax1_rom__median,-0.14285714285714285,-0.5632352941176471,0.285924369747899,negligible,VICTIMS_LOWER,0.8259952068328857,-0.017633568065328422,-0.14635148284702937
LFootProgressAngles_ax3_min__median,0.14285714285714285,-0.2773109243697479,0.5630252100840336,negligible,VICTIMS_HIGHER,1.0135362148284912,0.07822086552769315,0.13393779714730397
LHipAngles_ax1_phase_80_90_rom__median,-0.14285714285714285,-0.5380252100840336,0.285924369747899,negligible,VICTIMS_LOWER,0.362003892660141,-0.039792100990638256,-0.21065728045404777
RHipAngles_ax1_phase_20_30_rom__median,-0.14285714285714285,-0.5630252100840336,0.2773109243697479,negligible,VICTIMS_LOWER,1.0892634391784668,-0.07462433124871391,-0.24450521438435743
sym_TOE_path3d_absdiff,0.18487394957983194,-0.24369747899159663,0.5716386554621846,small,VICTIMS_HIGHER,3.8269943967138715,0.39168229905479984,0.39099377567369115
LKneeAngles_ax3_rom__median,-0.11764705882352941,-0.5548319327731093,0.33613445378151263,negligible,VICTIMS_LOWER,1.9629981964826584,-0.09430510453338861,-0.2394676911152742
LAnkleAngles_ax3_tpeak_vel_pct__median,0.17647058823529413,-0.24789915966386555,0.5547268907563024,small,VICTIMS_HIGHER,2.0,-0.043478260869565216,-0.05536332179930796
LFootProgressAngles_ax2_tmin_pct__median,0.11764705882352941,-0.28991596638655465,0.5169117647058823,negligible,VICTIMS_HIGHER,1.5,0.030303030303030304,0.38095238095238093
var_RHipAngles_ax1_rom_sd,0.14285714285714285,-0.294327731092437,0.5632352941176468,negligible,VICTIMS_HIGHER,0.2672059142894452,0.14533141425462578,0.4001764971194544
RAnkleAngles_ax1_phase_30_40_rom__median,0.16806722689075632,-0.22710084033613445,0.5632352941176468,small,VICTIMS_HIGHER,0.2949663996696472,0.08074772357932115,0.12356536136360294
RAnkleAngles_ax1_max__median,0.15126050420168066,-0.2773109243697479,0.5462184873949579,small,VICTIMS_HIGHER,0.5080389976501465,0.02770492421818396,0.0887814631994425
RKneeAngles_ax2_peak_vel__median,0.13445378151260504,-0.2857142857142857,0.5380252100840334,negligible,VICTIMS_HIGHER,9.097691940446168,0.07049833223872774,0.1513607881776885
LAJC_ax3_excursion__median,0.11764705882352941,-0.30273109243697477,0.5462184873949579,negligible,VICTIMS_HIGHER,6.95857048034668,0.04552199202603537,0.3581521999226913
RKneeAngles_ax1_phase_90_100_rom__median,0.13445378151260504,-0.2857142857142857,0.5462184873949579,negligible,VICTIMS_HIGHER,13.520715117454529,1.5372406649647323,0.654238477144816
sym_KneeAngles_ax1_tmax_pct_si,-0.22268907563025211,-0.621953781512605,0.16806722689075632,small,VICTIMS_LOWER,0.0,,0.0
var_RKneeAngles_ax1_rom_mad,0.17647058823529413,-0.25210084033613445,0.5714285714285714,small,VICTIMS_HIGHER,0.199792742729187,0.20132970247468668,0.2923239589298114
RAnkleAngles_ax2_rom__median,-0.1092436974789916,-0.5630252100840336,0.35294117647058826,negligible,VICTIMS_LOWER,0.8409916162490845,-0.1221148327389623,-0.3735304225144723
RFootProgressAngles_ax3_tmin_pct__median,0.1092436974789916,-0.3067226890756303,0.5463235294117645,negligible,VICTIMS_HIGHER,10.25,0.2192513368983957,0.3014705882352941
LKneeAngles_ax1_phase_60_70_rom__median,-0.14285714285714285,-0.5296218487394958,0.2523109243697477,negligible,VICTIMS_LOWER,4.3011568784713745,-0.24571650704219827,-0.24263212602674786
LAnkleAngles_ax1_phase_70_80_min__median,0.14285714285714285,-0.294327731092437,0.5378151260504201,negligible,VICTIMS_HIGHER,2.221750572323799,1.0416962485155046,0.17289772044048252
LAnkleAngles_ax1_phase_60_70_rom__median,-0.14285714285714285,-0.5464285714285714,0.26071428571428557,negligible,VICTIMS_LOWER,1.2618460385128856,-0.11695706757771002,-0.2243811563995543
var_LAnkleAngles_ax1_rom_mad,-0.16806722689075632,-0.5798319327731093,0.26071428571428557,small,VICTIMS_LOWER,0.4718877077102661,-0.2990358888604007,-0.6784985544234813
RKneeAngles_ax1_peak_acc__median,0.12605042016806722,-0.31932773109243695,0.5464285714285712,negligible,VICTIMS_HIGHER,346.7948967726288,0.05406269307496899,0.1729871932613463
LKneeAngles_ax1_acc_rms__median,0.12605042016806722,-0.3025210084033613,0.5210084033613446,negligible,VICTIMS_HIGHER,82.7185663748387,0.03482425734042031,0.18604100400242124
LFootProgressAngles_ax1_min__median,0.12605042016806722,-0.3025210084033613,0.5044117647058821,negligible,VICTIMS_HIGHER,1.569183349609375,0.01321000586202199,0.34918687221634964
RAnkleAngles_ax1_phase_10_20_rom__median,-0.12605042016806722,-0.5294117647058824,0.29411764705882354,negligible,VICTIMS_LOWER,1.7716269493103027,-0.15063057229320478,-0.31035308390626876
LFootProgressAngles_ax3_tmin_pct__median,-0.1134453781512605,-0.5211134453781513,0.29842436974789904,negligible,VICTIMS_LOWER,18.0,-0.2857142857142857,-0.5294117647058824
LAnkleAngles_ax1_phase_10_20_min__median,0.15126050420168066,-0.2689075630252101,0.5630252100840336,small,VICTIMS_HIGHER,2.752296566963196,0.5092829130109191,0.27985003577634404
RKJC_ax2_excursion__median,-0.14285714285714285,-0.5546218487394958,0.2605042016806723,negligible,VICTIMS_LOWER,0.1788158416748047,-0.003328191111037744,-0.014185369403884178
LHipAngles_ax2_peak_vel__median,0.10084033613445378,-0.3445378151260504,0.5378151260504201,negligible,VICTIMS_HIGHER,4.963458583405313,0.05772184722628309,0.2417720415819138
var_cycle_duration_s_cv,-0.13445378151260504,-0.5294117647058824,0.29453781512605004,negligible,VICTIMS_LOWER,0.006278272283119848,-0.1810607640453536,-0.45800979399950814
LHipAngles_ax2_min__median,0.13445378151260504,-0.3025210084033613,0.5546218487394958,negligible,VICTIMS_HIGHER,1.326038122177124,0.1563049805407317,0.3938226469829232
LHipAngles_ax2_std__median,-0.13445378151260504,-0.5294117647058824,0.31113445378151244,negligible,VICTIMS_LOWER,0.08412932184354549,-0.017881145656392712,-0.10122016989412592
RHipAngles_ax2_peak_vel__median,0.13445378151260504,-0.30273109243697477,0.5378151260504201,negligible,VICTIMS_HIGHER,1.5933620080309936,0.018255008883000863,0.13204467008265466
LFootProgressAngles_ax3_acc_rms__median,0.13445378151260504,-0.2857142857142857,0.5294117647058824,negligible,VICTIMS_HIGHER,109.10460390983076,0.11814723234028207,0.48477088765646237
LHipAngles_ax3_rom__median,0.1092436974789916,-0.30273109243697477,0.5380252100840334,negligible,VICTIMS_HIGHER,2.314604938030243,0.127683249408895,0.2008295408171881
RAnkleAngles_ax1_phase_20_30_min__median,0.1092436974789916,-0.3365546218487395,0.5294117647058824,negligible,VICTIMS_HIGHER,3.730285108089447,1.0079062693117968,0.3644726066983475
LFootProgressAngles_ax2_tpeak_vel_pct__median,-0.10504201680672269,-0.5421218487394958,0.35294117647058826,negligible,VICTIMS_LOWER,27.5,-0.5670103092783505,-0.6758832565284179
LASI_path3d__median,-0.13445378151260504,-0.5378151260504201,0.2773109243697479,negligible,VICTIMS_LOWER,13.80945924905609,-0.009752503227434806,-0.13274242596987693
RHipAngles_ax3_tmin_pct__median,0.1638655462184874,-0.24800420168067228,0.5462184873949579,small,VICTIMS_HIGHER,0.0,0.0,0.0
LAbsAnkleAngle_ax1_mean__median,0.14285714285714285,-0.2773109243697479,0.5378151260504201,negligible,VICTIMS_HIGHER,0.12827377718421484,-0.021452873878189737,-0.029036394906015013
var_RKneeAngles_ax1_tmax_pct_cv,-0.12605042016806722,-0.5548319327731093,0.2857142857142857,negligible,VICTIMS_LOWER,0.009947048479271414,-0.019636053617920764,-0.3405141609386002
var_CentreOfMass_path3d_sd,0.12605042016806722,-0.30273109243697477,0.5546218487394958,negligible,VICTIMS_HIGHER,7.719402299135517,0.15711730389716957,0.43672806070061193
RHipAngles_ax1_phase_80_90_rom__median,0.12605042016806722,-0.29411764705882354,0.5126050420168067,negligible,VICTIMS_HIGHER,0.2634073495864868,0.030317394972409456,0.14676666888625675
LHipAngles_ax2_vel_rms__median,0.10084033613445378,-0.31932773109243695,0.5128151260504199,negligible,VICTIMS_HIGHER,5.519688753345079,0.14170368241287665,0.555662236909971
RKneeAngles_ax1_std__median,0.10084033613445378,-0.31092436974789917,0.5378151260504201,negligible,VICTIMS_HIGHER,0.4367018995880123,0.021862604009067442,0.23706549570784
sym_HipAngles_ax1_max_absdiff,-0.14285714285714285,-0.5546218487394958,0.24369747899159663,negligible,VICTIMS_LOWER,0.31531429290771484,-0.11893239942143698,-0.09459729090435122
RKneeAngles_ax1_phase_10_20_min__median,-0.1092436974789916,-0.5464285714285714,0.3025210084033613,negligible,VICTIMS_LOWER,2.328091621398926,-0.08286468134986028,-0.2754647410539909
LAnkleAngles_ax1_max__median,0.11764705882352941,-0.30273109243697477,0.5128151260504199,negligible,VICTIMS_HIGHER,0.32882118225097656,0.01899871188916329,0.039761492624896054
LFootProgressAngles_ax1_tmin_pct__median,0.1722689075630252,-0.20168067226890757,0.5546218487394958,small,VICTIMS_HIGHER,0.0,0.0,0.0
RHipAngles_ax1_phase_30_40_rom__median,-0.12605042016806722,-0.5294117647058824,0.3025210084033613,negligible,VICTIMS_LOWER,0.025508403778076172,-0.003006693131036852,-0.018901657189853226
RHipAngles_ax1_vel_rms__median,0.10084033613445378,-0.32794117647058824,0.4957983193277311,negligible,VICTIMS_HIGHER,2.308625837575647,0.021799277720080938,0.14520292231655726
RAnkleAngles_ax1_peak_vel__median,0.10084033613445378,-0.37815126050420167,0.5294117647058824,negligible,VICTIMS_HIGHER,10.026852510417484,0.030043970781124404,0.1251946585566278
RFootProgressAngles_ax1_median__median,-0.10084033613445378,-0.5462184873949579,0.31092436974789917,negligible,VICTIMS_LOWER,0.49129486083984375,-0.005828169858727407,-0.18469385029637742
RFootProgressAngles_ax1_acc_rms__median,0.10084033613445378,-0.32794117647058824,0.5128151260504199,negligible,VICTIMS_HIGHER,208.11666273517085,0.06498505376884467,0.3399144521187262
RAnkleAngles_ax1_median__median,0.1092436974789916,-0.27752100840336136,0.4960084033613444,negligible,VICTIMS_HIGHER,0.9410562515258789,0.10957625260984676,0.26153703055665417
LAnkleAngles_ax1_phase_10_20_max__median,0.1092436974789916,-0.31092436974789917,0.5128151260504199,negligible,VICTIMS_HIGHER,1.356583595275879,0.24353954574345826,0.2341281990706334
LAnkleAngles_ax1_phase_10_20_rom__median,-0.1092436974789916,-0.4957983193277311,0.3025210084033613,negligible,VICTIMS_LOWER,0.8172454014420509,-0.07651286009072207,-0.13193053182535167
var_RAnkleAngles_ax1_rom_sd,-0.11764705882352941,-0.5126050420168067,0.3277310924369748,negligible,VICTIMS_LOWER,0.3477800753446918,-0.15155472163878397,-0.3140928552351284
RAnkleAngles_ax2_tmin_pct__median,0.09663865546218488,-0.3320378151260504,0.47478991596638653,negligible,VICTIMS_HIGHER,0.5,0.009900990099009901,0.14545454545454545
sym_AnkleAngles_ax1_rom_absdiff,-0.12605042016806722,-0.5546218487394958,0.2857142857142857,negligible,VICTIMS_LOWER,0.33015918731689453,-0.12378163686007387,-0.08113946447504035
sym_AbsAnkleAngle_ax1_rom_absdiff,-0.1092436974789916,-0.5294117647058824,0.29411764705882354,negligible,VICTIMS_LOWER,1.0243959426879883,-0.3271547483804552,-0.3547609572530323
RFootProgressAngles_ax3_median__median,-0.09243697478991597,-0.49600840336134455,0.3277310924369748,negligible,VICTIMS_LOWER,0.7314190864562988,-0.20173785023233634,-0.09136031159732885
LKneeAngles_ax1_phase_0_10_rom__median,-0.09243697478991597,-0.5380252100840336,0.29411764705882354,negligible,VICTIMS_LOWER,0.9478453397750854,-0.07825042504261448,-0.2920226087982571
RAnkleAngles_ax1_phase_60_70_rom__median,0.09243697478991597,-0.3025210084033613,0.48739495798319327,negligible,VICTIMS_HIGHER,1.832102507352829,0.20857695253469571,0.33578352210574847
RHipAngles_ax2_mean__median,0.10084033613445378,-0.3445378151260504,0.4957983193277311,negligible,VICTIMS_HIGHER,0.10385314223015385,0.07411163505372205,0.03452590496700729
RHipAngles_ax2_tpeak_vel_pct__median,0.10084033613445378,-0.3236344537815126,0.5252100840336135,negligible,VICTIMS_HIGHER,11.75,0.2655367231638418,0.2946708463949843
LAnkleAngles_ax1_phase_60_70_min__median,0.10084033613445378,-0.3195378151260504,0.5296218487394956,negligible,VICTIMS_HIGHER,4.404483795166016,0.531805590208032,0.3582474573056366
sym_AbsAnkleAngle_ax1_tmax_pct_absdiff,0.1134453781512605,-0.3277310924369748,0.4957983193277311,negligible,VICTIMS_HIGHER,1.0,1.0,0.64
RHEE_ax2_excursion__median,-0.10084033613445378,-0.5462184873949579,0.31932773109243695,negligible,VICTIMS_LOWER,0.8756065368652344,-0.015384013213086897,-0.06615285218338492
CentreOfMass_ax2_excursion__median,-0.10084033613445378,-0.5126050420168067,0.31953781512605023,negligible,VICTIMS_LOWER,1.827138900756836,-0.040313530369109306,-0.14018645977044294
LHipAngles_ax2_max__median,0.08403361344537816,-0.3195378151260504,0.5042016806722689,negligible,VICTIMS_HIGHER,2.082249402999878,0.303733972658546,0.3994821535178362
LFootProgressAngles_ax3_tpeak_vel_pct__median,0.10504201680672269,-0.3277310924369748,0.4960084033613444,negligible,VICTIMS_HIGHER,0.0,0.0,0.0
RFootProgressAngles_ax2_median__median,0.09243697478991597,-0.3111344537815126,0.5210084033613446,negligible,VICTIMS_HIGHER,0.2654086649417877,0.240487398659567,0.14588968723173007
LHipAngles_ax2_tmin_pct__median,-0.08823529411764706,-0.4790966386554622,0.34044117647058814,negligible,VICTIMS_LOWER,15.0,-0.375,-0.3333333333333333
LHipAngles_ax1_phase_30_40_rom__median,-0.08403361344537816,-0.4792016806722689,0.3445378151260504,negligible,VICTIMS_LOWER,0.2652137279510498,-0.02799721434025822,-0.16692009837356792
LAnkleAngles_ax1_peak_acc__median,0.07563025210084033,-0.33613445378151263,0.4789915966386555,negligible,VICTIMS_HIGHER,739.3952747953172,0.08350643214938258,0.23083534574450634
LAnkleAngles_ax1_phase_80_90_rom__median,-0.09243697478991597,-0.5210084033613446,0.33613445378151263,negligible,VICTIMS_LOWER,0.44053006172180176,-0.12690157447299794,-0.2538602361940703
RAbsAnkleAngle_ax1_tmax_pct__median,0.09243697478991597,-0.3235294117647059,0.48760504201680654,negligible,VICTIMS_HIGHER,0.25,-0.004975124378109453,-0.06451612903225806
LHipAngles_ax1_phase_90_100_rom__median,-0.10084033613445378,-0.5126050420168067,0.35294117647058826,negligible,VICTIMS_LOWER,0.37622570991516113,0.08058415668411034,0.09341787604594168
coord_left_knee_ankle_ax1_corr__median,0.10084033613445378,-0.31092436974789917,0.5380252100840334,negligible,VICTIMS_HIGHER,0.00791760501570804,0.01167681074060239,0.06524262602197305
LKneeAngles_ax3_tmin_pct__median,-0.07983193277310924,-0.48739495798319327,0.31943277310924356,negligible,VICTIMS_LOWER,6.5,-0.11926605504587157,-0.65
LFootProgressAngles_ax1_median__median,0.06722689075630252,-0.3531512605042017,0.46218487394957986,negligible,VICTIMS_HIGHER,0.11461257934570312,0.00134306400977359,0.037553398288817444
sym_AJC_path3d_absdiff,-0.09243697478991597,-0.4792016806722689,0.33613445378151263,negligible,VICTIMS_LOWER,1.5024592824163392,-0.1442400162511913,-0.1103576992775234
var_RKneeAngles_ax1_tmax_pct_sd,-0.08403361344537816,-0.49600840336134455,0.35315126050420154,negligible,VICTIMS_LOWER,0.04844392823557797,-0.0018991524414748253,-0.1442170269716545
RAnkleAngles_ax1_rom__median,-0.07563025210084033,-0.49600840336134455,0.3447478991596637,negligible,VICTIMS_LOWER,0.38102149963378906,-0.011751942792955553,-0.04820859614484775
RFootProgressAngles_ax1_min__median,0.06722689075630252,-0.3363445378151261,0.48739495798319327,negligible,VICTIMS_HIGHER,1.808502197265625,0.015211688956371188,0.35798307937801793
RHipAngles_ax2_rom__median,0.06722689075630252,-0.3195378151260504,0.48760504201680654,negligible,VICTIMS_HIGHER,0.6956009864807129,0.04370545602374818,0.25931752566252914
sym_ASI_path3d_si,0.08403361344537816,-0.29411764705882354,0.5212184873949578,negligible,VICTIMS_HIGHER,0.0988528263564277,1.8193646101369125,0.0854853325073543
sym_KJC_ax1_excursion_absdiff,-0.07563025210084033,-0.4792016806722689,0.33613445378151263,negligible,VICTIMS_LOWER,4.98797607421875,-0.40391768971714564,-0.41226156628153215
sym_TOE_path3d_si,0.07563025210084033,-0.3363445378151261,0.5042016806722689,negligible,VICTIMS_HIGHER,0.19543739812080518,4.072439621819819,0.13474104981892582
LFootProgressAngles_ax1_mean__median,-0.07563025210084033,-0.47058823529411764,0.3445378151260504,negligible,VICTIMS_LOWER,0.021811206742086142,0.0002903811610414366,0.00879819614681001
RFootProgressAngles_ax2_mean__median,0.07563025210084033,-0.34474789915966386,0.5042016806722689,negligible,VICTIMS_HIGHER,0.10100011369858941,-0.061795763683679894,-0.051085084302005083
LHipAngles_ax1_phase_0_10_rom__median,0.06722689075630252,-0.3195378151260504,0.5126050420168067,negligible,VICTIMS_HIGHER,0.0925537496805191,0.03803770429135936,0.10361326084777679
LHipAngles_ax1_phase_40_50_rom__median,-0.06722689075630252,-0.4957983193277311,0.37815126050420167,negligible,VICTIMS_LOWER,0.8186409175395966,-0.14495083550139307,-0.25462972236956155
sym_AbsAnkleAngle_ax1_tmax_pct_si,-0.08823529411764706,-0.47478991596638653,0.31932773109243695,negligible,VICTIMS_LOWER,0.0,,0.0
sym_KneeAngles_ax1_rom_si,-0.07563025210084033,-0.496218487394958,0.37836134453781495,negligible,VICTIMS_LOWER,0.4697872121622414,-9.75595983488052,-0.10955918245305078
sym_KneeAngles_ax1_rom_absdiff,-0.06722689075630252,-0.48739495798319327,0.3277310924369748,negligible,VICTIMS_LOWER,0.213954396545887,-0.11217977992616375,-0.12431398563501876
var_LKneeAngles_ax1_tmax_pct_sd,0.07563025210084033,-0.3445378151260504,0.5044117647058821,negligible,VICTIMS_HIGHER,0.060328828810863655,0.002396950850824041,0.1644853541028274
var_CentreOfMass_path3d_mad,0.07563025210084033,-0.33613445378151263,0.47920168067226876,negligible,VICTIMS_HIGHER,2.640339608512363,0.07930209886364803,0.18934642275464555
LHipAngles_ax1_tmin_pct__median,-0.06722689075630252,-0.46649159663865547,0.3445378151260504,negligible,VICTIMS_LOWER,0.5,-0.009259259259259259,-0.01444043321299639
LAnkleAngles_ax1_phase_50_60_max__median,-0.07563025210084033,-0.46218487394957986,0.3363445378151259,negligible,VICTIMS_LOWER,0.1083669662475586,0.0077146473270133025,0.01459243764137082
LAnkleAngles_ax1_peak_vel__median,-0.06722689075630252,-0.4957983193277311,0.35294117647058826,negligible,VICTIMS_LOWER,8.241886260070828,0.02218079451058246,0.08239205416360049
LFootProgressAngles_ax3_rom__median,-0.06722689075630252,-0.48739495798319327,0.37857142857142817,negligible,VICTIMS_LOWER,0.05310751497745514,0.0038851394246852823,0.00944193001332655
RAnkleAngles_ax1_phase_70_80_min__median,0.08403361344537816,-0.33613445378151263,0.5212184873949578,negligible,VICTIMS_HIGHER,2.0325933694839478,-12.660997768627873,-0.15109633438551062
RKneeAngles_ax1_median__median,-0.05042016806722689,-0.5042016806722689,0.35315126050420154,negligible,VICTIMS_LOWER,1.333451747894287,-0.05199019402953969,-0.20249363349476446
RHipAngles_ax1_rom__median,0.06722689075630252,-0.35294117647058826,0.453781512605042,negligible,VICTIMS_HIGHER,0.31617021560668945,-0.006842337753378725,-0.05201810315612272
RFootProgressAngles_ax1_mean__median,-0.058823529411764705,-0.4789915966386555,0.33613445378151263,negligible,VICTIMS_LOWER,0.018518362895093787,-0.00024704103029194515,-0.005410343104445191
RAnkleAngles_ax1_phase_40_50_rom__median,0.06722689075630252,-0.3363445378151261,0.46260504201680636,negligible,VICTIMS_HIGHER,0.4280601739883423,0.15663959055924742,0.25188853937972244
RKneeAngles_ax1_max__median,0.06722689075630252,-0.4035714285714286,0.4957983193277311,negligible,VICTIMS_HIGHER,0.297332763671875,-0.004063934706755285,-0.05215678116697486
RKneeAngles_ax1_tmin_pct__median,0.06722689075630252,-0.3236344537815126,0.46638655462184875,negligible,VICTIMS_HIGHER,0.0,0.0,0.0
RFootProgressAngles_ax3_rom__median,-0.058823529411764705,-0.4623949579831933,0.3277310924369748,negligible,VICTIMS_LOWER,0.3617369830608368,-0.024877381855771003,-0.06133445661030112
var_cycle_duration_s_mad,-0.10504201680672269,-0.5045168067226891,0.31512605042016806,negligible,VICTIMS_LOWER,0.0,0.0,0.0
RAnkleAngles_ax1_phase_10_20_max__median,0.058823529411764705,-0.31932773109243695,0.46239495798319313,negligible,VICTIMS_HIGHER,1.082674503326416,0.1438813119681087,0.25570943901410775
LHipAngles_ax1_peak_vel__median,-0.05042016806722689,-0.453781512605042,0.42016806722689076,negligible,VICTIMS_LOWER,5.178850348094329,-0.02274940854171369,-0.1814838555054265
sym_KneeAngles_ax1_tmax_pct_absdiff,-0.07563025210084033,-0.44548319327731095,0.3319327731092437,negligible,VICTIMS_LOWER,0.0,0.0,0.0
RHipAngles_ax1_peak_vel__median,0.058823529411764705,-0.3531512605042017,0.5042016806722689,negligible,VICTIMS_HIGHER,0.6435477113846844,0.002985769458004364,0.02389808211125785
LFootProgressAngles_ax3_peak_vel__median,0.05042016806722689,-0.3445378151260504,0.46239495798319313,negligible,VICTIMS_HIGHER,2.8016307685193453,0.023049686297009202,0.08165932580399576
LHipAngles_ax3_tmin_pct__median,-0.1092436974789916,-0.49159663865546216,0.2857142857142857,negligible,VICTIMS_LOWER,0.0,0.0,0.0
LFootProgressAngles_ax3_mean__median,0.05042016806722689,-0.38676470588235295,0.48760504201680654,negligible,VICTIMS_HIGHER,0.057649751936113436,0.014511552288014106,0.00790812365248145
sym_AbsAnkleAngle_ax1_max_si,0.058823529411764705,-0.3449579831932773,0.46239495798319313,negligible,VICTIMS_HIGHER,7.351681468751566,0.9491728593083977,0.2849631813585789
var_LKneeAngles_ax1_tmax_pct_cv,0.06722689075630252,-0.37815126050420167,0.4957983193277311,negligible,VICTIMS_HIGHER,0.0015864747707144966,-0.0032312640115228445,-0.05103896113623918
RAnkleAngles_ax1_phase_70_80_rom__median,0.058823529411764705,-0.3949579831932773,0.5042016806722689,negligible,VICTIMS_HIGHER,0.3166402578353882,0.05163378027566892,0.09257543008992239
RAnkleAngles_ax3_rom__median,0.05042016806722689,-0.36134453781512604,0.4287815126050418,negligible,VICTIMS_HIGHER,0.30725836753845215,0.010044236932055993,0.04796368184956195
RFootProgressAngles_ax2_tmax_pct__median,-0.0546218487394958,-0.42867647058823527,0.3487394957983193,negligible,VICTIMS_LOWER,3.5,0.06542056074766354,0.13526570048309178
LHipAngles_ax1_tmax_pct__median,-0.04201680672268908,-0.4622899159663866,0.4117647058823529,negligible,VICTIMS_LOWER,1.0,-0.023809523809523808,-0.18604651162790697
RHipAngles_ax3_tpeak_vel_pct__median,0.046218487394957986,-0.3698529411764706,0.44138655462184856,negligible,VICTIMS_HIGHER,1.0,0.021739130434782608,0.07476635514018691
opposite_foot_off_pct__median,0.046218487394957986,-0.3277310924369748,0.46638655462184875,negligible,VICTIMS_HIGHER,0.08971809062608038,0.005896142644029231,0.08231510346310326
sym_AbsAnkleAngle_ax1_rom_si,-0.058823529411764705,-0.46218487394957986,0.3865546218487395,negligible,VICTIMS_LOWER,0.8337818315463155,0.645314419533156,0.04096740444108058
RFootProgressAngles_ax3_tpeak_vel_pct__median,-0.05042016806722689,-0.45388655462184874,0.3740546218487394,negligible,VICTIMS_LOWER,0.25,0.0053475935828877,0.013245033112582781
RHipAngles_ax1_tmin_pct__median,0.03361344537815126,-0.36995798319327733,0.42468487394957954,negligible,VICTIMS_HIGHER,1.0,0.018867924528301886,0.022598870056497175
LFootProgressAngles_ax3_tmax_pct__median,0.04201680672268908,-0.36144957983193277,0.453781512605042,negligible,VICTIMS_HIGHER,5.25,0.12,0.13003095975232198
RAnkleAngles_ax1_phase_0_10_rom__median,0.04201680672268908,-0.39516806722689074,0.4539915966386553,negligible,VICTIMS_HIGHER,0.024219274520874023,0.002609051631576113,0.00869205472660397
var_stance_pct_mad,0.04201680672268908,-0.35294117647058826,0.4369747899159664,negligible,VICTIMS_HIGHER,0.019531746043242038,0.0324544983025446,0.10417942592015973
RKneeAngles_ax3_max__median,-0.05042016806722689,-0.4455882352941177,0.40336134453781514,negligible,VICTIMS_LOWER,3.118870183825493,1.505962520179294,0.17285556486847972
sym_KJC_path3d_absdiff,0.04201680672268908,-0.3949579831932773,0.44537815126050423,negligible,VICTIMS_HIGHER,3.42105379186728,0.42688090138037216,0.2688084075108528
RHipAngles_ax1_tmax_pct__median,-0.03361344537815126,-0.45819327731092435,0.40756302521008403,negligible,VICTIMS_LOWER,0.75,-0.017142857142857144,-0.12
LAnkleAngles_ax1_phase_60_70_max__median,0.05042016806722689,-0.3531512605042017,0.42016806722689076,negligible,VICTIMS_HIGHER,0.577528715133667,-0.08097751171990986,-0.0851281245694975
sym_KJC_ax1_excursion_si,0.04201680672268908,-0.40336134453781514,0.48739495798319327,negligible,VICTIMS_HIGHER,0.03766218348876683,1.617124873506554,0.034102417008803516
var_LKneeAngles_ax1_rom_sd,0.05042016806722689,-0.34474789915966386,0.4789915966386555,negligible,VICTIMS_HIGHER,0.029940789100789678,-0.017398155405203817,-0.04100067336332928
LAnkleAngles_ax1_phase_50_60_min__median,0.04201680672268908,-0.3869747899159664,0.43718487394957967,negligible,VICTIMS_HIGHER,0.7598742246627808,-0.20656717278854422,-0.11474390806517815
RHipAngles_ax2_min__median,-0.03361344537815126,-0.47058823529411764,0.36134453781512604,negligible,VICTIMS_LOWER,0.5068192481994629,-0.07193803354223158,-0.12762871715781604
LTOE_ax3_excursion__median,-0.04201680672268908,-0.42857142857142855,0.37836134453781495,negligible,VICTIMS_LOWER,0.4768238067626953,0.004397820301825229,0.039370078430148184
LKneeAngles_ax1_peak_acc__median,0.03361344537815126,-0.3949579831932773,0.42857142857142855,negligible,VICTIMS_HIGHER,744.9851254707346,0.12899519524004566,0.4600912085138086
var_RAnkleAngles_ax1_rom_mad,-0.03361344537815126,-0.428781512605042,0.37815126050420167,negligible,VICTIMS_LOWER,0.09662103652954102,-0.07177731105981071,-0.10196392095807208
LKneeAngles_ax2_rom__median,-0.03361344537815126,-0.453781512605042,0.4119747899159662,negligible,VICTIMS_LOWER,1.0970494151115417,0.0743401930644917,0.12462981633826756
LHipAngles_ax2_rom__median,0.025210084033613446,-0.3615546218487395,0.46218487394957986,negligible,VICTIMS_HIGHER,0.8192003965377808,0.052325669890421485,0.20128711609159028
LKneeAngles_ax1_peak_vel__median,-0.025210084033613446,-0.4623949579831933,0.37836134453781495,negligible,VICTIMS_LOWER,6.167128516455136,-0.01452952255279211,-0.1040528213181007
LAnkleAngles_ax2_tmax_pct__median,0.037815126050420166,-0.3740546218487395,0.4327731092436975,negligible,VICTIMS_HIGHER,4.25,-0.07623318385650224,-0.1259259259259259
LHipAngles_ax1_phase_10_20_rom__median,0.03361344537815126,-0.37815126050420167,0.4455882352941175,negligible,VICTIMS_HIGHER,0.10077151656150818,0.009563716788701295,0.03612059943664538
sym_FootProgressAngles_ax1_tmax_pct_si,-0.046218487394957986,-0.46638655462184875,0.36134453781512604,negligible,VICTIMS_LOWER,0.7274266291050007,1.0,0.4240067108975825
RHipAngles_ax3_peak_acc__median,0.025210084033613446,-0.3949579831932773,0.44537815126050423,negligible,VICTIMS_HIGHER,1585.5390384383081,0.2466428642208081,0.30176649136788053
RKneeAngles_ax1_rom__median,-0.025210084033613446,-0.4117647058823529,0.4117647058823529,negligible,VICTIMS_LOWER,0.28239011764526367,-0.004436098684410952,-0.05779801508324559
LKneeAngles_ax1_tmin_pct__median,0.037815126050420166,-0.3782563025210084,0.453781512605042,negligible,VICTIMS_HIGHER,0.5,-0.009900990099009901,-0.36363636363636365
LHipAngles_ax3_mean__median,-0.025210084033613446,-0.43718487394957983,0.4035714285714284,negligible,VICTIMS_LOWER,0.1043818745725229,-0.018024559149177426,-0.004907385567923625
LKneeAngles_ax1_std__median,0.03361344537815126,-0.4035714285714286,0.5296218487394956,negligible,VICTIMS_HIGHER,0.09183891220812868,-0.004556844945203838,-0.06594024224577243
RAnkleAngles_ax1_phase_80_90_min__median,0.03361344537815126,-0.3949579831932773,0.4369747899159664,negligible,VICTIMS_HIGHER,0.8866994380950928,-0.1098113609552296,-0.17263232256872557
RAnkleAngles_ax1_phase_50_60_rom__median,-0.025210084033613446,-0.4792016806722689,0.3949579831932773,negligible,VICTIMS_LOWER,0.6995537877082825,-0.07735641382225866,-0.20126381667474091
coord_right_knee_ankle_ax1_corr__median,-0.025210084033613446,-0.4369747899159664,0.3697478991596639,negligible,VICTIMS_LOWER,0.015482336403711439,-0.021803034215601688,-0.11892419739662882
RFootProgressAngles_ax2_tpeak_vel_pct__median,-0.029411764705882353,-0.42867647058823527,0.37815126050420167,negligible,VICTIMS_LOWER,11.5,0.27710843373493976,0.27794561933534745
LFootProgressAngles_ax2_peak_acc__median,-0.025210084033613446,-0.44537815126050423,0.4119747899159662,negligible,VICTIMS_LOWER,411.22140076604774,0.09094458301308725,0.1936802068428363
sym_AnkleAngles_ax1_tmax_pct_absdiff,-0.037815126050420166,-0.47478991596638653,0.33623949579831924,negligible,VICTIMS_LOWER,1.0,1.0,0.5925925925925926
sym_FootProgressAngles_ax1_rom_absdiff,-0.025210084033613446,-0.4623949579831933,0.4117647058823529,negligible,VICTIMS_LOWER,0.5403704643249512,0.32188793901950263,0.18389677436734006
RFootProgressAngles_ax2_tmin_pct__median,0.02100840336134454,-0.40766806722689075,0.4202731092436974,negligible,VICTIMS_HIGHER,2.0,-0.038461538461538464,-0.19393939393939394
var_LKneeAngles_ax1_tmax_pct_mad,0.025210084033613446,-0.3908613445378151,0.4412815126050419,negligible,VICTIMS_HIGHER,0.5,-0.2,-0.2857142857142857
sym_AnkleAngles_ax1_max_si,-0.025210084033613446,-0.44537815126050423,0.42857142857142855,negligible,VICTIMS_LOWER,1.9840045230838363,0.4820796873472369,0.0660190709931397
LKneeAngles_ax1_rom__median,-0.01680672268907563,-0.43718487394957983,0.4287815126050418,negligible,VICTIMS_LOWER,0.5931120365858078,-0.009314659888724796,-0.1341625030945262
RFootProgressAngles_ax2_rom__median,0.01680672268907563,-0.4369747899159664,0.47058823529411764,negligible,VICTIMS_HIGHER,2.398893356323242,0.18010829602172795,0.3173025264213985
RAnkleAngles_ax1_phase_10_20_mean__median,-0.01680672268907563,-0.42058823529411765,0.3697478991596639,negligible,VICTIMS_LOWER,0.2723244774155318,-0.45692634600090104,-0.0404261837560011
RHEE_ax3_excursion__median,-0.01680672268907563,-0.38676470588235295,0.3949579831932773,negligible,VICTIMS_LOWER,4.657682418823242,0.01980082131705767,0.22598224046628299
RKneeAngles_ax3_std__median,-0.01680672268907563,-0.4203781512605042,0.3865546218487395,negligible,VICTIMS_LOWER,0.20307856872082297,0.04697051010211736,0.09769906036911048
RFootProgressAngles_ax1_tmin_pct__median,-0.01680672268907563,-0.3908613445378151,0.3406512605042014,negligible,VICTIMS_LOWER,0.0,0.0,0.0
LAnkleAngles_ax1_phase_30_40_rom__median,0.01680672268907563,-0.41197478991596637,0.4287815126050418,negligible,VICTIMS_HIGHER,0.3028593361377716,0.1004238787733528,0.18107384579103933
RAnkleAngles_ax1_phase_90_100_max__median,0.01680672268907563,-0.39516806722689074,0.4369747899159664,negligible,VICTIMS_HIGHER,1.7943646907806396,-0.12252900965019753,-0.19922412269420206
var_stance_pct_sd,-0.01680672268907563,-0.4369747899159664,0.42058823529411726,negligible,VICTIMS_LOWER,0.016961493171062436,0.02072903802842461,0.09537807443121818
coord_left_hip_knee_ax1_corr__median,0.01680672268907563,-0.40336134453781514,0.4789915966386555,negligible,VICTIMS_HIGHER,0.03882683047393007,-0.20697395178936212,-0.37883226879859644
mid_stance_pct__median,0.012605042016806723,-0.36134453781512604,0.4328781512605041,negligible,VICTIMS_HIGHER,0.08968368080517664,-0.0028144546782553925,-0.13544445871956773
LHipAngles_ax1_vel_rms__median,-0.008403361344537815,-0.43718487394957983,0.42899159663865505,negligible,VICTIMS_LOWER,0.6361270648230715,-0.005888892590357615,-0.05152931448019757
RKneeAngles_ax3_rom__median,-0.008403361344537815,-0.428781512605042,0.40336134453781514,negligible,VICTIMS_LOWER,0.44305896759033203,-0.023973541127657053,-0.07024849113530891
RHipAngles_ax1_phase_70_80_rom__median,0.008403361344537815,-0.42857142857142855,0.42016806722689076,negligible,VICTIMS_HIGHER,0.016053199768066406,0.0011531103529964463,0.005560587711804778
RAJC_ax3_excursion__median,0.008403361344537815,-0.3949579831932773,0.47058823529411764,negligible,VICTIMS_HIGHER,0.2535820007324219,0.0015929309188454474,0.011114743106894653
sym_KneeAngles_ax1_max_si,0.008403361344537815,-0.3953781512605042,0.42016806722689076,negligible,VICTIMS_HIGHER,0.6675873769328848,0.32308760729682345,0.09593841753495351
LAnkleAngles_ax3_rom__median,-0.008403361344537815,-0.42016806722689076,0.42016806722689076,negligible,VICTIMS_LOWER,0.241424560546875,0.008543855166750967,0.03962747609967163
RFootProgressAngles_ax3_min__median,0.008403361344537815,-0.3949579831932773,0.43718487394957967,negligible,VICTIMS_HIGHER,0.577528715133667,-0.04216696613248955,-0.07784778925697224
RKneeAngles_ax3_tmin_pct__median,-0.008403361344537815,-0.41186974789915964,0.41186974789915953,negligible,VICTIMS_LOWER,5.0,0.10752688172043011,0.39603960396039606
LFootProgressAngles_ax1_peak_vel__median,0.008403361344537815,-0.4117647058823529,0.44537815126050423,negligible,VICTIMS_HIGHER,17.50895334373729,0.03377284027025965,0.29984875731090815
LASI_ax3_excursion__median,0.008403361344537815,-0.38676470588235295,0.4369747899159664,negligible,VICTIMS_HIGHER,2.026611328125,-0.039763388438510995,-0.2046544022361347
sym_AnkleAngles_ax1_max_absdiff,-0.008403361344537815,-0.44537815126050423,0.3951680672268906,negligible,VICTIMS_LOWER,0.7982287406921387,-0.24657248736836818,-0.2743338393288403
coord_left_knee_ankle_ax1_lag_pct__median,-0.008403361344537815,-0.4161764705882353,0.3697478991596639,negligible,VICTIMS_LOWER,0.5,-0.09090909090909091,-0.5
var_RKneeAngles_ax1_rom_sd,-0.008403361344537815,-0.4203781512605042,0.4035714285714284,negligible,VICTIMS_LOWER,0.013149469397705005,0.007331681736641384,0.023749227486943057
LHipAngles_ax3_peak_acc__median,0.0,-0.3949579831932773,0.44537815126050423,negligible,TIED,36.05446511473292,0.006584232250830628,0.006595037270038728
LHipAngles_ax1_phase_50_60_rom__median,0.0,-0.3865546218487395,0.4369747899159664,negligible,TIED,0.3252035081386566,0.14062077313661306,0.33535598142938755
sym_KneeAngles_ax1_max_absdiff,0.0,-0.428781512605042,0.44537815126050423,negligible,TIED,0.9492683410644531,0.43555235834856093,0.24802621894634208
sym_KJC_path3d_si,0.0,-0.43718487394957983,0.4119747899159662,negligible,TIED,0.0063614299219953985,-0.02052807369958204,-0.004860806685356184
