,min,q25,median,q75,max
LHipAngles_ax1_min,-28.617773056030273,-10.366844177246094,-4.050926685333252,3.837827205657959,12.456869125366211
LHipAngles_ax1_max,21.72604751586914,37.819435119628906,42.61010932922363,50.612351417541504,57.876670837402344
LHipAngles_ax1_mean,-0.17491836004918165,17.15343690235721,22.100343229470425,29.798432153050264,36.94165841659697
LHipAngles_ax1_median,1.3009124994277954,19.660072803497314,24.998459815979004,31.25391149520874,40.8382568359375
LHipAngles_ax1_std,10.698217670689333,15.732669395143343,16.483465604059113,17.575633865296545,21.05104802981904
LHipAngles_ax1_rom,34.96133255958557,44.372602224349976,46.46229696273804,49.475218296051025,60.01304817199707
LHipAngles_ax1_tmin_pct,2.0,6.0,53.0,56.0,100.0
LHipAngles_ax1_tmax_pct,0.0,38.0,42.0,89.0,100.0
LHipAngles_ax1_peak_vel,154.69994704636002,205.04868371049312,221.39094624238555,239.58164948784548,298.0669829464748
LHipAngles_ax1_tpeak_vel_pct,16.0,22.0,46.0,72.0,84.0
LHipAngles_ax1_vel_rms,70.08286543018896,99.96290920945191,107.72514299956364,116.37726825471336,140.354276410922
LHipAngles_ax1_peak_acc,1173.4318868691555,1967.709851947693,2309.270137906714,2869.793379670429,5582.993125600465
LHipAngles_ax1_acc_rms,618.2771163034233,891.2996014204775,1035.2678134115354,1210.3413419266553,1962.5051728016788
LHipAngles_ax2_min,-19.13821792602539,-10.196852684020996,-8.298506259918213,-5.64331841468811,0.7493581175804138
LHipAngles_ax2_max,0.3965364396572113,5.31198525428772,7.7181689739227295,10.753703355789185,16.326679229736328
LHipAngles_ax2_mean,-6.965778212514844,-1.6256033563018215,0.48051634910378127,3.3617543769368696,7.238055624141552
LHipAngles_ax2_median,-7.306184768676758,-1.920351356267929,0.4934023320674896,3.3192440271377563,7.253231525421143
LHipAngles_ax2_std,2.6423106455253276,4.147162135002753,4.6607110808485,5.163466052958074,6.816138752439269
LHipAngles_ax2_rom,8.750080704689026,14.026733040809631,16.016149520874023,18.14498734474182,25.04530429840088
LHipAngles_ax2_tmin_pct,0.0,19.0,29.5,69.0,99.0
LHipAngles_ax2_tmax_pct,0.0,20.0,34.5,70.0,100.0
LHipAngles_ax2_peak_vel,41.230172693228596,75.25987195485892,88.74240792723421,104.08983751361079,145.03796600795334
LHipAngles_ax2_tpeak_vel_pct,0.0,12.0,27.0,61.0,100.0
LHipAngles_ax2_vel_rms,19.80860687556881,35.309734802157735,40.61187582015038,47.16449733001795,68.03640392042676
LHipAngles_ax2_peak_acc,541.8690492992195,1351.5475115440656,1726.4143773585029,2275.426100185344,4772.249145376828
LHipAngles_ax2_acc_rms,233.97579566282596,531.3874239623909,661.7692847847463,821.4904378237862,1374.8792283335576
LHipAngles_ax3_min,-73.01094055175781,-31.593027591705322,-18.44679546356201,-7.656884670257568,20.764219284057617
LHipAngles_ax3_max,-27.003276824951172,-10.585490942001343,2.7970412969589233,13.671760559082031,75.64277648925781
LHipAngles_ax3_mean,-35.22140002486729,-18.56957793943953,-5.890302710198235,5.480401764457842,31.902461325768197
LHipAngles_ax3_median,-34.731693267822266,-18.9268798828125,-6.06167459487915,5.676315426826477,31.223115921020508
LHipAngles_ax3_std,1.7433255081122339,3.780025793656945,4.626820996527817,6.035223294053672,27.49322174681308
LHipAngles_ax3_rom,6.609477639198303,14.44751289486885,20.136722683906555,24.713205337524414,98.38564109802246
LHipAngles_ax3_tmin_pct,0.0,10.0,50.0,75.25,100.0
LHipAngles_ax3_tmax_pct,0.0,37.0,48.0,86.0,100.0
LHipAngles_ax3_peak_vel,55.5331731612707,148.31270427525098,228.4873455068166,338.53072000105726,774.9016725246805
LHipAngles_ax3_tpeak_vel_pct,0.0,44.0,48.5,95.0,100.0
LHipAngles_ax3_vel_rms,26.742230384152347,58.801678412603145,81.786411479192,111.90423505955908,236.41437466797615
LHipAngles_ax3_peak_acc,956.2474621912651,4213.277710375811,6456.7111909821415,10624.761495132918,21272.32140316555
LHipAngles_ax3_acc_rms,433.6399771813457,1536.147533296772,2317.583851549685,3605.046320644727,6890.812577485523
RHipAngles_ax1_min,-29.30931282043457,-9.345491170883179,-2.3916760683059692,7.380042195320129,17.385202407836914
RHipAngles_ax1_max,20.230424880981445,38.48554611206055,43.31193542480469,51.90371894836426,61.96358108520508
RHipAngles_ax1_mean,-1.4500182705497977,16.901716949746685,23.70218593288803,32.48356191002497,40.08076076696415
RHipAngles_ax1_median,0.9315577745437622,19.310638904571533,26.481541633605957,33.92000770568848,44.0228157043457
RHipAngles_ax1_std,12.027424484892453,15.437413559292015,16.362676984658357,17.343155961934137,21.135464658476156
RHipAngles_ax1_rom,35.3272967338562,43.19793927669525,45.867602705955505,49.134270906448364,58.366183280944824
RHipAngles_ax1_tmin_pct,2.0,6.0,53.5,56.0,100.0
RHipAngles_ax1_tmax_pct,0.0,38.0,43.5,88.0,100.0
RHipAngles_ax1_peak_vel,138.54347617804376,201.62010446930253,217.81875617738922,238.36559303199326,291.6818423527302
RHipAngles_ax1_tpeak_vel_pct,16.0,22.0,46.5,72.0,77.0
RHipAngles_ax1_vel_rms,70.5694953082887,97.55455900414209,106.6493185158786,115.14715011130849,139.4566120268615
RHipAngles_ax1_peak_acc,1212.304963786246,1935.118307490416,2289.262097813429,3109.396517279971,6173.961457116963
RHipAngles_ax1_acc_rms,503.8036979759292,864.3662789807568,998.8110592380349,1231.7436149055538,1976.713254404263
RHipAngles_ax2_min,-19.06815528869629,-8.411385774612427,-6.842910051345825,-4.183383464813232,2.884664297103882
RHipAngles_ax2_max,0.5584468245506287,6.770608186721802,9.020994186401367,11.42632794380188,19.69694709777832
RHipAngles_ax2_mean,-6.520500278432328,-0.09377021984298631,1.4775871249321517,3.977988366638126,11.630755495316912
RHipAngles_ax2_median,-5.974311828613281,-0.3336770012974739,1.4259494543075562,3.8927937150001526,11.452770233154297
RHipAngles_ax2_std,2.1686886507245484,4.193741099793157,4.581845502214007,5.096232983232783,7.352604233253566
RHipAngles_ax2_rom,7.376193523406982,13.854941964149475,15.86823683977127,17.579467296600342,23.91511058807373
RHipAngles_ax2_tmin_pct,0.0,19.0,49.0,69.0,100.0
RHipAngles_ax2_tmax_pct,1.0,20.0,57.0,70.0,100.0
RHipAngles_ax2_peak_vel,43.55548936940211,77.75572818904628,87.92226160562183,100.12729457730086,154.40716893111275
RHipAngles_ax2_tpeak_vel_pct,0.0,11.0,27.0,61.0,100.0
RHipAngles_ax2_vel_rms,21.355993574723627,36.47991989261878,41.12579769844417,46.79132828064106,66.8188187048579
RHipAngles_ax2_peak_acc,598.550940595867,1398.5554003178038,1715.3338841139475,2231.2507187281126,5032.013611424785
RHipAngles_ax2_acc_rms,249.0652883288582,542.0458362705251,679.5333952978037,841.0898711621955,1294.7977697392341
RHipAngles_ax3_min,-58.198516845703125,-36.356550216674805,-26.912504196166992,-16.313061237335205,11.41913890838623
RHipAngles_ax3_max,-33.21885299682617,-15.44147777557373,-7.8204920291900635,5.592267751693726,69.68574523925781
RHipAngles_ax3_mean,-40.1138982678404,-22.750133991241455,-15.268179322233294,-3.8836701221690317,18.998524127620282
RHipAngles_ax3_median,-39.92759704589844,-21.77754497528076,-14.721054553985596,-4.12797749042511,18.19867515563965
RHipAngles_ax3_std,2.0449521120409626,3.8444702293215154,4.748391340871594,6.323514342712531,24.8473442491911
RHipAngles_ax3_rom,7.329425811767578,16.02814507484436,20.513550996780396,25.66043186187744,91.38176345825195
RHipAngles_ax3_tmin_pct,0.0,24.0,50.0,76.25,100.0
RHipAngles_ax3_tmax_pct,0.0,31.0,50.5,80.0,100.0
RHipAngles_ax3_peak_vel,48.020429610545925,169.67307947068923,249.0598776101711,309.32045988534895,757.2756098819688
RHipAngles_ax3_tpeak_vel_pct,0.0,44.0,47.0,95.0,100.0
RHipAngles_ax3_vel_rms,21.149044321887565,65.26774270034866,87.16954527939534,106.51322428785852,207.57193615479596
RHipAngles_ax3_peak_acc,1053.843386433014,4738.740302537671,7420.701836533104,10470.609534154115,23933.0640354901
RHipAngles_ax3_acc_rms,413.4925982898569,1732.1923007598707,2627.160750743533,3354.9541421202175,7549.284655314267
LKneeAngles_ax1_min,-7.463991641998291,3.620323956012726,6.85784387588501,10.50291633605957,17.380693435668945
LKneeAngles_ax1_max,59.71735763549805,66.95316505432129,71.0546760559082,74.85253524780273,83.91219329833984
LKneeAngles_ax1_mean,17.28864268796279,24.94173094792531,29.619557816203276,32.53649588268582,38.62987825185946
LKneeAngles_ax1_median,7.514357566833496,17.002514362335205,21.918314933776855,25.23813533782959,32.34111785888672
LKneeAngles_ax1_std,16.034081836052575,19.437137160612423,20.254365559225334,21.27816304031937,24.067793785897134
LKneeAngles_ax1_rom,52.212480545043945,61.80673062801361,63.821096897125244,66.74049898222438,77.13832712173462
LKneeAngles_ax1_tmin_pct,0.0,44.0,50.0,94.0,100.0
LKneeAngles_ax1_tmax_pct,22.0,27.0,51.0,76.0,82.0
LKneeAngles_ax1_peak_vel,280.2628280837439,395.5556570289034,429.4667770994182,470.7954718200422,562.1011977990661
LKneeAngles_ax1_tpeak_vel_pct,13.0,41.0,54.0,91.0,94.0
LKneeAngles_ax1_vel_rms,132.47567934614983,183.83837850436507,194.09841912151666,205.2698091081909,244.1587963441996
LKneeAngles_ax1_peak_acc,3698.319963833712,5338.878789381061,6225.883497429336,7691.189981306455,14753.650645587217
LKneeAngles_ax1_acc_rms,1564.2387800009838,2258.193380331575,2535.498147811445,2909.3072906001767,3926.194537163883
LKneeAngles_ax2_min,-53.04118347167969,-21.337648391723633,-9.475888729095459,-4.092470765113831,3.6272125244140625
LKneeAngles_ax2_max,-12.417932510375977,-4.482717156410217,4.317699432373047,9.846860647201538,36.494529724121094
LKneeAngles_ax2_mean,-21.66530934890898,-8.339406799561907,-2.5045034762582565,1.332115052885717,11.160178666067596
LKneeAngles_ax2_median,-18.004899978637695,-7.90316641330719,-2.465025544166565,1.3937462866306305,8.987184524536133
LKneeAngles_ax2_std,1.1619423345718556,3.1923992289718273,4.555799333157893,6.579510930706928,14.535347425023316
LKneeAngles_ax2_rom,4.266209602355957,12.435084462165833,16.28940486907959,22.565324306488037,50.62602424621582
LKneeAngles_ax2_tmin_pct,0.0,25.0,50.0,75.0,100.0
LKneeAngles_ax2_tmax_pct,0.0,34.0,50.0,85.0,100.0
LKneeAngles_ax2_peak_vel,42.63809944177854,116.70262711861555,156.44777713642475,197.25325302088538,464.43775118748965
LKneeAngles_ax2_tpeak_vel_pct,0.0,33.0,46.5,83.0,100.0
LKneeAngles_ax2_vel_rms,18.613883311575723,43.874586198364725,60.417243712862984,73.69231171055404,145.61655896592373
LKneeAngles_ax2_peak_acc,1045.1997378100227,2661.14743366201,3845.978625155934,5324.684508090635,9928.269106284393
LKneeAngles_ax2_acc_rms,423.39397639852905,1011.1143431528166,1378.2150839023864,1926.7946735361672,3401.459923610214
LKneeAngles_ax3_min,-49.402095794677734,-30.747612953186035,-20.08195209503174,-15.648578405380249,5.584663391113281
LKneeAngles_ax3_max,-22.696321487426758,-8.227709770202637,-0.8758018314838409,6.143867254257202,32.35603713989258
LKneeAngles_ax3_mean,-31.08876853414101,-18.04099118119419,-8.516756033119146,-6.109680001559381,16.017818011859855
LKneeAngles_ax3_median,-31.369922637939453,-17.73155641555786,-8.111879825592041,-5.7870177030563354,16.448965072631836
LKneeAngles_ax3_std,2.063458146363411,4.044659930259178,4.905077960105277,6.479835730716143,18.875336166415725
LKneeAngles_ax3_rom,7.945080757141113,16.6762061342597,19.826147079467773,25.121670305728912,65.9243278503418
LKneeAngles_ax3_tmin_pct,0.0,12.0,54.0,63.0,100.0
LKneeAngles_ax3_tmax_pct,0.0,20.0,50.0,70.0,100.0
LKneeAngles_ax3_peak_vel,48.91800006382253,190.4638747824241,237.66798006396493,324.6783165919656,676.5971704323797
LKneeAngles_ax3_tpeak_vel_pct,0.0,12.0,56.0,64.0,100.0
LKneeAngles_ax3_vel_rms,28.182580050627664,73.23591374646384,88.54152363814651,117.7770042868868,203.83422029634687
LKneeAngles_ax3_peak_acc,1058.8151116264485,5730.812183845476,7866.026753379963,12047.85343813066,25234.23188471094
LKneeAngles_ax3_acc_rms,537.6821058262169,2224.155441768382,2873.833809986133,4188.523414109578,7665.284141629561
RKneeAngles_ax1_min,-4.656808853149414,6.834898591041565,9.509788990020752,11.820216655731201,18.187599182128906
RKneeAngles_ax1_max,60.021087646484375,70.19757461547852,72.87186431884766,76.5992374420166,86.63117980957031
RKneeAngles_ax1_mean,21.17816154393229,27.83476280575932,32.002523408077735,34.05504683928915,41.09771947577448
RKneeAngles_ax1_median,9.228992462158203,19.423808574676514,24.20762062072754,26.819966316223145,35.63060760498047
RKneeAngles_ax1_std,16.125565245782422,19.242353014014206,20.268645251837786,21.38504030847987,24.199888495255383
RKneeAngles_ax1_rom,50.369317054748535,61.934907257556915,63.98000526428223,67.49461221694946,84.76770973205566
RKneeAngles_ax1_tmin_pct,0.0,47.0,50.0,99.0,100.0
RKneeAngles_ax1_tmax_pct,23.0,26.0,54.0,76.0,80.0
RKneeAngles_ax1_peak_vel,292.04152937482775,395.4106683186081,429.36056185435734,468.0036430510702,595.9059953530807
RKneeAngles_ax1_tpeak_vel_pct,12.0,41.0,56.0,91.0,94.0
RKneeAngles_ax1_vel_rms,135.19738645503534,181.04260639509636,194.6905269692842,207.80502320287138,244.84065394037836
RKneeAngles_ax1_peak_acc,3536.8037329302165,5558.185538109242,6788.0356272541985,8233.275006427932,15421.570920576412
RKneeAngles_ax1_acc_rms,1566.1593564531508,2208.4263589717693,2533.832089722572,2939.044220121303,3960.848745843955
RKneeAngles_ax2_min,-49.50432586669922,-25.415749549865723,-15.290740489959717,-6.748267889022827,0.48378053307533264
RKneeAngles_ax2_max,-16.92560386657715,-7.65975296497345,-3.1671353578567505,6.5288649797439575,27.416259765625
RKneeAngles_ax2_mean,-24.690682486732406,-13.02779736731312,-8.204809023602174,-0.795818585635043,8.869556243614396
RKneeAngles_ax2_median,-21.6922550201416,-11.716880559921265,-6.9017298221588135,-0.8065000474452972,7.1070122718811035
RKneeAngles_ax2_std,1.0469035213306483,2.7566760156174994,4.003437928008063,5.903524079613607,10.948666408991393
RKneeAngles_ax2_rom,4.177175760269165,10.987474203109741,15.663622319698334,21.042250394821167,42.82712173461914
RKneeAngles_ax2_tmin_pct,0.0,25.0,50.0,75.0,100.0
RKneeAngles_ax2_tmax_pct,0.0,32.0,50.0,87.0,100.0
RKneeAngles_ax2_peak_vel,49.96764832165428,104.11957781172188,141.22225466040862,178.98902137412983,562.9784969381615
RKneeAngles_ax2_tpeak_vel_pct,0.0,32.0,46.0,83.0,100.0
RKneeAngles_ax2_vel_rms,23.255995079067247,39.744753798582835,55.279169350275936,73.93302205133419,141.19673774936564
RKneeAngles_ax2_peak_acc,1130.2544498313853,2668.0620501268118,3527.722751763341,5049.6092151254015,12444.547520364162
RKneeAngles_ax2_acc_rms,468.3405656775319,964.5090426548787,1272.3471620949351,1746.3383409982614,4229.317118831494
RKneeAngles_ax3_min,-56.21052551269531,-18.629612922668457,-13.399571418762207,-8.424828290939331,19.791772842407227
RKneeAngles_ax3_max,-26.273195266723633,-2.1687896251678467,5.6690497398376465,15.992474555969238,96.12561798095703
RKneeAngles_ax3_mean,-34.504510596247,-10.708829118473695,-2.106624522479251,3.761958085655207,30.51606588080378
RKneeAngles_ax3_median,-35.992862701416016,-10.651765584945679,-2.438224673271179,2.6829299330711365,30.838233947753906
RKneeAngles_ax3_std,2.1512235700884537,3.8833012696832516,4.566560343187496,5.838309682593695,24.38454133162875
RKneeAngles_ax3_rom,7.5949625968933105,16.57826042175293,19.080902755260468,23.405633687973022,115.0548152923584
RKneeAngles_ax3_tmin_pct,0.0,40.0,48.0,91.0,100.0
RKneeAngles_ax3_tmax_pct,0.0,20.0,47.0,71.0,100.0
RKneeAngles_ax3_peak_vel,60.19408928192988,184.17515226405436,250.19068692073543,318.4736639790877,1248.3918076093441
RKneeAngles_ax3_tpeak_vel_pct,0.0,15.0,55.5,66.0,100.0
RKneeAngles_ax3_vel_rms,30.92608962975453,71.30741726021486,86.98754080985086,109.67624142319359,318.8918636262536
RKneeAngles_ax3_peak_acc,1629.5124246688442,5556.883753047383,7860.931853624056,10830.847611359923,37518.140270934695
RKneeAngles_ax3_acc_rms,683.7729270840446,2118.853367764686,2915.28245936494,3814.6774461859577,8318.06596314973
LAnkleAngles_ax1_min,-35.03239822387695,-19.107884407043457,-15.597409725189209,-11.740906476974487,-0.43816831707954407
LAnkleAngles_ax1_max,7.6552019119262695,13.68001675605774,17.50667667388916,22.173840045928955,96.21802520751953
LAnkleAngles_ax1_mean,-0.966751550757649,4.3475100867136725,5.974633768779492,8.60414050714952,21.206893972536125
LAnkleAngles_ax1_median,0.5042757987976074,5.550017595291138,7.3507397174835205,10.088545083999634,15.751245498657227
LAnkleAngles_ax1_std,4.4023979705317124,7.289528224537536,8.522333349029267,9.51074703574583,26.88706879073458
LAnkleAngles_ax1_rom,17.40170192718506,28.219924688339233,33.135908126831055,38.02052402496338,108.90793418884277
LAnkleAngles_ax1_tmin_pct,7.0,17.0,60.5,67.0,76.0
LAnkleAngles_ax1_tmax_pct,0.0,28.0,51.0,89.0,100.0
LAnkleAngles_ax1_peak_vel,151.41847806099184,310.63433943874685,373.6791192240447,432.90943523959396,1140.588086347105
LAnkleAngles_ax1_tpeak_vel_pct,0.0,11.0,56.0,61.0,90.0
LAnkleAngles_ax1_vel_rms,60.05675101253062,98.51026315209394,116.5207158352517,133.98444200539097,318.4606294800654
LAnkleAngles_ax1_peak_acc,3125.8317908995964,7500.46063690734,9274.702987306659,11374.268304489955,23608.522711362963
LAnkleAngles_ax1_acc_rms,1132.313549998125,2243.511044326062,2661.5295203813976,3350.4721253726702,6899.964512691483
LAnkleAngles_ax2_min,-26.423139572143555,-8.697749614715576,-5.51880145072937,-3.7320806980133057,2.303062677383423
LAnkleAngles_ax2_max,-7.129900932312012,-1.8547688126564026,0.016512542497366667,1.9808785021305084,10.599568367004395
LAnkleAngles_ax2_mean,-12.557519223430369,-5.058499628382892,-2.4980879024703904,-0.8429605443363993,5.662783160068021
LAnkleAngles_ax2_median,-12.484893798828125,-4.718135356903076,-2.3332382440567017,-0.8079402893781662,6.139038562774658
LAnkleAngles_ax2_std,0.5037758379092898,1.2486672399233585,1.6264757090989868,2.1291408730771466,9.306331733744464
LAnkleAngles_ax2_rom,1.9435270130634308,4.81821283698082,5.871471792459488,7.748071551322937,30.630549430847168
LAnkleAngles_ax2_tmin_pct,0.0,10.0,51.0,60.0,100.0
LAnkleAngles_ax2_tmax_pct,12.0,23.0,62.5,73.0,97.0
LAnkleAngles_ax2_peak_vel,23.030817553132895,51.90401438396556,69.23053294455269,91.0473062013129,352.2068394617266
LAnkleAngles_ax2_tpeak_vel_pct,0.0,15.0,52.0,65.0,96.0
LAnkleAngles_ax2_vel_rms,6.806209483284368,19.65227593819324,25.343168989482628,32.6525517408336,103.68208725459175
LAnkleAngles_ax2_peak_acc,519.3447782421891,1320.1877076700353,1920.3612128342775,2834.419169115,8017.637696621074
LAnkleAngles_ax2_acc_rms,162.77848659086126,490.469400543904,649.4702887530908,970.3778134965155,2625.6663864552916
LAnkleAngles_ax3_min,-41.00492858886719,-10.913265466690063,-1.3431272506713867,7.741680979728699,29.846338272094727
LAnkleAngles_ax3_max,-9.356905937194824,18.416303634643555,27.416650772094727,35.790207862854004,65.06596374511719
LAnkleAngles_ax3_mean,-24.051897190584995,3.469538317055045,13.130643065908167,18.883928931585633,48.26949795637981
LAnkleAngles_ax3_median,-26.19258689880371,3.1183555126190186,12.529934406280518,18.527310371398926,50.22299575805664
LAnkleAngles_ax3_std,3.1697484067204393,6.509245384230452,7.588621441109609,8.76593402928627,22.74110765917104
LAnkleAngles_ax3_rom,11.208307266235352,24.552359342575073,28.404067993164062,32.50436878204346,76.70303726196289
LAnkleAngles_ax3_tmin_pct,12.0,23.0,62.5,73.0,97.0
LAnkleAngles_ax3_tmax_pct,0.0,10.0,51.0,60.0,100.0
LAnkleAngles_ax3_peak_vel,84.08351268841373,263.6101349286761,314.40254429904235,386.54145917062374,861.6369739604135
LAnkleAngles_ax3_tpeak_vel_pct,0.0,15.0,47.0,65.0,96.0
LAnkleAngles_ax3_vel_rms,38.72471002108767,100.3341572893393,119.62917344281257,140.55598462335092,252.64276250029204
LAnkleAngles_ax3_peak_acc,1940.7375018720702,6448.970668214338,8448.556631667114,11380.639705242764,31722.24162595588
LAnkleAngles_ax3_acc_rms,789.9014859307642,2380.3327233882833,3067.126037905189,4124.099349856802,7683.182948143063
RAnkleAngles_ax1_min,-31.224424362182617,-16.99441623687744,-13.496790409088135,-9.494202852249146,1.282124638557434
RAnkleAngles_ax1_max,-4.8897271156311035,14.881021976470947,18.577686309814453,21.98453140258789,64.84571075439453
RAnkleAngles_ax1_mean,-9.77934733947905,5.261076147935473,7.466204104954285,9.231605454062176,15.880847779388475
RAnkleAngles_ax1_median,-6.896807670593262,6.824997305870056,8.706625938415527,10.651609420776367,18.077857971191406
RAnkleAngles_ax1_std,4.6019029691422295,7.285364356354927,8.104454056520794,9.305659797940466,14.351245223428386
RAnkleAngles_ax1_rom,18.31402587890625,28.35804009437561,31.0922269821167,36.39622926712036,78.04882144927979
RAnkleAngles_ax1_tmin_pct,14.0,17.0,46.0,67.0,72.0
RAnkleAngles_ax1_tmax_pct,0.0,4.0,50.0,56.0,100.0
RAnkleAngles_ax1_peak_vel,183.75135841234345,296.19325686363067,337.0061692565368,395.2007881294809,722.482706262767
RAnkleAngles_ax1_tpeak_vel_pct,0.0,11.0,58.5,62.0,100.0
RAnkleAngles_ax1_vel_rms,61.311758564832424,95.56633724235822,106.02213617739889,125.55472926726563,196.47506991880334
RAnkleAngles_ax1_peak_acc,3441.0759785922464,6731.473408194172,8258.748851753826,9930.295678718567,22138.926150375028
RAnkleAngles_ax1_acc_rms,973.9590662327207,2067.109670251437,2444.199566508413,2905.5813149672153,5763.537476285595
RAnkleAngles_ax2_min,-13.299402236938477,-6.275044560432434,-4.40876317024231,-2.8303398489952087,2.144085168838501
RAnkleAngles_ax2_max,-4.1078410148620605,-0.14342163875699043,1.2775790095329285,3.0567193627357483,15.964777946472168
RAnkleAngles_ax2_mean,-7.538988141730281,-2.8198695686267743,-1.3265893867350007,-0.09600240286522646,5.39607581761804
RAnkleAngles_ax2_median,-8.115801811218262,-2.667037010192871,-1.3487793803215027,-0.1456603817641735,5.335268020629883
RAnkleAngles_ax2_std,0.32411755114323326,1.3227358365057524,1.6430384305646117,2.0037191521633346,4.5754283252884
RAnkleAngles_ax2_rom,1.0664114356040955,4.9547699093818665,6.168962061405182,7.381501153111458,23.18059539794922
RAnkleAngles_ax2_tmin_pct,0.0,9.0,50.0,60.0,100.0
RAnkleAngles_ax2_tmax_pct,0.0,24.0,37.0,74.0,100.0
RAnkleAngles_ax2_peak_vel,11.728640407336506,52.76327607502301,69.28711386669669,87.7780596403274,256.825979922211
RAnkleAngles_ax2_tpeak_vel_pct,0.0,16.0,56.5,66.0,100.0
RAnkleAngles_ax2_vel_rms,4.377872985474622,20.32454226565883,25.641637712882343,31.707980556126692,67.00601152041963
RAnkleAngles_ax2_peak_acc,294.3879598126412,1226.6611357854213,1774.2084729539492,2336.871044402258,8929.144552537602
RAnkleAngles_ax2_acc_rms,82.8802758418696,463.84812633383945,644.6736265627151,795.1966669120278,1821.3265129995689
RAnkleAngles_ax3_min,-59.91019058227539,-14.947323083877563,-7.364751100540161,-0.23885883390903473,11.687398910522461
RAnkleAngles_ax3_max,-12.531096458435059,12.55261778831482,23.83323860168457,31.118481636047363,50.94919967651367
RAnkleAngles_ax3_mean,-26.445229232901394,-0.9505394197779127,8.587028025976258,14.944662608150946,28.764500344153678
RAnkleAngles_ax3_median,-26.977445602416992,-0.5292701721191406,7.31552529335022,14.568679809570312,30.888158798217773
RAnkleAngles_ax3_std,4.3229271763098005,6.90201625832621,8.22290785561551,9.67012798469604,21.03739822589179
RAnkleAngles_ax3_rom,14.40906047821045,26.671747088432312,30.23842716217041,34.66741443425417,97.02600860595703
RAnkleAngles_ax3_tmin_pct,0.0,24.0,37.0,74.0,100.0
RAnkleAngles_ax3_tmax_pct,0.0,9.0,50.0,60.0,100.0
RAnkleAngles_ax3_peak_vel,130.5442109986486,279.0798674621885,339.6960408978672,425.0421761151308,1112.732077645256
RAnkleAngles_ax3_tpeak_vel_pct,0.0,16.0,56.0,66.0,100.0
RAnkleAngles_ax3_vel_rms,55.43084142126053,108.01104859611316,127.62442045410691,149.16913116894204,302.3119071771521
RAnkleAngles_ax3_peak_acc,2528.9439488757394,6560.231245518875,8403.890467790297,11007.62653453685,40555.13348612754
RAnkleAngles_ax3_acc_rms,1076.6891546970267,2429.861495244198,3116.28639677258,3992.909073484886,8457.242734388243
LAbsAnkleAngle_ax1_min,-32.38542556762695,-17.72997236251831,-14.804221630096436,-11.38542914390564,-0.4340391755104065
LAbsAnkleAngle_ax1_max,7.5093159675598145,13.23932147026062,16.26953411102295,19.637940406799316,38.342002868652344
LAbsAnkleAngle_ax1_mean,-1.0816158373093252,3.7424650742570953,5.63279938852728,8.12067947028168,14.440669646062473
LAbsAnkleAngle_ax1_median,0.4871024787425995,5.32442307472229,7.17759108543396,9.300825595855713,14.573201179504395
LAbsAnkleAngle_ax1_std,4.36730170081966,7.084585043141505,8.058817457683032,8.83675551619511,13.283730961989582
LAbsAnkleAngle_ax1_rom,16.169828414916992,27.278538465499878,31.215601921081543,34.73228192329407,48.657647132873535
LAbsAnkleAngle_ax1_tmin_pct,7.0,17.0,22.5,67.0,76.0
LAbsAnkleAngle_ax1_tmax_pct,0.0,32.75,51.0,88.0,100.0
LAbsAnkleAngle_ax1_peak_vel,144.99537476632267,291.6477246042349,333.2351968151622,380.3352359106318,561.0274840118693
LAbsAnkleAngle_ax1_tpeak_vel_pct,0.0,11.75,17.0,61.0,72.0
LAbsAnkleAngle_ax1_vel_rms,57.49447659259081,95.36923168398269,107.20692112560828,121.32256643191235,165.5450713878309
LAbsAnkleAngle_ax1_peak_acc,3060.1521957895984,6946.232702462663,8239.60992470395,9747.303162173877,18573.366079904103
LAbsAnkleAngle_ax1_acc_rms,1095.7369162166794,2083.9252200474443,2427.739642590153,2909.126890719694,5582.552470737817
LAbsAnkleAngle_ax2_min,0.0,0.0,0.0,0.0,0.0
LAbsAnkleAngle_ax2_max,0.0,0.0,0.0,0.0,0.0
LAbsAnkleAngle_ax2_mean,0.0,0.0,0.0,0.0,0.0
LAbsAnkleAngle_ax2_median,0.0,0.0,0.0,0.0,0.0
LAbsAnkleAngle_ax2_std,0.0,0.0,0.0,0.0,0.0
LAbsAnkleAngle_ax2_rom,0.0,0.0,0.0,0.0,0.0
LAbsAnkleAngle_ax2_tmin_pct,0.0,0.0,0.0,0.0,0.0
LAbsAnkleAngle_ax2_tmax_pct,0.0,0.0,0.0,0.0,0.0
LAbsAnkleAngle_ax2_peak_vel,0.0,0.0,0.0,0.0,0.0
LAbsAnkleAngle_ax2_tpeak_vel_pct,0.0,0.0,0.0,0.0,0.0
LAbsAnkleAngle_ax2_vel_rms,0.0,0.0,0.0,0.0,0.0
LAbsAnkleAngle_ax2_peak_acc,0.0,0.0,0.0,0.0,0.0
LAbsAnkleAngle_ax2_acc_rms,0.0,0.0,0.0,0.0,0.0
LAbsAnkleAngle_ax3_min,0.0,0.0,0.0,0.0,0.0
LAbsAnkleAngle_ax3_max,0.0,0.0,0.0,0.0,0.0
LAbsAnkleAngle_ax3_mean,0.0,0.0,0.0,0.0,0.0
LAbsAnkleAngle_ax3_median,0.0,0.0,0.0,0.0,0.0
LAbsAnkleAngle_ax3_std,0.0,0.0,0.0,0.0,0.0
LAbsAnkleAngle_ax3_rom,0.0,0.0,0.0,0.0,0.0
LAbsAnkleAngle_ax3_tmin_pct,0.0,0.0,0.0,0.0,0.0
LAbsAnkleAngle_ax3_tmax_pct,0.0,0.0,0.0,0.0,0.0
LAbsAnkleAngle_ax3_peak_vel,0.0,0.0,0.0,0.0,0.0
LAbsAnkleAngle_ax3_tpeak_vel_pct,0.0,0.0,0.0,0.0,0.0
LAbsAnkleAngle_ax3_vel_rms,0.0,0.0,0.0,0.0,0.0
LAbsAnkleAngle_ax3_peak_acc,0.0,0.0,0.0,0.0,0.0
LAbsAnkleAngle_ax3_acc_rms,0.0,0.0,0.0,0.0,0.0
RAbsAnkleAngle_ax1_min,-31.041887283325195,-16.409957885742188,-13.08683443069458,-9.12267541885376,1.2058295011520386
RAbsAnkleAngle_ax1_max,-4.80452299118042,14.224037170410156,17.77365779876709,20.815190315246582,27.262855529785156
RAbsAnkleAngle_ax1_mean,-9.470751908746097,5.118018209067459,7.1222113106436655,8.765000935680796,15.490396316762608
RAbsAnkleAngle_ax1_median,-6.6654791831970215,6.6107906103134155,8.242337703704834,10.02088713645935,17.954023361206055
RAbsAnkleAngle_ax1_std,4.228303958439578,7.026537156161486,7.733851772966937,8.737823245510441,12.090970118574598
RAbsAnkleAngle_ax1_rom,17.50797665119171,27.296810030937195,29.803523063659668,34.30559492111206,49.55770492553711
RAbsAnkleAngle_ax1_tmin_pct,14.0,17.0,46.0,67.0,72.0
RAbsAnkleAngle_ax1_tmax_pct,0.0,4.0,50.0,76.0,100.0
RAbsAnkleAngle_ax1_peak_vel,176.15191550122952,277.58054531913797,317.96304573154464,360.1734283539535,686.4595182449199
RAbsAnkleAngle_ax1_tpeak_vel_pct,8.0,11.0,41.0,62.0,100.0
RAbsAnkleAngle_ax1_vel_rms,60.70092905606189,92.60440309103582,101.29949676545196,116.03899759919341,194.9130003945782
RAbsAnkleAngle_ax1_peak_acc,3445.70962178305,6270.265181574146,7694.699101965021,9193.514614878539,21683.395259009252
RAbsAnkleAngle_ax1_acc_rms,966.8619665950629,1965.2020289066124,2250.2352237047307,2705.8388575998197,5688.827874206038
RAbsAnkleAngle_ax2_min,0.0,0.0,0.0,0.0,0.0
RAbsAnkleAngle_ax2_max,0.0,0.0,0.0,0.0,0.0
RAbsAnkleAngle_ax2_mean,0.0,0.0,0.0,0.0,0.0
RAbsAnkleAngle_ax2_median,0.0,0.0,0.0,0.0,0.0
RAbsAnkleAngle_ax2_std,0.0,0.0,0.0,0.0,0.0
RAbsAnkleAngle_ax2_rom,0.0,0.0,0.0,0.0,0.0
RAbsAnkleAngle_ax2_tmin_pct,0.0,0.0,0.0,0.0,0.0
RAbsAnkleAngle_ax2_tmax_pct,0.0,0.0,0.0,0.0,0.0
RAbsAnkleAngle_ax2_peak_vel,0.0,0.0,0.0,0.0,0.0
RAbsAnkleAngle_ax2_tpeak_vel_pct,0.0,0.0,0.0,0.0,0.0
RAbsAnkleAngle_ax2_vel_rms,0.0,0.0,0.0,0.0,0.0
RAbsAnkleAngle_ax2_peak_acc,0.0,0.0,0.0,0.0,0.0
RAbsAnkleAngle_ax2_acc_rms,0.0,0.0,0.0,0.0,0.0
RAbsAnkleAngle_ax3_min,0.0,0.0,0.0,0.0,0.0
RAbsAnkleAngle_ax3_max,0.0,0.0,0.0,0.0,0.0
RAbsAnkleAngle_ax3_mean,0.0,0.0,0.0,0.0,0.0
RAbsAnkleAngle_ax3_median,0.0,0.0,0.0,0.0,0.0
RAbsAnkleAngle_ax3_std,0.0,0.0,0.0,0.0,0.0
RAbsAnkleAngle_ax3_rom,0.0,0.0,0.0,0.0,0.0
RAbsAnkleAngle_ax3_tmin_pct,0.0,0.0,0.0,0.0,0.0
RAbsAnkleAngle_ax3_tmax_pct,0.0,0.0,0.0,0.0,0.0
RAbsAnkleAngle_ax3_peak_vel,0.0,0.0,0.0,0.0,0.0
RAbsAnkleAngle_ax3_tpeak_vel_pct,0.0,0.0,0.0,0.0,0.0
RAbsAnkleAngle_ax3_vel_rms,0.0,0.0,0.0,0.0,0.0
RAbsAnkleAngle_ax3_peak_acc,0.0,0.0,0.0,0.0,0.0
RAbsAnkleAngle_ax3_acc_rms,0.0,0.0,0.0,0.0,0.0
LFootProgressAngles_ax1_min,-134.65032958984375,-120.42808723449707,-117.75062942504883,-115.48238563537598,-108.82691955566406
LFootProgressAngles_ax1_max,-30.228517532348633,-19.12298345565796,-15.162818431854248,-12.505932807922363,-2.052794933319092
LFootProgressAngles_ax1_mean,-84.23287168823846,-76.8121083066015,-75.13715615603004,-73.67151899621038,-69.17127943511056
LFootProgressAngles_ax1_median,-92.8150634765625,-86.8563346862793,-85.14921951293945,-83.27227020263672,-77.45621490478516
LFootProgressAngles_ax1_std,23.67980653465166,27.576911356885695,28.72178854397096,29.811292565934885,33.8836466189263
LFootProgressAngles_ax1_rom,84.67544937133789,98.16805219650269,102.64111232757568,106.93486762046814,121.38260984420776
LFootProgressAngles_ax1_tmin_pct,0.0,1.0,50.0,52.0,100.0
LFootProgressAngles_ax1_tmax_pct,15.0,19.0,44.5,68.0,76.0
LFootProgressAngles_ax1_peak_vel,356.49017379253155,489.22115624087706,526.537347326057,570.9278313991978,720.0241255593492
LFootProgressAngles_ax1_tpeak_vel_pct,8.0,12.0,50.0,61.0,92.0
LFootProgressAngles_ax1_vel_rms,187.61041659336564,235.32820980271407,252.33703640744443,266.9665581328039,327.04744613991545
LFootProgressAngles_ax1_peak_acc,5322.664465379005,8585.110584206359,9841.694675113813,11244.404036709788,18604.6150452904
LFootProgressAngles_ax1_acc_rms,2173.18615578711,3033.6637415083064,3382.1992788927046,3836.0564694521745,5838.670707377179
LFootProgressAngles_ax2_min,-62.36743927001953,-3.7758315801620483,-1.6885471940040588,-0.08220403827726841,5.134885311126709
LFootProgressAngles_ax2_max,0.4405224919319153,7.717730760574341,12.593663692474365,18.305063247680664,35.506690979003906
LFootProgressAngles_ax2_mean,-7.076532960509752,2.2245517668601282,3.4319860602516936,5.128590688275376,12.234071714674482
LFootProgressAngles_ax2_median,-2.7689285278320312,1.5726797878742218,2.897270917892456,4.562020182609558,10.060853004455566
LFootProgressAngles_ax2_std,1.0103173426440313,2.353054464952838,3.742476480265683,5.180226937287801,16.22236360670489
LFootProgressAngles_ax2_rom,4.379947304725647,9.84461498260498,14.951133489608765,20.201547294855118,64.96818542480469
LFootProgressAngles_ax2_tmin_pct,0.0,35.0,50.0,90.0,100.0
LFootProgressAngles_ax2_tmax_pct,0.0,15.0,54.0,64.0,100.0
LFootProgressAngles_ax2_peak_vel,37.35411729845978,110.82891569392501,159.1714238444764,230.24128098832236,796.5443887607531
LFootProgressAngles_ax2_tpeak_vel_pct,0.0,11.0,53.0,61.0,92.0
LFootProgressAngles_ax2_vel_rms,16.757344356614656,35.172424420977215,50.30451624614767,68.12936921327844,214.55991795796044
LFootProgressAngles_ax2_peak_acc,724.8516095356459,3747.002136678169,4961.242718429891,7051.609809584626,21053.303161744734
LFootProgressAngles_ax2_acc_rms,275.8009593100577,1063.43922058866,1373.3783297759796,1821.241787939471,5382.063246710358
LFootProgressAngles_ax3_min,-33.87646484375,-16.184602737426758,-12.28996229171753,-7.81764280796051,3.6640193462371826
LFootProgressAngles_ax3_max,-14.849593162536621,-1.1602159440517426,2.2087206840515137,6.907483220100403,26.020296096801758
LFootProgressAngles_ax3_mean,-19.239729711324863,-6.716039684591907,-3.748947880977746,0.2998556224721493,12.787926368194052
LFootProgressAngles_ax3_median,-18.760679244995117,-5.470534682273865,-2.4751774072647095,1.473679631948471,14.990056037902832
LFootProgressAngles_ax3_std,1.4080199709821872,3.1011425638430747,4.027052694920501,5.239258025776691,9.897763234792588
LFootProgressAngles_ax3_rom,5.093404293060303,11.50130307674408,14.22872018814087,18.42996311187744,35.91044235229492
LFootProgressAngles_ax3_tmin_pct,0.0,34.0,46.0,84.0,100.0
LFootProgressAngles_ax3_tmax_pct,0.0,12.0,51.5,63.0,100.0
LFootProgressAngles_ax3_peak_vel,29.402346664656022,102.23285723042872,127.23114678968633,155.19930501310097,342.0886019463807
LFootProgressAngles_ax3_tpeak_vel_pct,0.0,20.75,48.5,71.25,100.0
LFootProgressAngles_ax3_vel_rms,15.635817541494992,38.12797496954297,47.05930643874385,57.60156929168286,101.7064117914034
LFootProgressAngles_ax3_peak_acc,715.8894904665142,2154.8928365844627,2686.0606287815954,3413.6287512890235,9318.740987574156
LFootProgressAngles_ax3_acc_rms,281.84239195086406,806.370384181972,956.1195871957386,1161.0724841677202,2394.509013037168
RFootProgressAngles_ax1_min,-133.27957153320312,-120.31036758422852,-117.5531005859375,-114.93022346496582,-104.65289306640625
RFootProgressAngles_ax1_max,-33.77014923095703,-17.670416355133057,-15.199994564056396,-12.309598207473755,0.3244767487049103
RFootProgressAngles_ax1_mean,-81.63278730789034,-76.60273475222068,-74.87947436134414,-72.64850501966949,-63.41563483512048
RFootProgressAngles_ax1_median,-90.0966796875,-85.8223934173584,-84.4306640625,-82.23890686035156,-71.68449401855469
RFootProgressAngles_ax1_std,23.013539382801913,27.57344310098653,28.670601249374783,29.611416225285325,34.16858518668759
RFootProgressAngles_ax1_rom,81.78038024902344,98.5647611618042,102.57903242111206,106.3405749797821,123.16415119171143
RFootProgressAngles_ax1_tmin_pct,0.0,1.0,50.0,51.0,100.0
RFootProgressAngles_ax1_tmax_pct,15.0,18.0,47.0,69.0,73.0
RFootProgressAngles_ax1_peak_vel,347.84040592307815,477.6236016888558,513.0663623193032,556.5370887223617,796.3336109729979
RFootProgressAngles_ax1_tpeak_vel_pct,9.0,12.0,50.0,62.0,92.0
RFootProgressAngles_ax1_vel_rms,172.72545423456742,236.44637408013315,251.54471602532746,267.0735682692492,322.7727775701969
RFootProgressAngles_ax1_peak_acc,5589.320292372079,8391.569125432572,9541.19957992124,11132.657693685993,21481.432489352104
RFootProgressAngles_ax1_acc_rms,1802.2581229950385,2988.711790009723,3332.33218470521,3745.0505690239397,5917.361434780966
RFootProgressAngles_ax2_min,-18.37696647644043,-5.554629683494568,-3.3790080547332764,-1.5584677159786224,1.994128942489624
RFootProgressAngles_ax2_max,-0.5919697880744934,5.231117367744446,7.941529989242554,12.518960237503052,42.76997756958008
RFootProgressAngles_ax2_mean,-4.152185081255318,0.44615875027663454,1.597787525761287,2.841002071919473,5.656699064934608
RFootProgressAngles_ax2_median,-4.9232096672058105,0.23030904307961464,1.1691189408302307,2.676615595817566,6.10941743850708
RFootProgressAngles_ax2_std,0.9014561253905277,2.1976033510599122,3.0368491177137567,4.029019060907825,11.051389331557154
RFootProgressAngles_ax2_rom,3.280360519886017,8.538972198963165,12.139241456985474,16.32870978116989,43.2562193274498
RFootProgressAngles_ax2_tmin_pct,0.0,35.0,51.0,91.0,100.0
RFootProgressAngles_ax2_tmax_pct,0.0,14.0,49.0,65.0,100.0
RFootProgressAngles_ax2_peak_vel,24.19152130240727,95.21376827897952,133.39615052629858,196.37475352743073,604.0702807432924
RFootProgressAngles_ax2_tpeak_vel_pct,0.0,11.0,46.5,61.0,100.0
RFootProgressAngles_ax2_vel_rms,12.665520896512191,32.44761452551671,44.81513065778993,59.50576253365678,138.45042860438465
RFootProgressAngles_ax2_peak_acc,605.523697302548,2914.615817772706,4360.776203766701,5990.369267703917,17176.920888171786
RFootProgressAngles_ax2_acc_rms,218.08995399794046,889.0599977035309,1227.1568170743276,1639.0323288251411,3846.1426903343936
RFootProgressAngles_ax3_min,-39.96982192993164,-17.93908452987671,-13.486124038696289,-10.342148303985596,10.08726978302002
RFootProgressAngles_ax3_max,-12.528322219848633,-4.4351806640625,0.6149127185344696,4.214912056922913,19.12003517150879
RFootProgressAngles_ax3_mean,-19.804221068278398,-9.892867233567308,-4.85948143803888,-1.5287069323228322,15.721962806021812
RFootProgressAngles_ax3_median,-15.713212966918945,-9.043224334716797,-3.9339019060134888,-0.13717015460133553,16.023027420043945
RFootProgressAngles_ax3_std,1.1548658921222539,2.7895408297786917,3.9720093249870634,5.3494989706557,12.986924846376011
RFootProgressAngles_ax3_rom,4.2120771408081055,10.62738361954689,14.226086348295212,17.809263706207275,39.83940124511719
RFootProgressAngles_ax3_tmin_pct,0.0,36.0,52.0,87.0,100.0
RFootProgressAngles_ax3_tmax_pct,0.0,13.0,51.0,64.0,100.0
RFootProgressAngles_ax3_peak_vel,38.69746441451723,101.80459025931673,131.8631030285776,166.30792827317012,376.0103635889042
RFootProgressAngles_ax3_tpeak_vel_pct,0.0,20.0,47.0,71.0,100.0
RFootProgressAngles_ax3_vel_rms,16.03440211223419,37.604608684416675,47.02290104819666,58.19577891811085,123.7304467916987
RFootProgressAngles_ax3_peak_acc,946.4794008326116,2275.9294730294055,2852.824795631698,3968.6121374332124,14563.390536186009
RFootProgressAngles_ax3_acc_rms,392.11600407035166,788.2470005780974,981.1055824649306,1267.1873333901476,2930.723598115038
cycle_duration_s,0.88,1.0,1.04,1.09,1.32
stance_pct,62.03703703703704,64.42307692307693,65.13761467889908,66.01941747572816,73.48484848484848
swing_pct,26.515151515151516,33.98058252427184,34.862385321100916,35.576923076923066,37.96296296296296
stance_duration_s,0.57,0.65,0.68,0.7100000000000002,0.97
swing_duration_s,0.30000000000000004,0.34999999999999987,0.3600000000000001,0.38,0.43000000000000005
foot_off_pct,62.03703703703704,64.42307692307693,65.13761467889908,66.01941747572816,73.48484848484848
opposite_contact_pct,46.808510638297875,49.48453608247423,50.0,50.497549754975495,56.060606060606055
opposite_foot_off_pct,12.037037037037036,14.423076923076922,15.151515151515152,15.974789915966385,25.757575757575758
mid_stance_pct,29.166666666666668,31.132075471698112,31.775700934579437,32.47863247863248,38.63636363636363
LASI_ax1_excursion,1071.7983407974243,1322.7376251220703,1382.0056762695312,1436.3990211486816,1674.2010040283203
LASI_ax2_excursion,17.228179931640625,42.2869873046875,54.42106628417969,70.03894805908203,301.1867265701294
LASI_ax3_excursion,25.97509765625,41.85923767089844,48.279296875,54.7686767578125,87.82476806640625
LASI_path3d,1081.0512321669348,1338.6975682428456,1399.0536892923524,1456.2892630297374,1692.3329908355124
RASI_ax1_excursion,1072.3548641204834,1322.6831359863281,1380.9565544128418,1437.6749725341797,1685.9548797607422
RASI_ax2_excursion,17.64697265625,42.37620162963867,55.281219482421875,70.13589286804199,300.91512298583984
RASI_ax3_excursion,24.037109375,43.73371887207031,48.748931884765625,54.90214538574219,80.8115234375
RASI_path3d,1081.2562604245645,1340.51269227401,1397.4591582771457,1458.1810176611843,1712.8591153331931
LPSI_ax1_excursion,1069.9250183105469,1322.3629760742188,1379.6671142578125,1436.2902374267578,1674.34130859375
LPSI_ax2_excursion,19.559112548828125,45.112789154052734,57.27098083496094,74.32116317749023,306.0178451538086
LPSI_ax3_excursion,23.84112548828125,40.46629333496094,46.7122802734375,53.191650390625,78.44354248046875
LPSI_path3d,1080.0252727971167,1337.619612679722,1398.0120084521309,1456.9267553294837,1695.6059739050108
RPSI_ax1_excursion,1070.185043334961,1323.9266090393066,1379.2545528411865,1436.2189178466797,1679.7591018676758
RPSI_ax2_excursion,20.919769287109375,44.307647705078125,56.69645690917969,73.32894515991211,304.57374572753906
RPSI_ax3_excursion,23.25152587890625,41.21417236328125,46.750335693359375,52.415771484375,73.7047119140625
RPSI_path3d,1081.16319809338,1339.220402488866,1397.0840245053214,1456.9456638215647,1705.1469567975494
LHJC_ax1_excursion,1072.5924072265625,1321.9863948822021,1380.5714416503906,1437.6860389709473,1677.7957611083984
LHJC_ax2_excursion,19.000503540039062,41.00581359863281,53.70747375488281,69.59465408325195,304.9650459289551
LHJC_ax3_excursion,25.90338134765625,40.00811767578125,46.316162109375,52.48933410644531,83.15643310546875
LHJC_path3d,1081.1805931483198,1337.9220740082403,1398.5271830169306,1456.441655502019,1695.7795270066492
RHJC_ax1_excursion,1072.6014404296875,1324.32816696167,1381.4753952026367,1438.5275840759277,1680.5194931030273
RHJC_ax2_excursion,19.533538818359375,41.038997650146484,53.95263481140137,69.44913673400879,304.6003952026367
RHJC_ax3_excursion,25.60675048828125,41.46551513671875,46.719635009765625,52.75494384765625,74.94775390625
RHJC_path3d,1081.571722593352,1340.880831107845,1397.7520068857416,1457.96865675777,1708.1846562370217
LKJC_ax1_excursion,1052.4222412109375,1324.5335998535156,1381.4924087524414,1438.113971710205,1683.5382690429688
LKJC_ax2_excursion,6.463775634765625,38.90019989013672,52.42437744140625,68.95707702636719,307.81523513793945
LKJC_ax3_excursion,44.17620849609375,76.25267028808594,87.35594177246094,97.80743408203125,143.441162109375
LKJC_path3d,1080.038883125818,1346.2873628457774,1405.985431267282,1464.391633171776,1709.8235839369313
RKJC_ax1_excursion,1076.5119018554688,1321.9109802246094,1381.3760070800781,1436.7720336914062,1678.01953125
RKJC_ax2_excursion,11.680328369140625,39.501914978027344,51.26402282714844,67.7421875,319.4896545410156
RKJC_ax3_excursion,44.76617431640625,82.5855941772461,92.74244689941406,101.31794738769531,138.33038330078125
RKJC_path3d,1099.5305014500354,1349.2725916947481,1405.169597032648,1461.7313125287333,1699.730195794857
LAJC_ax1_excursion,1029.57763671875,1324.5315551757812,1381.063289821148,1435.7831115722656,1689.6315307617188
LAJC_ax2_excursion,13.058074951171875,37.96978759765625,52.93901062011719,76.9576644897461,332.8919219970703
LAJC_ax3_excursion,97.28414154052734,145.5463352203369,155.8090991973877,170.4358673095703,208.3781509399414
LAJC_path3d,1096.9129000624268,1401.3478499810508,1454.6897222377936,1510.7114413039958,1757.7359052290128
RAJC_ax1_excursion,1064.5527648925781,1321.2775297164917,1381.3492584228516,1436.9726943969727,1689.9625854492188
RAJC_ax2_excursion,12.652587890625,36.77755355834961,54.003692626953125,75.60073471069336,362.5924377441406
RAJC_ax3_excursion,109.57144165039062,147.29056358337402,161.41697311401367,172.70428371429443,207.1201629638672
RAJC_path3d,1119.6198072179636,1407.0742493325454,1461.036985072155,1512.8756727372202,1764.4831567578985
LHEE_ax1_excursion,1030.4178466796875,1323.9067993164062,1379.9223175048828,1436.707260131836,1692.4956512451172
LHEE_ax2_excursion,12.483245849609375,36.792869567871094,52.49505615234375,75.85730743408203,315.39154052734375
LHEE_ax3_excursion,190.80557250976562,229.91729354858398,240.08635330200195,255.47574043273926,286.8422317504883
LHEE_path3d,1174.6086741194079,1464.4613396585014,1516.6363012090908,1573.7380710165057,1827.9859502191678
RHEE_ax1_excursion,1064.0269775390625,1320.2589721679688,1382.1066703796387,1436.7719993591309,1695.004150390625
RHEE_ax2_excursion,11.720489501953125,36.104713439941406,53.3106689453125,73.24251556396484,366.18768310546875
RHEE_ax3_excursion,193.4977264404297,227.26378059387207,237.65342712402344,251.73517274856567,290.1016654968262
RHEE_path3d,1175.9775163511456,1462.5459412528858,1516.3976630740112,1569.8800959163339,1830.7923428916695
LTOE_ax1_excursion,1029.0465087890625,1324.9026794433594,1380.2637062072754,1437.7174758911133,1689.3541564941406
LTOE_ax2_excursion,12.996368408203125,46.34748840332031,62.580657958984375,87.22471237182617,368.8409423828125
LTOE_ax3_excursion,76.5374870300293,100.55740928649902,109.51706314086914,119.77615928649902,164.53217697143555
LTOE_path3d,1093.4316678247442,1405.7885433264023,1462.0963331405972,1520.7109845869295,1774.630039342933
RTOE_ax1_excursion,1061.5501708984375,1320.445915222168,1381.8245582580566,1435.6699991226196,1684.7941589355469
RTOE_ax2_excursion,15.715301513671875,46.08186721801758,62.28279113769531,86.56654739379883,356.5743103027344
RTOE_ax3_excursion,74.62209510803223,102.82621240615845,111.86958122253418,121.18174839019775,178.35758590698242
RTOE_path3d,1129.9124679579295,1402.0784108553876,1461.1512430288358,1520.7548113330713,1767.6950181748487
CentreOfMass_ax1_excursion,1069.8995094299316,1320.358154296875,1379.7773132324219,1436.07958984375,1670.1773834228516
CentreOfMass_ax2_excursion,9.193450927734375,28.725196838378906,41.56739807128906,57.11006164550781,303.2021484375
CentreOfMass_ax3_excursion,24.422607421875,34.99310302734375,40.027618408203125,45.37330627441406,68.548828125
CentreOfMass_path3d,1076.03395097028,1330.0795971354087,1389.8170143388359,1448.558707475386,1686.0376811171266
CentreOfMassFloor_ax1_excursion,1069.8995094299316,1320.358154296875,1379.7773132324219,1436.07958984375,1670.1773834228516
CentreOfMassFloor_ax2_excursion,9.193450927734375,28.725196838378906,41.56739807128906,57.11006164550781,303.2021484375
CentreOfMassFloor_ax3_excursion,0.0,0.0,0.0,0.0,0.0
CentreOfMassFloor_path3d,1070.6639170491742,1323.0393520440011,1381.6506761692422,1438.0268025378678,1672.767504185481
LHipAngles_ax1_phase_0_10_mean,-27.279705619812013,-3.0438890606164932,15.592439365386962,40.1667197227478,55.991309356689456
LHipAngles_ax1_phase_0_10_min,-28.612802505493164,-4.021978259086609,13.893716812133789,39.25937366485596,53.86338424682617
LHipAngles_ax1_phase_0_10_max,-25.24934959411621,-1.5066284835338593,17.883901596069336,41.1954288482666,57.627498626708984
LHipAngles_ax1_phase_0_10_rom,0.246246337890625,1.8255720138549805,2.544318675994873,3.423731803894043,8.912543892860413
LHipAngles_ax1_phase_10_20_mean,-22.36708688735962,5.076741720736027,18.940083742141724,36.08568305969238,50.61078300476074
LHipAngles_ax1_phase_10_20_min,-27.958097457885742,-1.2722394168376923,12.745956897735596,31.535165786743164,46.12424850463867
LHipAngles_ax1_phase_10_20_max,-14.556719779968262,12.963138341903687,25.56680965423584,39.39578914642334,55.00384521484375
LHipAngles_ax1_phase_10_20_rom,1.9578895568847656,7.427633762359619,10.219423174858093,14.189250275492668,19.244280576705933
LHipAngles_ax1_phase_20_30_mean,-0.1976565957069397,19.39152228832245,24.618952560424805,30.44053955078125,42.032144927978514
LHipAngles_ax1_phase_20_30_min,-12.162038803100586,11.270798206329346,16.986226081848145,23.49841547012329,35.886966705322266
LHipAngles_ax1_phase_20_30_max,7.02446985244751,26.6239275932312,32.14216995239258,37.65718078613281,49.09488296508789
LHipAngles_ax1_phase_20_30_rom,5.26099967956543,10.649384498596191,14.181658744812012,18.8573739528656,26.104476928710938
LHipAngles_ax1_phase_30_40_mean,-11.176924562454223,12.584861946105956,25.540174293518064,39.02522315979004,54.22182731628418
LHipAngles_ax1_phase_30_40_min,-16.83135223388672,7.466106653213501,20.712230682373047,34.55312538146973,50.59324645996094
LHipAngles_ax1_phase_30_40_max,-5.489293098449707,17.96711254119873,30.43828296661377,41.68344593048096,57.56829071044922
LHipAngles_ax1_phase_30_40_rom,2.189838409423828,7.233022212982178,9.403093338012695,10.974474668502808,14.625931739807129
LHipAngles_ax1_phase_40_50_mean,-22.022440338134764,2.095386169478297,20.279248523712155,41.25297842025756,57.43976173400879
LHipAngles_ax1_phase_40_50_min,-25.457279205322266,-1.3980412483215332,17.666370391845703,40.424264907836914,56.89962387084961
LHipAngles_ax1_phase_40_50_max,-17.979936599731445,6.50917375087738,22.65711784362793,42.21288013458252,57.876670837402344
LHipAngles_ax1_phase_40_50_rom,0.13303375244140625,1.7062416076660156,5.248476505279541,7.423052430152893,14.545103311538696
LHipAngles_ax1_phase_50_60_mean,-27.657184028625487,-2.9705933690071102,15.577386713027954,39.77699718475342,56.37295761108398
LHipAngles_ax1_phase_50_60_min,-28.617773056030273,-3.674866735935211,14.35776424407959,38.68076992034912,53.80739974975586
LHipAngles_ax1_phase_50_60_max,-26.14896583557129,-1.3959949314594269,17.191946983337402,41.02469062805176,57.61772537231445
LHipAngles_ax1_phase_50_60_rom,0.24957656860351562,1.7947051525115967,2.411074638366699,3.382669687271118,9.640736103057861
LHipAngles_ax1_phase_60_70_mean,-20.881393909454346,5.2840903559699655,19.587838554382323,36.01153712272644,50.144941329956055
LHipAngles_ax1_phase_60_70_min,-27.306772232055664,-1.1553350389003754,14.134544372558594,31.377207279205322,46.737579345703125
LHipAngles_ax1_phase_60_70_max,-12.305645942687988,13.284913539886475,25.619516372680664,38.78530788421631,53.86561584472656
LHipAngles_ax1_phase_60_70_rom,1.84710693359375,7.057255744934082,10.193371772766113,14.522218517959118,18.80492925643921
LHipAngles_ax1_phase_70_80_mean,3.3266178965568542,19.605533480644226,24.842392683029175,31.26738839149475,42.627743530273435
LHipAngles_ax1_phase_70_80_min,-9.737223625183105,11.624902486801147,17.260266304016113,23.783540725708008,36.622474670410156
LHipAngles_ax1_phase_70_80_max,9.416154861450195,26.667078018188477,31.714882850646973,38.05634021759033,50.786476135253906
LHipAngles_ax1_phase_70_80_rom,4.745109558105469,10.525796175003052,14.349735260009766,18.749587297439575,26.24661159515381
LHipAngles_ax1_phase_80_90_mean,-9.208959102630615,12.634291017055512,26.10065097808838,38.777976989746094,54.817026138305664
LHipAngles_ax1_phase_80_90_min,-14.82292652130127,7.2863969802856445,21.217966079711914,34.62851619720459,52.073814392089844
LHipAngles_ax1_phase_80_90_max,-3.690469741821289,17.93821620941162,30.267480850219727,41.372565269470215,57.014732360839844
LHipAngles_ax1_phase_80_90_rom,2.2607460021972656,6.898879051208496,8.965498924255371,10.642128944396973,16.66859245300293
LHipAngles_ax1_phase_90_100_mean,-20.886896306818183,1.8834703930399634,19.80965449593284,41.12993170998313,56.41651847145774
LHipAngles_ax1_phase_90_100_min,-25.30545425415039,-2.097048282623291,18.558405876159668,40.08189010620117,56.03287887573242
LHipAngles_ax1_phase_90_100_max,-16.03118896484375,6.325632691383362,22.622647285461426,41.96053981781006,57.16600036621094
LHipAngles_ax1_phase_90_100_rom,0.14468765258789062,1.821176528930664,5.736140251159668,8.06965434551239,14.12980842590332
RHipAngles_ax1_phase_0_10_mean,-28.31873149871826,-1.9556742522865536,17.3054310798645,41.57800769805908,60.07237319946289
RHipAngles_ax1_phase_0_10_min,-29.30931282043457,-2.6707677841186523,16.309626579284668,40.037421226501465,57.71348571777344
RHipAngles_ax1_phase_0_10_max,-27.059022903442383,-0.5717402845621109,18.882707595825195,42.569210052490234,61.96358108520508
RHipAngles_ax1_phase_0_10_rom,0.056304931640625,1.8362182527780533,2.423422336578369,3.1981582641601562,8.203208923339844
RHipAngles_ax1_phase_10_20_mean,-22.752405452728272,6.359583546966315,20.765610218048096,37.641348648071286,56.39627914428711
RHipAngles_ax1_phase_10_20_min,-28.396013259887695,0.04832883831113577,15.062893867492676,33.00191116333008,50.27716064453125
RHipAngles_ax1_phase_10_20_max,-15.456339836120605,14.746614456176758,27.524517059326172,40.45236015319824,60.0234489440918
RHipAngles_ax1_phase_10_20_rom,1.4657576084136963,7.578814506530762,10.542352199554443,14.357169806957245,21.598332405090332
RHipAngles_ax1_phase_20_30_mean,-2.675308859348297,19.60664479732513,26.57313823699951,33.497072505950925,43.625555419921874
RHipAngles_ax1_phase_20_30_min,-13.46922492980957,13.005365371704102,19.415935516357422,26.202533721923828,37.55180358886719
RHipAngles_ax1_phase_20_30_max,7.616180896759033,27.426783084869385,33.57820701599121,40.54212284088135,52.74614334106445
RHipAngles_ax1_phase_20_30_rom,5.940160751342773,10.434821605682373,13.772764205932617,18.565670490264893,24.92707109451294
RHipAngles_ax1_phase_30_40_mean,-8.106729531288147,14.80861132144928,27.45157928466797,40.44477090835571,58.56224327087402
RHipAngles_ax1_phase_30_40_min,-15.022361755371094,9.854999780654907,23.100438117980957,36.47981929779053,54.64324188232422
RHipAngles_ax1_phase_30_40_max,-2.5476064682006836,19.90354013442993,32.343475341796875,42.73812007904053,60.028621673583984
RHipAngles_ax1_phase_30_40_rom,1.641561508178711,6.784493446350098,8.516120910644531,10.45813137292862,14.6080641746521
RHipAngles_ax1_phase_40_50_mean,-21.49052448272705,4.306344231963158,20.951773738861085,42.06841926574707,59.7069694519043
RHipAngles_ax1_phase_40_50_min,-25.785202026367188,0.49217817187309265,18.301400184631348,41.324313163757324,59.37688064575195
RHipAngles_ax1_phase_40_50_max,-16.43327522277832,8.858566045761108,24.44914722442627,42.932923316955566,60.72069549560547
RHipAngles_ax1_phase_40_50_rom,0.11228179931640625,1.7258758544921875,5.705930337309837,7.462275952100754,13.864400863647461
RHipAngles_ax1_phase_50_60_mean,-28.158432006835938,-1.42880622446537,17.327214431762698,41.27517557144165,59.706671142578124
RHipAngles_ax1_phase_50_60_min,-29.30599021911621,-2.110691487789154,16.314684867858887,39.905245780944824,58.87808609008789
RHipAngles_ax1_phase_50_60_max,-26.484539031982422,0.15615098923444748,19.004008293151855,42.19924545288086,60.792808532714844
RHipAngles_ax1_phase_50_60_rom,0.0652618408203125,1.8674960136413574,2.4815409183502197,3.2869921922683716,8.73419189453125
RHipAngles_ax1_phase_60_70_mean,-24.364276695251466,6.750126808136701,19.943559837341308,37.25997543334961,55.70741233825684
RHipAngles_ax1_phase_60_70_min,-28.96959114074707,0.38615963608026505,14.551543712615967,32.454429626464844,49.20795822143555
RHipAngles_ax1_phase_60_70_max,-17.664466857910156,15.286648988723755,26.450610160827637,40.27505111694336,60.066383361816406
RHipAngles_ax1_phase_60_70_rom,3.751068115234375,7.995616912841797,10.630049705505371,13.865541219711304,19.597668886184692
RHipAngles_ax1_phase_70_80_mean,-4.339940494298935,19.302163004875183,26.197542953491208,33.158836364746094,43.16117973327637
RHipAngles_ax1_phase_70_80_min,-15.594959259033203,12.434255361557007,19.089441299438477,25.418802738189697,37.387237548828125
RHipAngles_ax1_phase_70_80_max,5.4182586669921875,26.9148907661438,33.19932746887207,40.13802909851074,50.27036666870117
RHipAngles_ax1_phase_70_80_rom,5.679875373840332,10.410103142261505,13.861654281616211,18.478750348091125,24.134126663208008
RHipAngles_ax1_phase_80_90_mean,-10.164160108566284,14.627380442619323,26.477377891540527,40.07539768218994,57.576985931396486
RHipAngles_ax1_phase_80_90_min,-16.45598602294922,9.351547718048096,22.455341339111328,36.292134284973145,51.99319076538086
RHipAngles_ax1_phase_80_90_max,-4.091579437255859,19.46314811706543,31.950854301452637,42.4532995223999,60.02745819091797
RHipAngles_ax1_phase_80_90_rom,2.627521514892578,6.853819847106934,8.570873260498047,10.368258476257324,14.3153777718544
RHipAngles_ax1_phase_90_100_mean,-22.74578684026545,3.6227793417532337,20.980967434969813,41.707431619817555,58.57360701127486
RHipAngles_ax1_phase_90_100_min,-27.059022903442383,-0.5013999044895172,17.599324226379395,40.54960823059082,58.02981948852539
RHipAngles_ax1_phase_90_100_max,-17.703720092773438,8.211562633514404,24.90097141265869,42.79988670349121,59.7553825378418
RHipAngles_ax1_phase_90_100_rom,0.1092681884765625,1.9348382949829102,6.194955348968506,8.047163486480713,14.501216888427734
LKneeAngles_ax1_phase_0_10_mean,0.37427561581134794,9.997236639261246,14.832710123062135,19.552001357078552,31.972093772888183
LKneeAngles_ax1_phase_0_10_min,-4.701523303985596,6.1958664655685425,10.12019681930542,14.405280828475952,28.257389068603516
LKneeAngles_ax1_phase_0_10_max,3.2227120399475098,15.53995132446289,21.18871021270752,26.917897701263428,39.89780807495117
LKneeAngles_ax1_phase_0_10_rom,1.6311674118041992,7.916863977909088,11.290040493011475,13.967672348022461,28.145613193511963
LKneeAngles_ax1_phase_10_20_mean,9.834180092811584,23.446759462356567,31.076041030883786,44.52250738143921,60.50158424377442
LKneeAngles_ax1_phase_10_20_min,3.6080329418182373,17.513356685638428,23.2641544342041,29.613319396972656,43.260047912597656
LKneeAngles_ax1_phase_10_20_max,11.268509864807129,25.38981294631958,39.53451156616211,59.62260341644287,76.0264663696289
LKneeAngles_ax1_phase_10_20_rom,1.3167171478271484,6.080538749694824,17.96333122253418,30.68476676940918,37.25727367401123
LKneeAngles_ax1_phase_20_30_mean,5.518311357498169,21.8145525932312,41.84026393890381,68.3528395652771,81.34307327270508
LKneeAngles_ax1_phase_20_30_min,2.108327627182007,18.518889904022217,32.3236198425293,62.38471603393555,78.14337921142578
LKneeAngles_ax1_phase_20_30_max,9.196149826049805,24.426963329315186,48.209455490112305,71.06475448608398,83.91219329833984
LKneeAngles_ax1_phase_20_30_rom,0.9019832611083984,5.158748626708984,6.95796537399292,9.198161602020264,26.087223052978516
LKneeAngles_ax1_phase_30_40_mean,-1.747729641199112,15.136694145202636,33.00210056304932,57.47481966018677,70.75167388916016
LKneeAngles_ax1_phase_30_40_min,-6.466641426086426,12.556519746780396,22.74870204925537,42.889421463012695,59.932613372802734
LKneeAngles_ax1_phase_30_40_max,1.5753958225250244,17.740768432617188,42.88940906524658,68.31513214111328,81.9932861328125
LKneeAngles_ax1_phase_30_40_rom,0.4813728332519531,5.974000811576843,16.180142879486084,25.983488082885742,35.93330192565918
LKneeAngles_ax1_phase_40_50_mean,-5.93250093460083,10.615692710876464,16.120939949899913,21.478132128715515,40.778588485717776
LKneeAngles_ax1_phase_40_50_min,-7.463194370269775,5.164928674697876,9.553799152374268,13.674134016036987,34.133853912353516
LKneeAngles_ax1_phase_40_50_max,-4.122807502746582,13.528249025344849,22.710187911987305,38.714332580566406,56.59017562866211
LKneeAngles_ax1_phase_40_50_rom,0.4587984085083008,2.2875277996063232,15.07666301727295,29.26167595386505,41.46704387664795
LKneeAngles_ax1_phase_50_60_mean,-1.1333796801045537,9.660712146759032,14.683214569091795,19.760559391975402,47.04458847045898
LKneeAngles_ax1_phase_50_60_min,-4.701523303985596,6.056832909584045,10.165163516998291,14.433015584945679,45.71495056152344
LKneeAngles_ax1_phase_50_60_max,1.7925546169281006,15.75070309638977,21.051711082458496,27.542999744415283,48.50197219848633
LKneeAngles_ax1_phase_50_60_rom,1.6405143737792969,7.866959810256958,11.544041335582733,14.391840972006321,28.145613193511963
LKneeAngles_ax1_phase_60_70_mean,9.04395010471344,22.89843406677246,31.771077632904053,45.3495548248291,59.345027923583984
LKneeAngles_ax1_phase_60_70_min,2.7595577239990234,17.698065280914307,23.352715492248535,30.08744192123413,48.972801208496094
LKneeAngles_ax1_phase_60_70_max,10.315363883972168,25.37317132949829,39.7977352142334,60.5818567276001,74.9136734008789
LKneeAngles_ax1_phase_60_70_rom,1.557215690612793,6.522733926773071,13.880897521972656,30.758747100830078,36.65903854370117
LKneeAngles_ax1_phase_70_80_mean,6.141427803039551,21.658416748046875,37.66032886505127,68.45369110107421,81.68561782836915
LKneeAngles_ax1_phase_70_80_min,3.834702968597412,18.64139461517334,30.98467254638672,62.910064697265625,77.29661560058594
LKneeAngles_ax1_phase_70_80_max,8.133186340332031,24.196382999420166,47.75405693054199,71.02037239074707,83.8934555053711
LKneeAngles_ax1_phase_70_80_rom,0.5592060089111328,4.9643566608428955,6.491485595703125,8.468494415283203,36.928354263305664
LKneeAngles_ax1_phase_80_90_mean,-0.8888264387845993,15.117134070396423,37.60749397277832,56.499907875061034,69.00593872070313
LKneeAngles_ax1_phase_80_90_min,-4.818338871002197,12.372085332870483,24.308032989501953,41.7088098526001,56.2791748046875
LKneeAngles_ax1_phase_80_90_max,3.306096076965332,17.892886638641357,48.417375564575195,67.67836570739746,80.28346252441406
LKneeAngles_ax1_phase_80_90_rom,0.34772205352783203,5.875945806503296,15.59737253189087,26.732873916625977,34.04821014404297
LKneeAngles_ax1_phase_90_100_mean,-6.117755109613592,10.429588162086226,15.579787709496237,20.17821158062328,51.12811001864347
LKneeAngles_ax1_phase_90_100_min,-7.463991641998291,5.028623104095459,9.084163665771484,13.281633138656616,43.349056243896484
LKneeAngles_ax1_phase_90_100_max,-4.05325174331665,14.010678768157959,23.069778442382812,37.55743598937988,57.76676940917969
LKneeAngles_ax1_phase_90_100_rom,0.6443662643432617,2.7288908064365387,16.20335841178894,28.770769476890564,42.53224229812622
RKneeAngles_ax1_phase_0_10_mean,3.3185290545225143,12.722479796409607,17.084099864959718,22.22346200942993,33.80678043365479
RKneeAngles_ax1_phase_0_10_min,-4.656808853149414,8.274590492248535,12.454442977905273,16.904518127441406,30.067523956298828
RKneeAngles_ax1_phase_0_10_max,5.802517890930176,18.8060941696167,23.48857021331787,29.89884614944458,44.51841354370117
RKneeAngles_ax1_phase_0_10_rom,0.9763832092285156,8.63585901260376,11.728111684322357,14.380409717559814,23.454702377319336
RKneeAngles_ax1_phase_10_20_mean,6.922323560714721,25.582242727279663,34.05619745254516,47.84410047531128,64.26124229431153
RKneeAngles_ax1_phase_10_20_min,5.948281288146973,20.67104482650757,25.63447666168213,32.669678688049316,48.05751037597656
RKneeAngles_ax1_phase_10_20_max,7.684208393096924,27.416088581085205,40.81241798400879,63.60426902770996,78.22241973876953
RKneeAngles_ax1_phase_10_20_rom,1.6929206848144531,6.5778679847717285,12.661487579345703,31.313257217407227,48.02801322937012
RKneeAngles_ax1_phase_20_30_mean,6.153505659103393,23.588298988342284,38.53917083740234,70.70129985809326,83.48644638061523
RKneeAngles_ax1_phase_20_30_min,5.747518062591553,20.418977737426758,32.907758712768555,66.03495025634766,80.1379623413086
RKneeAngles_ax1_phase_20_30_max,6.818538665771484,26.23638391494751,47.55374526977539,72.99685668945312,85.17716979980469
RKneeAngles_ax1_phase_20_30_rom,0.4517173767089844,4.8109259605407715,6.215698719024658,7.954181671142578,28.900373458862305
RKneeAngles_ax1_phase_30_40_mean,3.4403010606765747,17.170196223258973,34.800423812866214,57.86114950180054,72.72008247375489
RKneeAngles_ax1_phase_30_40_min,-0.14775244891643524,15.063968658447266,26.746339797973633,42.853708267211914,61.04806900024414
RKneeAngles_ax1_phase_30_40_max,6.3352484703063965,19.677268981933594,43.28773498535156,69.37930679321289,81.94964599609375
RKneeAngles_ax1_phase_30_40_rom,0.2507028579711914,5.239233493804932,14.090083718299866,27.331324577331543,35.01594543457031
RKneeAngles_ax1_phase_40_50_mean,-1.5106267258524895,14.00152213573456,17.659596967697144,22.312796306610107,40.94269237518311
RKneeAngles_ax1_phase_40_50_min,-3.112014055252075,8.576687335968018,12.266736030578613,15.446809768676758,27.08888053894043
RKneeAngles_ax1_phase_40_50_max,-0.18992549180984497,16.1917986869812,26.45880126953125,38.565731048583984,57.05567932128906
RKneeAngles_ax1_phase_40_50_rom,0.2114887237548828,2.070001184940338,10.879819393157959,28.16367319226265,45.6747407913208
RKneeAngles_ax1_phase_50_60_mean,3.603915899991989,12.84520593881607,16.97477703094482,22.315739774703978,33.60272979736328
RKneeAngles_ax1_phase_50_60_min,-1.5778050422668457,8.483924150466919,12.568633556365967,16.977936267852783,30.067523956298828
RKneeAngles_ax1_phase_50_60_max,5.802517890930176,18.622992038726807,23.3825101852417,29.914514541625977,42.97965621948242
RKneeAngles_ax1_phase_50_60_rom,0.976508617401123,8.830258011817932,11.678162574768066,14.059253454208374,21.935293674468994
RKneeAngles_ax1_phase_60_70_mean,6.905525636672974,25.880332517623902,33.48302850723266,47.37610821723938,62.25010032653809
RKneeAngles_ax1_phase_60_70_min,5.946826934814453,20.515356063842773,25.4679594039917,32.604591369628906,46.15757751464844
RKneeAngles_ax1_phase_60_70_max,7.713637351989746,27.77480936050415,41.630645751953125,63.04308223724365,76.92805480957031
RKneeAngles_ax1_phase_60_70_rom,1.624887466430664,6.009382247924805,16.86716651916504,31.028005599975586,39.305355072021484
RKneeAngles_ax1_phase_70_80_mean,6.234741592407227,23.556168031692504,47.23827199935913,70.49312191009523,84.38481063842774
RKneeAngles_ax1_phase_70_80_min,5.745222091674805,20.343010902404785,39.24245643615723,65.69669342041016,79.38915252685547
RKneeAngles_ax1_phase_70_80_max,6.939224720001221,26.187832832336426,50.15363311767578,72.81036186218262,86.63117980957031
RKneeAngles_ax1_phase_70_80_rom,0.3925328254699707,4.963500022888184,6.4604692459106445,8.408169031143188,21.851905822753906
RKneeAngles_ax1_phase_80_90_mean,2.051536962389946,17.093339943885802,36.0254409790039,58.55474071502686,72.04427528381348
RKneeAngles_ax1_phase_80_90_min,-0.9916337728500366,14.906332731246948,28.657984733581543,43.738837242126465,59.036346435546875
RKneeAngles_ax1_phase_80_90_max,5.438357353210449,19.714304447174072,43.75370216369629,69.6018123626709,82.44607543945312
RKneeAngles_ax1_phase_80_90_rom,0.23962020874023438,5.195312261581421,17.257054179906845,26.10999059677124,32.1591796875
RKneeAngles_ax1_phase_90_100_mean,-1.7259717326272617,14.36800097877329,17.812240015376695,21.865948156877,33.75105771151456
RKneeAngles_ax1_phase_90_100_min,-3.7958359718322754,8.003472924232483,11.577468872070312,14.986997127532959,27.151538848876953
RKneeAngles_ax1_phase_90_100_max,0.10874871909618378,16.879014015197754,28.064517974853516,39.39248847961426,55.01853561401367
RKneeAngles_ax1_phase_90_100_rom,0.59075927734375,2.6935999393463135,16.441739082336426,29.74915337562561,46.52866554260254
LAnkleAngles_ax1_phase_0_10_mean,-3.9524755388498307,5.94671546034515,9.556718158721925,14.548002707958222,31.752521324157716
LAnkleAngles_ax1_phase_0_10_min,-18.44937515258789,-0.5301085859537125,3.3497564792633057,7.900225043296814,27.17516326904297
LAnkleAngles_ax1_phase_0_10_max,1.5443367958068848,9.408300876617432,13.000380992889404,18.672258853912354,34.620479583740234
LAnkleAngles_ax1_phase_0_10_rom,0.8287010192871094,6.739360481500626,9.337644577026367,12.322697758674622,26.46320629119873
LAnkleAngles_ax1_phase_10_20_mean,-22.691341972351076,-8.331781539320946,-0.7253511838614941,4.548346143960953,11.385636138916016
LAnkleAngles_ax1_phase_10_20_min,-34.60146713256836,-15.651336193084717,-6.230427265167236,1.1900596916675568,10.619357109069824
LAnkleAngles_ax1_phase_10_20_max,-14.13847541809082,2.9061036705970764,6.678282976150513,9.669463872909546,23.08774185180664
LAnkleAngles_ax1_phase_10_20_rom,0.29706764221191406,5.975410908460617,10.945204734802246,19.14928574860096,44.37417411804199
LAnkleAngles_ax1_phase_20_30_mean,-27.02916030883789,-4.685775427520275,2.8266931369900705,9.843558168411256,18.002776908874512
LAnkleAngles_ax1_phase_20_30_min,-35.03239822387695,-11.223990440368652,-1.2019391655921936,8.034520149230957,15.542160034179688
LAnkleAngles_ax1_phase_20_30_max,-14.699455261230469,0.9503849148750305,6.669405937194824,11.13644027709961,19.61599349975586
LAnkleAngles_ax1_phase_20_30_rom,0.39982128143310547,3.299794912338257,6.40010142326355,12.229357928037643,22.142017364501953
LAnkleAngles_ax1_phase_30_40_mean,-4.144693452119827,5.047360718250275,8.970695352554321,12.444948434829712,21.822030544281006
LAnkleAngles_ax1_phase_30_40_min,-11.722562789916992,1.9501390755176544,7.121158599853516,11.187649488449097,19.755107879638672
LAnkleAngles_ax1_phase_30_40_max,-0.873494565486908,7.004051446914673,10.36544132232666,13.867310285568237,41.656768798828125
LAnkleAngles_ax1_phase_30_40_rom,0.1060800552368164,2.252643585205078,3.5813408195972443,5.126364231109619,28.744739532470703
LAnkleAngles_ax1_phase_40_50_mean,0.5865847945213318,7.4850516438484185,11.347909593582154,15.852328491210937,68.35859527587891
LAnkleAngles_ax1_phase_40_50_min,-0.6715017557144165,6.351914405822754,10.08875560760498,14.04152536392212,48.77792739868164
LAnkleAngles_ax1_phase_40_50_max,1.1027774810791016,8.517341613769531,12.866422653198242,17.912551879882812,78.66100311279297
LAnkleAngles_ax1_phase_40_50_rom,0.07624053955078125,1.3185985088348389,2.6732704639434814,4.31462836265564,32.81031036376953
LAnkleAngles_ax1_phase_50_60_mean,-5.701450676470995,5.32850140184164,9.267800998687743,14.909300518035888,72.45523834228516
LAnkleAngles_ax1_phase_50_60_min,-17.256349563598633,-0.9779465049505234,2.8037118911743164,7.737585067749023,54.00581359863281
LAnkleAngles_ax1_phase_50_60_max,-0.2918388843536377,8.902398109436035,12.970846176147461,18.55471420288086,79.29732513427734
LAnkleAngles_ax1_phase_50_60_rom,1.2264766693115234,7.068303257226944,9.710354074835777,13.065984725952148,31.419639587402344
LAnkleAngles_ax1_phase_60_70_mean,-27.825158309936523,-9.445899146050214,-1.0390710193663835,4.134638717770577,14.306024837493897
LAnkleAngles_ax1_phase_60_70_min,-32.4582405090332,-15.598880767822266,-6.052910089492798,0.6841379404067993,9.525625228881836
LAnkleAngles_ax1_phase_60_70_max,-16.36653709411621,1.82027268409729,6.299665212631226,9.275439262390137,40.462711334228516
LAnkleAngles_ax1_phase_60_70_rom,1.1258530616760254,6.3033857345581055,10.474984407424927,17.946853697299957,44.54313278198242
LAnkleAngles_ax1_phase_70_80_mean,-21.908458995819093,-4.738705237954855,2.3562391303479675,9.630073404312133,19.98040943145752
LAnkleAngles_ax1_phase_70_80_min,-31.014020919799805,-10.780204057693481,-2.0071333050727844,7.7491679191589355,18.744831085205078
LAnkleAngles_ax1_phase_70_80_max,-10.894091606140137,0.9239708036184311,6.518808603286743,10.998931646347046,20.49880027770996
LAnkleAngles_ax1_phase_70_80_rom,0.21899843215942383,3.3691905736923218,6.441649556159973,11.992169547826052,22.15807342529297
LAnkleAngles_ax1_phase_80_90_mean,-4.251780354976654,4.960225453972816,8.783791875839233,12.24393198490143,32.22996807098389
LAnkleAngles_ax1_phase_80_90_min,-9.037445068359375,1.94736847281456,6.781325340270996,11.037622213363647,20.191293716430664
LAnkleAngles_ax1_phase_80_90_max,-1.3630321025848389,6.896772027015686,10.053002834320068,13.874618291854858,56.530303955078125
LAnkleAngles_ax1_phase_80_90_rom,0.09023380279541016,2.190102696418762,3.5802796483039856,5.0456695556640625,45.78951978683472
LAnkleAngles_ax1_phase_90_100_mean,-0.22869957509365949,7.540010517293757,11.575059457258744,16.21804083477367,85.00901308926669
LAnkleAngles_ax1_phase_90_100_min,-1.7967742681503296,6.278107523918152,9.88189172744751,13.987542390823364,64.09034729003906
LAnkleAngles_ax1_phase_90_100_max,0.5042757987976074,8.76884937286377,12.931048393249512,18.47678518295288,96.21802520751953
LAnkleAngles_ax1_phase_90_100_rom,0.12059688568115234,1.5844483375549316,3.0629897117614746,4.758491039276123,35.66115951538086
RAnkleAngles_ax1_phase_0_10_mean,-10.259166955947876,6.927044063806534,10.995629715919495,15.960159730911254,29.056131172180176
RAnkleAngles_ax1_phase_0_10_min,-17.192140579223633,1.1424477696418762,4.922428846359253,9.34714150428772,23.887493133544922
RAnkleAngles_ax1_phase_0_10_max,-5.81538200378418,10.1934654712677,14.244348526000977,19.160842418670654,31.118425369262695
RAnkleAngles_ax1_phase_0_10_rom,0.5192499160766602,7.092868089675903,9.080971717834473,12.023540437221527,22.704066276550293
RAnkleAngles_ax1_phase_10_20_mean,-23.99892406463623,-7.1453869484364985,0.10794017016887664,4.774595025181771,18.351271629333496
RAnkleAngles_ax1_phase_10_20_min,-31.224424362182617,-13.487130165100098,-5.742457628250122,2.0994778275489807,13.848836898803711
RAnkleAngles_ax1_phase_10_20_max,-19.571657180786133,3.303991377353668,7.22544264793396,10.06283974647522,21.160621643066406
RAnkleAngles_ax1_phase_10_20_rom,0.6430258750915527,5.563660770654678,9.730721056461334,18.120798230171204,36.44644355773926
RAnkleAngles_ax1_phase_20_30_mean,-14.077003860473633,-3.573601067811251,2.9678022056818008,10.555297255516052,19.578184509277342
RAnkleAngles_ax1_phase_20_30_min,-22.715238571166992,-9.832354068756104,-1.450114667415619,8.62804365158081,17.596872329711914
RAnkleAngles_ax1_phase_20_30_max,-8.16430950164795,2.14105623960495,7.434527158737183,11.779685020446777,20.449615478515625
RAnkleAngles_ax1_phase_20_30_rom,0.6726465225219727,3.5337846279144287,6.3609778881073,11.94508445262909,24.574572920799255
RAnkleAngles_ax1_phase_30_40_mean,-6.047114992141724,6.245514845848083,9.74798231124878,13.115910482406616,20.788452339172363
RAnkleAngles_ax1_phase_30_40_min,-7.2338433265686035,3.127142012119293,8.09857702255249,11.847959280014038,20.27023696899414
RAnkleAngles_ax1_phase_30_40_max,-5.655807018280029,8.189030885696411,11.538909912109375,14.549920320510864,21.551990509033203
RAnkleAngles_ax1_phase_30_40_rom,0.18994426727294922,2.0784939527511597,3.5793545246124268,5.605416357517242,12.678728103637695
RAnkleAngles_ax1_phase_40_50_mean,-6.90378212928772,8.790077757835387,12.828881120681762,16.882049131393433,23.66341381072998
RAnkleAngles_ax1_phase_40_50_min,-7.455384731292725,7.559575796127319,11.412588596343994,14.686336755752563,21.91288185119629
RAnkleAngles_ax1_phase_40_50_max,-5.824676036834717,10.080132961273193,14.084691047668457,18.911353588104248,27.661067962646484
RAnkleAngles_ax1_phase_40_50_rom,0.1783914566040039,1.714478611946106,2.7648916244506836,4.2566657066345215,19.142169952392578
RAnkleAngles_ax1_phase_50_60_mean,-8.437045240402222,6.691701041534543,10.72948169708252,16.016526198387147,29.366441345214845
RAnkleAngles_ax1_phase_50_60_min,-13.984597206115723,0.8405892550945282,4.866755962371826,9.81246542930603,26.781435012817383
RAnkleAngles_ax1_phase_50_60_max,-5.81538200378418,10.196675062179565,14.246131896972656,19.271061420440674,31.109716415405273
RAnkleAngles_ax1_phase_50_60_rom,1.5321593284606934,6.5984028577804565,8.736706495285034,11.581555962562561,22.389842748641968
RAnkleAngles_ax1_phase_60_70_mean,-23.27122631072998,-6.107206385210157,0.7199259378015995,5.011699271202088,14.823160076141358
RAnkleAngles_ax1_phase_60_70_min,-26.769609451293945,-13.454674005508423,-5.479420900344849,2.12281996011734,11.270356178283691
RAnkleAngles_ax1_phase_60_70_max,-16.14656639099121,4.5735790729522705,7.592085838317871,10.461029529571533,24.321062088012695
RAnkleAngles_ax1_phase_60_70_rom,0.8758478164672852,5.775956511497498,10.323034286499023,18.819680832326412,42.8294734954834
RAnkleAngles_ax1_phase_70_80_mean,-19.208729457855224,-3.983387080207467,2.9803379021584986,10.581472253799438,19.48340950012207
RAnkleAngles_ax1_phase_70_80_min,-27.545881271362305,-10.226792097091675,-1.9860110878944397,8.85740351676941,17.549251556396484
RAnkleAngles_ax1_phase_70_80_max,-9.566147804260254,1.8677623867988586,7.146470546722412,11.840089082717896,20.443574905395508
RAnkleAngles_ax1_phase_70_80_rom,0.5528182983398438,3.3575429916381836,6.024569481611252,11.628470376133919,21.27955198287964
RAnkleAngles_ax1_phase_80_90_mean,-6.364833927154541,5.914697894454003,9.598631858825684,13.038176727294921,21.060255813598634
RAnkleAngles_ax1_phase_80_90_min,-8.738482475280762,2.8455756306648254,7.528552055358887,11.83443832397461,20.4095401763916
RAnkleAngles_ax1_phase_80_90_max,-5.202929496765137,8.034071683883667,11.49157428741455,14.303947925567627,21.91851234436035
RAnkleAngles_ax1_phase_80_90_rom,0.13735485076904297,2.104295015335083,3.6263208389282227,5.737141638994217,18.58649969100952
RAnkleAngles_ax1_phase_90_100_mean,-7.523255781693892,8.494031916965138,12.897154634649102,16.68486900763078,37.277405738830566
RAnkleAngles_ax1_phase_90_100_min,-10.029437065124512,7.261245965957642,11.415955543518066,14.515793085098267,22.19290542602539
RAnkleAngles_ax1_phase_90_100_max,-5.958836078643799,9.984697580337524,14.13468599319458,18.752200603485107,64.84571075439453
RAnkleAngles_ax1_phase_90_100_rom,0.28153419494628906,1.791630744934082,2.9101452827453613,4.432745456695557,49.98104000091553
coord_left_hip_knee_ax1_corr,-0.3837040476716066,0.1055843609793773,0.16428145777030428,0.2333409223525135,0.40129105055550585
coord_left_hip_knee_ax1_lag_pct,-10.0,-10.0,-10.0,-10.0,10.0
coord_left_knee_ankle_ax1_corr,-0.8874187092532927,-0.724436852322832,-0.6655986617056161,-0.6002249379354713,0.15827975878260442
coord_left_knee_ankle_ax1_lag_pct,-10.0,-6.0,-5.0,-4.0,10.0
coord_right_hip_knee_ax1_corr,-0.0652438281349252,0.08784617207869572,0.1461762794621429,0.20903089980201894,0.3692679459170123
coord_right_hip_knee_ax1_lag_pct,-10.0,-10.0,-10.0,10.0,10.0
coord_right_knee_ankle_ax1_corr,-0.9081103342907262,-0.7689548634590768,-0.7127401207020803,-0.6129238002097885,-0.22964031427986834
coord_right_knee_ankle_ax1_lag_pct,-10.0,-6.0,-5.0,-3.0,2.0
COM_msjerk,3283115.425329522,32969272.324170824,63209134.58269316,193994904.73986843,2263387399.299501
LKneeAngles_ax1_msjerk,616759191.6318899,1813939211.4636078,3033848567.286547,5010847296.277311,19371012250.178425
RKneeAngles_ax1_msjerk,696338091.6334708,1720996885.9364786,2748969056.0034657,5694369182.138578,16656064470.13092
