,S11,S12,S13,S14,S15,S17,S19,S2,S23,S26,S27,S3,S30,S31,S32,S34,S35,S37,S38,S39,S4,S40,S41,S42,S43,S46,S48,S5,S7,S8,S9
S11,1.0,-0.023709567770530567,0.6433413176270658,0.319212688078824,0.41450692112029375,-0.12024872287225154,0.22262372759986224,0.5377480069797781,0.4731086931204088,-0.5491029510716793,0.4015784778142035,-0.6014538835804133,0.12125003796609851,0.5104675287710688,0.15833108037616136,0.33193611384282073,-0.11102571413289752,0.6845097587800559,0.43701099532395676,-0.5661143817236192,-0.0641667777973331,-0.06876755264592146,-0.554757982556629,0.6946580976290938,0.32956768205098963,-0.012546179899496867,0.5767888142143507,0.022910417740524578,0.7662617501138071,0.1902786500607621,0.6044483894826551
S12,-0.023709567770530567,1.0000000000000002,-0.18428270715241926,0.010771065109422096,-0.022089036664962817,0.44106097862690047,-0.003192618604970938,-0.32040852877402465,0.0004223133861495608,-0.24835065441208876,-0.1324880515342828,-0.2269596220786947,-0.26138033253376164,-0.226198376820421,-0.018874098736574366,-0.12510719999145611,-0.07835325893909294,-0.19266831445321594,-0.1532945436272609,-0.20950412598727883,0.6627071925740877,-0.10835672747512173,-0.2354450612900536,-0.10381807451861925,-0.33488072611289765,0.0931682898833659,-0.20470573467121966,-0.09439368530982267,-0.1560935458107503,-0.01331859130010024,-0.08412187726615915
S13,0.6433413176270658,-0.18428270715241926,0.9999999999999999,0.3928574144426719,0.598998205786629,-0.012374698742409188,-0.026779619554505814,0.7105748746756684,0.4902271761717075,-0.5034319597701384,0.28046505143091915,-0.6699223164476495,0.18002731330602115,0.6654723976919921,-0.042246257563262175,0.3286547919499294,-0.1392588012368616,0.7088179662508863,0.5332313266030058,-0.5368167861374619,-0.14541224383694168,-0.0866064324876868,-0.5513900325279666,0.7759836858827294,0.4718844248800897,0.027130810314398613,0.6680214896498373,-0.04104782157374048,0.6818894993450794,0.27304225976007773,0.4252255621268049
S14,0.319212688078824,0.010771065109422096,0.3928574144426719,1.0,0.26270784768753863,-0.09727986255956454,-0.05858403332559698,0.2917971196188631,0.18593340842671688,0.004353823840191959,0.055523358637357814,-0.16256865357208342,-0.013682283363873733,0.15315883673453434,-0.043801838606220105,0.12099022380728715,-0.073190723279701,0.15888711421966556,0.13477259683258805,-0.04257553051621072,-0.01701494823103575,-0.1387947071352538,-0.047175484306857945,0.35733611613482896,-0.12461169008525579,0.034331167984186124,0.36631002088434556,-0.0032940868010752915,0.24467281079141998,0.7326455041584072,0.3251597720822108
S15,0.41450692112029375,-0.022089036664962817,0.598998205786629,0.26270784768753863,1.0000000000000002,0.05980726834945759,-0.11418915693410837,0.4336407337621287,0.49042282642868235,-0.23881304034569503,0.2469350273913813,-0.505995586546423,0.18306479006026363,0.3119952942813526,-0.12318907660892388,0.3438033548205725,-0.2569961857251628,0.5013480010096053,0.32296834984901496,-0.22975940577716605,-0.04051314260070108,-0.26146032331534996,-0.33363788522177057,0.6384837495177551,0.2532824574527966,0.0495386051809287,0.3898700014436355,-0.27514999655351574,0.3007825977912157,0.08592837474162328,0.13776385296695157
S17,-0.12024872287225154,0.44106097862690047,-0.012374698742409188,-0.09727986255956454,0.05980726834945759,0.9999999999999991,-0.5838987115097686,-0.09780561533059132,-0.18800372046976885,-0.11825637737285885,0.05411648737063063,-0.20650259246617014,-0.08660259668283368,-0.23166594125755077,-0.24435014409890218,0.04899301656307849,-0.18984946465369748,-0.09032142070580776,0.0324568670719384,-0.138639919400833,-0.0711129409367084,-0.2543173373058966,-0.09697450958498949,-0.10293614255184105,-0.2967487293929754,-0.48460410228794787,-0.2356900630893926,-0.2658152192315532,-0.03862061094338401,-0.06317825927933164,0.013036158698172094
S19,0.22262372759986224,-0.003192618604970938,-0.026779619554505814,-0.05858403332559698,-0.11418915693410837,-0.5838987115097686,0.9999999999999998,-0.026276380730007546,0.0368425762036415,-0.17224094220956382,0.03537662478256367,0.16959519226388362,-0.37661334619400727,0.14909217078394235,0.28093544931066056,-0.04244018735766822,0.5046916995182066,0.018417631237941354,-0.038114092593579535,-0.1267014830300427,0.043776502137636744,0.6039935777521496,-0.1975657677632912,0.08943817151034864,0.14062848473266532,0.034671582405014126,0.165336098940918,0.5984669513642107,0.03731844369801742,0.21236042463202354,-0.06222585970924015
S2,0.5377480069797781,-0.32040852877402465,0.7105748746756684,0.2917971196188631,0.4336407337621287,-0.09780561533059132,-0.026276380730007546,1.0000000000000002,0.3318649824185418,-0.2707198768809996,0.3973996958968305,-0.4845412154937658,0.20259678513400076,0.4685475890978546,0.023781491249896956,0.4685721772687576,-0.1885347206233301,0.6531923865872351,0.5466010167323209,-0.31200073041858617,-0.2038884550498567,-0.15375255195983303,-0.3332605310487623,0.7133514305953896,0.42626542797621064,-0.0006723233540959119,0.43571479528360196,-0.07212029259277195,0.5378141198920472,0.12516409028934564,0.4704959746536586
S23,0.4731086931204088,0.0004223133861495608,0.4902271761717075,0.18593340842671688,0.49042282642868235,-0.18800372046976885,0.0368425762036415,0.3318649824185418,0.9999999999999999,-0.33821553978632013,0.43164252676013076,-0.5750844184002183,0.0888971989984102,0.5989481473458366,0.027942154085591964,0.39012124495274914,-0.18405820372945977,0.5706197432448693,0.5484125202027557,-0.3968380460899596,-0.034626183167221165,-0.1804770340107202,-0.3448442108255202,0.5143399448831745,0.4357589017356484,0.04302009581519982,0.5177132798536416,-0.16235615392999136,0.6321545744959297,0.032821983014897554,0.6715217732955893
S26,-0.5491029510716793,-0.24835065441208876,-0.5034319597701384,0.004353823840191959,-0.23881304034569503,-0.11825637737285885,-0.17224094220956382,-0.2707198768809996,-0.33821553978632013,1.0,-0.4307993103853394,0.7453983213539536,-0.13292816979130528,-0.5203617116049016,-0.11533333069522318,-0.10387023673800208,-0.07059303320730732,-0.41960007045973347,-0.2406149706169893,0.9697242014446622,-0.27614484810154105,-0.1715849472041035,0.9360420949422485,-0.4975263745722286,-0.4857976244901555,-0.21462598047171727,-0.3884956745648112,-0.19098703636009573,-0.5136338147235747,-0.1779729392112212,-0.46045279377068915
S27,0.4015784778142035,-0.1324880515342828,0.28046505143091915,0.055523358637357814,0.2469350273913813,0.05411648737063063,0.03537662478256367,0.3973996958968305,0.43164252676013076,-0.4307993103853394,1.0,-0.6081162222260889,0.36114564130826554,0.42948064971067934,0.3482740762668748,0.6641174383186198,-0.2717813161440926,0.5006937902263345,0.6308910792118209,-0.43273048992139307,-0.08467074660466274,-0.14507083144401858,-0.5195419434706705,0.296684707362073,0.31813129463932766,-0.11077029461561991,0.3324527969859692,-0.1807297854507183,0.45113573763089193,-0.026710609340482288,0.6334762406155382
S3,-0.6014538835804133,-0.2269596220786947,-0.6699223164476495,-0.16256865357208342,-0.505995586546423,-0.20650259246617014,0.16959519226388362,-0.4845412154937658,-0.5750844184002183,0.7453983213539536,-0.6081162222260889,1.0,-0.4466000542569953,-0.662238734743193,-0.1609082710410242,-0.4594729691389782,0.4627789387777233,-0.7072992568727595,-0.5532112283594074,0.7442757371306647,-0.2339112902405213,0.3687211031719149,0.7944038631036042,-0.5975321912152313,-0.541291782781692,-0.16932109808159657,-0.554290253520864,0.3668370737081821,-0.6626535208902368,0.07171051489389395,-0.632276319869576
S30,0.12125003796609851,-0.26138033253376164,0.18002731330602115,-0.013682283363873733,0.18306479006026363,-0.08660259668283368,-0.37661334619400727,0.20259678513400076,0.0888971989984102,-0.13292816979130528,0.36114564130826554,-0.4466000542569953,0.9999999999999997,0.2889728821659751,0.2970036245910945,0.11164451935401352,-0.805770148545764,0.23318152219551186,0.17316291771565132,-0.11407603619990903,0.07853158232964766,-0.7154320582889653,-0.12485923816441759,0.14537050450103872,0.3109986395692028,0.39068216046514526,0.1374547783826412,-0.7277962776788379,0.2062567440010627,-0.5020643359455433,0.25565811806423
S31,0.5104675287710688,-0.226198376820421,0.6654723976919921,0.15315883673453434,0.3119952942813526,-0.23166594125755077,0.14909217078394235,0.4685475890978546,0.5989481473458366,-0.5203617116049016,0.42948064971067934,-0.662238734743193,0.2889728821659751,1.0,0.10920268170876087,0.323137362831711,-0.20319668340526223,0.6629705811892078,0.39259242809282124,-0.5422211327802414,-0.17393346773442553,-0.09486798144380738,-0.5581327339525921,0.5788467528205008,0.7723669336220864,0.03808422623504078,0.8093442906622956,-0.13385952859585018,0.6402014009982914,0.004539992754457965,0.5832975512128183
S32,0.15833108037616136,-0.018874098736574366,-0.042246257563262175,-0.043801838606220105,-0.12318907660892388,-0.24435014409890218,0.28093544931066056,0.023781491249896956,0.027942154085591964,-0.11533333069522318,0.3482740762668748,-0.1609082710410242,0.2970036245910945,0.10920268170876087,1.0000000000000002,-0.01906627635918826,-0.14497566580569868,0.027302375532793143,0.038337166068765534,-0.14098754848460957,-0.04762180873039259,-0.05267066766516159,-0.13409244099221687,-0.07131805239794675,0.03134237052399549,-0.044366871874437226,0.03406472510036218,-0.07833358538558348,-0.05653594618003637,-0.20535112636556838,0.10443756450699845
S34,0.33193611384282073,-0.12510719999145611,0.3286547919499294,0.12099022380728715,0.3438033548205725,0.04899301656307849,-0.04244018735766822,0.4685721772687576,0.39012124495274914,-0.10387023673800208,0.6641174383186198,-0.4594729691389782,0.11164451935401352,0.323137362831711,-0.01906627635918826,1.0,-0.1691526296952942,0.6714537031321259,0.6519098223130854,-0.05133276648246385,-0.1458594747915534,-0.21320060559232873,-0.32222982339765155,0.19519387548517744,0.28861387558758617,-0.09591671488215489,0.44557616554470214,-0.16255270537028033,0.48218288179100444,0.026988899019923313,0.40917256510413297
S35,-0.11102571413289752,-0.07835325893909294,-0.1392588012368616,-0.073190723279701,-0.2569961857251628,-0.18984946465369748,0.5046916995182066,-0.1885347206233301,-0.18405820372945977,-0.07059303320730732,-0.2717813161440926,0.4627789387777233,-0.805770148545764,-0.20319668340526223,-0.14497566580569868,-0.1691526296952942,0.9999999999999999,-0.22703646651871415,-0.2507520337256815,-0.0602065666912601,-0.1317823065216295,0.9277666327345898,-0.05992109328813451,-0.16144020956113964,-0.13930087752231585,-0.15626350772632053,-0.09062072843973597,0.9564558466477164,-0.1901059036123792,0.5705822049280544,-0.30662680261336384
S37,0.6845097587800559,-0.19266831445321594,0.7088179662508863,0.15888711421966556,0.5013480010096053,-0.09032142070580776,0.018417631237941354,0.6531923865872351,0.5706197432448693,-0.41960007045973347,0.5006937902263345,-0.7072992568727595,0.23318152219551186,0.6629705811892078,0.027302375532793143,0.6714537031321259,-0.22703646651871415,1.0,0.7593194337757001,-0.3884326768390672,-0.1398393958268351,-0.2046663992782926,-0.5552558786690188,0.6207885845459357,0.6301324236720117,0.0512865438061968,0.6934953641745482,-0.14782159052593627,0.8299828104091734,-0.016577946277190878,0.5140995379427362
S38,0.43701099532395676,-0.1532945436272609,0.5332313266030058,0.13477259683258805,0.32296834984901496,0.0324568670719384,-0.038114092593579535,0.5466010167323209,0.5484125202027557,-0.2406149706169893,0.6308910792118209,-0.5532112283594074,0.17316291771565132,0.39259242809282124,0.038337166068765534,0.6519098223130854,-0.2507520337256815,0.7593194337757001,0.9999999999999997,-0.27094894814078874,-0.12363551518522041,-0.153516941344688,-0.39386785962435,0.5013600046398378,0.35430948971499215,-0.014627678890925764,0.39049520164992296,-0.12152485521457063,0.674467424734975,-0.017366142302143076,0.5679373750798344
S39,-0.5661143817236192,-0.20950412598727883,-0.5368167861374619,-0.04257553051621072,-0.22975940577716605,-0.138639919400833,-0.1267014830300427,-0.31200073041858617,-0.3968380460899596,0.9697242014446622,-0.43273048992139307,0.7442757371306647,-0.11407603619990903,-0.5422211327802414,-0.14098754848460957,-0.05133276648246385,-0.0602065666912601,-0.3884326768390672,-0.27094894814078874,1.0,-0.217044609518341,-0.1874588731185478,0.9042447550568434,-0.5419263794746204,-0.4765390162314841,-0.14458980407273653,-0.3958613783750206,-0.18957544153373915,-0.5240794058287567,-0.20063562436608456,-0.5546871776508795
S4,-0.0641667777973331,0.6627071925740877,-0.14541224383694168,-0.01701494823103575,-0.04051314260070108,-0.0711129409367084,0.043776502137636744,-0.2038884550498567,-0.034626183167221165,-0.27614484810154105,-0.08467074660466274,-0.2339112902405213,0.07853158232964766,-0.17393346773442553,-0.04762180873039259,-0.1458594747915534,-0.1317823065216295,-0.1398393958268351,-0.12363551518522041,-0.217044609518341,1.0,-0.03961347402374482,-0.27495494234835516,-0.015471538363760957,-0.13090137234170243,0.7094455336300598,-0.24841023572973933,-0.06477083215975804,-0.17204306325888202,-0.09318910209557929,-0.10678119588058278
S40,-0.06876755264592146,-0.10835672747512173,-0.0866064324876868,-0.1387947071352538,-0.26146032331534996,-0.2543173373058966,0.6039935777521496,-0.15375255195983303,-0.1804770340107202,-0.1715849472041035,-0.14507083144401858,0.3687211031719149,-0.7154320582889653,-0.09486798144380738,-0.05267066766516159,-0.21320060559232873,0.9277666327345898,-0.2046663992782926,-0.153516941344688,-0.1874588731185478,-0.03961347402374482,1.0000000000000002,-0.1697893451716352,-0.06247692197643231,-0.0242255002108611,-0.09284504208610649,-0.06877848269171094,0.9504294691400995,-0.18136675601204952,0.4885369244145325,-0.22457291661852533
S41,-0.554757982556629,-0.2354450612900536,-0.5513900325279666,-0.047175484306857945,-0.33363788522177057,-0.09697450958498949,-0.1975657677632912,-0.3332605310487623,-0.3448442108255202,0.9360420949422485,-0.5195419434706705,0.7944038631036042,-0.12485923816441759,-0.5581327339525921,-0.13409244099221687,-0.32222982339765155,-0.05992109328813451,-0.5552558786690188,-0.39386785962435,0.9042447550568434,-0.27495494234835516,-0.1697893451716352,0.9999999999999999,-0.5077122201862043,-0.5168292887807661,-0.23716113844941483,-0.5083244263724018,-0.18032589511735758,-0.524451661553985,-0.19154776544813001,-0.4274869751821692
S42,0.6946580976290938,-0.10381807451861925,0.7759836858827294,0.35733611613482896,0.6384837495177551,-0.10293614255184105,0.08943817151034864,0.7133514305953896,0.5143399448831745,-0.4975263745722286,0.296684707362073,-0.5975321912152313,0.14537050450103872,0.5788467528205008,-0.07131805239794675,0.19519387548517744,-0.16144020956113964,0.6207885845459357,0.5013600046398378,-0.5419263794746204,-0.015471538363760957,-0.06247692197643231,-0.5077122201862043,1.0,0.4049889467157932,0.09668671585969345,0.4378197220165282,-0.01378118446037516,0.6347495410824352,0.19950729059553723,0.4963564782644693
S43,0.32956768205098963,-0.33488072611289765,0.4718844248800897,-0.12461169008525579,0.2532824574527966,-0.2967487293929754,0.14062848473266532,0.42626542797621064,0.4357589017356484,-0.4857976244901555,0.31813129463932766,-0.541291782781692,0.3109986395692028,0.7723669336220864,0.03134237052399549,0.28861387558758617,-0.13930087752231585,0.6301324236720117,0.35430948971499215,-0.4765390162314841,-0.13090137234170243,-0.0242255002108611,-0.5168292887807661,0.4049889467157932,0.9999999999999999,0.19281108032230176,0.6721553199996521,-0.07538300392676521,0.5248652647382617,-0.13845741574404585,0.44111103931237355
S46,-0.012546179899496867,0.0931682898833659,0.027130810314398613,0.034331167984186124,0.0495386051809287,-0.48460410228794787,0.034671582405014126,-0.0006723233540959119,0.04302009581519982,-0.21462598047171727,-0.11077029461561991,-0.16932109808159657,0.39068216046514526,0.03808422623504078,-0.044366871874437226,-0.09591671488215489,-0.15626350772632053,0.0512865438061968,-0.014627678890925764,-0.14458980407273653,0.7094455336300598,-0.09284504208610649,-0.23716113844941483,0.09668671585969345,0.19281108032230176,1.0000000000000004,-0.004803403284350767,-0.06211845385344788,-0.0425856593042304,-0.10382964583458242,-0.06511794317018997
S48,0.5767888142143507,-0.20470573467121966,0.6680214896498373,0.36631002088434556,0.3898700014436355,-0.2356900630893926,0.165336098940918,0.43571479528360196,0.5177132798536416,-0.3884956745648112,0.3324527969859692,-0.554290253520864,0.1374547783826412,0.8093442906622956,0.03406472510036218,0.44557616554470214,-0.09062072843973597,0.6934953641745482,0.39049520164992296,-0.3958613783750206,-0.24841023572973933,-0.06877848269171094,-0.5083244263724018,0.4378197220165282,0.6721553199996521,-0.004803403284350767,0.9999999999999997,-0.05566746858581422,0.6173690419674942,0.2571152112275304,0.47506436834374083
S5,0.022910417740524578,-0.09439368530982267,-0.04104782157374048,-0.0032940868010752915,-0.27514999655351574,-0.2658152192315532,0.5984669513642107,-0.07212029259277195,-0.16235615392999136,-0.19098703636009573,-0.1807297854507183,0.3668370737081821,-0.7277962776788379,-0.13385952859585018,-0.07833358538558348,-0.16255270537028033,0.9564558466477164,-0.14782159052593627,-0.12152485521457063,-0.18957544153373915,-0.06477083215975804,0.9504294691400995,-0.18032589511735758,-0.01378118446037516,-0.07538300392676521,-0.06211845385344788,-0.05566746858581422,0.9999999999999999,-0.06922676062623723,0.6055709220240312,-0.17572675031058144
S7,0.7662617501138071,-0.1560935458107503,0.6818894993450794,0.24467281079141998,0.3007825977912157,-0.03862061094338401,0.03731844369801742,0.5378141198920472,0.6321545744959297,-0.5136338147235747,0.45113573763089193,-0.6626535208902368,0.2062567440010627,0.6402014009982914,-0.05653594618003637,0.48218288179100444,-0.1901059036123792,0.8299828104091734,0.674467424734975,-0.5240794058287567,-0.17204306325888202,-0.18136675601204952,-0.524451661553985,0.6347495410824352,0.5248652647382617,-0.0425856593042304,0.6173690419674942,-0.06922676062623723,1.0,0.10112182567518009,0.7255781409220076
S8,0.1902786500607621,-0.01331859130010024,0.27304225976007773,0.7326455041584072,0.08592837474162328,-0.06317825927933164,0.21236042463202354,0.12516409028934564,0.032821983014897554,-0.1779729392112212,-0.026710609340482288,0.07171051489389395,-0.5020643359455433,0.004539992754457965,-0.20535112636556838,0.026988899019923313,0.5705822049280544,-0.016577946277190878,-0.017366142302143076,-0.20063562436608456,-0.09318910209557929,0.4885369244145325,-0.19154776544813001,0.19950729059553723,-0.13845741574404585,-0.10382964583458242,0.2571152112275304,0.6055709220240312,0.10112182567518009,1.0000000000000002,0.12859313365804212
S9,0.6044483894826551,-0.08412187726615915,0.4252255621268049,0.3251597720822108,0.13776385296695157,0.013036158698172094,-0.06222585970924015,0.4704959746536586,0.6715217732955893,-0.46045279377068915,0.6334762406155382,-0.632276319869576,0.25565811806423,0.5832975512128183,0.10443756450699845,0.40917256510413297,-0.30662680261336384,0.5140995379427362,0.5679373750798344,-0.5546871776508795,-0.10678119588058278,-0.22457291661852533,-0.4274869751821692,0.4963564782644693,0.44111103931237355,-0.06511794317018997,0.47506436834374083,-0.17572675031058144,0.7255781409220076,0.12859313365804212,1.0
