feature,full_cliffs_delta,loso_delta_median,loso_delta_min,loso_delta_max,loso_direction_agreement,loso_max_abs_shift
RHipAngles_ax1_median__median,0.3277310924369748,0.3212669683257919,0.27601809954751133,0.42081447963800905,1.0,0.09308338720103426
LHipAngles_ax1_rom__median,-0.14285714285714285,-0.13122171945701358,-0.23076923076923078,-0.07692307692307693,1.0,0.08791208791208793
LHipAngles_ax1_tmin_pct__median,-0.06722689075630252,-0.058823529411764705,-0.13574660633484162,0.0,0.9354838709677419,0.0685197155785391
LHipAngles_ax1_tmax_pct__median,-0.04201680672268908,-0.03125,-0.11312217194570136,0.02262443438914027,0.8387096774193549,0.07110536522301228
LHipAngles_ax1_peak_vel__median,-0.05042016806722689,-0.044642857142857144,-0.12217194570135746,0.02262443438914027,0.9032258064516129,0.07304460245636717
RKneeAngles_ax1_phase_90_100_rom__median,0.13445378151260504,0.125,0.07692307692307693,0.22171945701357465,1.0,0.08726567550096961
LHipAngles_ax1_vel_rms__median,-0.008403361344537815,-0.008928571428571428,-0.06787330316742081,0.06787330316742081,0.5806451612903226,0.07627666451195862
RHipAngles_ax1_peak_acc__median,0.33613445378151263,0.3212669683257919,0.29411764705882354,0.43891402714932126,1.0,0.10277957336780863
RKneeAngles_ax1_peak_acc__median,0.12605042016806722,0.125,0.07692307692307693,0.21266968325791855,1.0,0.08661926308985132
LHipAngles_ax2_min__median,0.13445378151260504,0.14027149321266968,0.08035714285714286,0.20535714285714285,1.0,0.07090336134453781
LHipAngles_ax2_max__median,0.08403361344537816,0.06787330316742081,0.013574660633484163,0.167420814479638,1.0,0.08338720103425984
LHipAngles_ax2_std__median,-0.13445378151260504,-0.14027149321266968,-0.22171945701357465,-0.06787330316742081,1.0,0.08726567550096961
LHipAngles_ax2_rom__median,0.025210084033613446,0.008928571428571428,-0.049773755656108594,0.10407239819004525,0.6774193548387096,0.0788623141564318
LHipAngles_ax2_tmin_pct__median,-0.08823529411764706,-0.08144796380090498,-0.17194570135746606,-0.03619909502262444,1.0,0.083710407239819
LHipAngles_ax2_peak_vel__median,0.10084033613445378,0.09821428571428571,0.04072398190045249,0.16964285714285715,1.0,0.06880252100840337
LHipAngles_ax2_tpeak_vel_pct__median,-0.42436974789915966,-0.41517857142857145,-0.5044642857142857,-0.38009049773755654,1.0,0.08009453781512604
LHipAngles_ax2_vel_rms__median,0.10084033613445378,0.08928571428571429,0.03167420814479638,0.18552036199095023,1.0,0.08468002585649645
LHipAngles_ax2_peak_acc__median,0.2689075630252101,0.26785714285714285,0.21266968325791855,0.3393665158371041,1.0,0.07045895281189402
LHipAngles_ax3_mean__median,-0.025210084033613446,-0.026785714285714284,-0.09502262443438914,0.04072398190045249,0.7096774193548387,0.0698125404007757
LHipAngles_ax3_rom__median,0.1092436974789916,0.09821428571428571,0.049773755656108594,0.18552036199095023,1.0,0.07627666451195864
LHipAngles_ax3_tmin_pct__median,-0.1092436974789916,-0.125,-0.167420814479638,-0.04072398190045249,1.0,0.06851971557853911
LHipAngles_ax3_tmax_pct__median,-0.3949579831932773,-0.4017857142857143,-0.4660633484162896,-0.34841628959276016,1.0,0.0711053652230123
LHipAngles_ax3_peak_acc__median,0.0,0.0,-0.07692307692307693,0.07692307692307693,0.06451612903225806,0.07692307692307693
LHipAngles_ax3_tpeak_vel_pct__median,-0.49159663865546216,-0.48660714285714285,-0.5972850678733032,-0.45248868778280543,1.0,0.105688429217841
RHipAngles_ax1_rom__median,0.06722689075630252,0.07692307692307693,-0.004524886877828055,0.13122171945701358,0.967741935483871,0.07175177763413057
RHipAngles_ax1_tmin_pct__median,0.03361344537815126,0.022321428571428572,-0.027149321266968326,0.09821428571428571,0.8387096774193549,0.06460084033613445
RHipAngles_ax1_tmax_pct__median,-0.03361344537815126,-0.026785714285714284,-0.11312217194570136,0.04072398190045249,0.7741935483870968,0.07950872656755009
RHipAngles_ax1_peak_vel__median,0.058823529411764705,0.058823529411764705,-0.013574660633484163,0.12217194570135746,0.8387096774193549,0.07239819004524886
RHipAngles_ax1_vel_rms__median,0.10084033613445378,0.10714285714285714,0.03167420814479638,0.17647058823529413,1.0,0.07563025210084034
RHipAngles_ax2_min__median,-0.03361344537815126,-0.026785714285714284,-0.11312217194570136,0.03167420814479638,0.6774193548387096,0.07950872656755009
RHipAngles_ax2_max__median,0.15966386554621848,0.16071428571428573,0.09502262443438914,0.2398190045248869,1.0,0.08015513897866841
RHipAngles_ax2_mean__median,0.10084033613445378,0.10407239819004525,0.03167420814479638,0.17647058823529413,1.0,0.07563025210084034
RHipAngles_ax2_rom__median,0.06722689075630252,0.058823529411764705,-0.004524886877828055,0.1493212669683258,0.967741935483871,0.08209437621202327
RHipAngles_ax2_peak_vel__median,0.13445378151260504,0.14027149321266968,0.06787330316742081,0.22171945701357465,1.0,0.08726567550096961
RHipAngles_ax2_tpeak_vel_pct__median,0.10084033613445378,0.10407239819004525,0.04072398190045249,0.16964285714285715,1.0,0.06880252100840337
RHipAngles_ax3_min__median,-0.17647058823529413,-0.17647058823529413,-0.25,-0.125,1.0,0.07352941176470587
RHipAngles_ax3_rom__median,-0.2184873949579832,-0.21428571428571427,-0.31221719457013575,-0.1583710407239819,1.0,0.09372979961215255
RHipAngles_ax3_tmin_pct__median,0.1638655462184874,0.1583710407239819,0.09954751131221719,0.25339366515837103,1.0,0.08952811893988363
RHipAngles_ax3_tmax_pct__median,0.25630252100840334,0.23660714285714285,0.19909502262443438,0.35294117647058826,1.0,0.09663865546218492
RHipAngles_ax3_peak_acc__median,0.025210084033613446,0.013574660633484163,-0.026785714285714284,0.10407239819004525,0.6774193548387096,0.0788623141564318
RHipAngles_ax3_tpeak_vel_pct__median,0.046218487394957986,0.03167420814479638,-0.02262443438914027,0.11312217194570136,0.8387096774193549,0.06884292178409826
LKneeAngles_ax1_median__median,0.15126050420168066,0.14027149321266968,0.09502262443438914,0.2398190045248869,1.0,0.08855850032320622
LKneeAngles_ax1_max__median,0.24369747899159663,0.23076923076923078,0.19457013574660634,0.3393665158371041,1.0,0.09566903684550745
LKneeAngles_ax1_std__median,0.03361344537815126,0.03571428571428571,-0.04072398190045249,0.11312217194570136,0.6774193548387096,0.07950872656755009
LKneeAngles_ax1_rom__median,-0.01680672268907563,-0.004524886877828055,-0.09502262443438914,0.058823529411764705,0.5483870967741935,0.07821590174531351
LKneeAngles_ax1_tmin_pct__median,0.037815126050420166,0.05357142857142857,-0.03167420814479638,0.09821428571428571,0.7419354838709677,0.06948933419521655
LKneeAngles_ax1_peak_vel__median,-0.025210084033613446,-0.017857142857142856,-0.09502262443438914,0.04072398190045249,0.6774193548387096,0.0698125404007757
LKneeAngles_ax1_vel_rms__median,0.17647058823529413,0.17857142857142858,0.12217194570135746,0.2579185520361991,1.0,0.081447963800905
LKneeAngles_ax1_peak_acc__median,0.03361344537815126,0.03167420814479638,-0.04072398190045249,0.10407239819004525,0.7419354838709677,0.07433742727860375
LKneeAngles_ax1_acc_rms__median,0.12605042016806722,0.12217194570135746,0.07142857142857142,0.19642857142857142,1.0,0.0703781512605042
LKneeAngles_ax2_rom__median,-0.03361344537815126,-0.04072398190045249,-0.10407239819004525,0.03167420814479638,0.7096774193548387,0.07045895281189399
LKneeAngles_ax2_tmin_pct__median,0.2815126050420168,0.28054298642533937,0.23529411764705882,0.36160714285714285,1.0,0.08009453781512604
LKneeAngles_ax2_tmax_pct__median,-0.35294117647058826,-0.3438914027149321,-0.42857142857142855,-0.3031674208144796,1.0,0.07563025210084029
LKneeAngles_ax2_tpeak_vel_pct__median,-0.14705882352941177,-0.13574660633484162,-0.2171945701357466,-0.08144796380090498,1.0,0.07013574660633484
LKneeAngles_ax2_peak_acc__median,0.15966386554621848,0.1493212669683258,0.10714285714285714,0.23214285714285715,1.0,0.07247899159663868
LKneeAngles_ax3_max__median,0.15126050420168066,0.14027149321266968,0.08597285067873303,0.23076923076923078,1.0,0.07950872656755012
LKneeAngles_ax3_rom__median,-0.11764705882352941,-0.125,-0.19457013574660634,-0.058823529411764705,1.0,0.07692307692307693
LKneeAngles_ax3_tmin_pct__median,-0.07983193277310924,-0.07239819004524888,-0.14732142857142858,-0.022321428571428572,1.0,0.06748949579831934
LKneeAngles_ax3_tmax_pct__median,-0.542016806722689,-0.53125,-0.6244343891402715,-0.5067873303167421,1.0,0.08241758241758246
LKneeAngles_ax3_peak_vel__median,0.17647058823529413,0.17857142857142858,0.12217194570135746,0.2579185520361991,1.0,0.081447963800905
LKneeAngles_ax3_tpeak_vel_pct__median,-0.18907563025210083,-0.18303571428571427,-0.2579185520361991,-0.12669683257918551,1.0,0.06884292178409829
LKneeAngles_ax3_peak_acc__median,0.35294117647058826,0.3392857142857143,0.31221719457013575,0.45701357466063347,1.0,0.10407239819004521
RKneeAngles_ax1_min__median,0.19327731092436976,0.1875,0.13122171945701358,0.27601809954751133,1.0,0.08274078862314158
RKneeAngles_ax1_max__median,0.06722689075630252,0.07142857142857142,-0.004524886877828055,0.13122171945701358,0.9354838709677419,0.07175177763413057
RKneeAngles_ax1_median__median,-0.05042016806722689,-0.044642857142857144,-0.11312217194570136,0.02262443438914027,0.8709677419354839,0.07304460245636717
RKneeAngles_ax1_std__median,0.10084033613445378,0.09821428571428571,0.03167420814479638,0.17647058823529413,1.0,0.07563025210084034
RKneeAngles_ax1_rom__median,-0.025210084033613446,-0.026785714285714284,-0.10407239819004525,0.04072398190045249,0.6774193548387096,0.0788623141564318
RKneeAngles_ax1_tmin_pct__median,0.06722689075630252,0.049107142857142856,-0.004524886877828055,0.14479638009049775,0.9354838709677419,0.07756948933419523
RKneeAngles_ax1_tpeak_vel_pct__median,0.1638655462184874,0.14732142857142858,0.11312217194570136,0.24434389140271492,1.0,0.08047834518422753
RKneeAngles_ax2_rom__median,0.29411764705882354,0.29411764705882354,0.248868778280543,0.375,1.0,0.08088235294117646
RKneeAngles_ax2_tmin_pct__median,0.18487394957983194,0.18099547511312217,0.12217194570135746,0.27601809954751133,1.0,0.09114414996767939
RKneeAngles_ax2_tmax_pct__median,0.3487394957983193,0.3438914027149321,0.2986425339366516,0.4072398190045249,1.0,0.05850032320620557
RKneeAngles_ax2_peak_vel__median,0.13445378151260504,0.13122171945701358,0.08928571428571429,0.22171945701357465,1.0,0.08726567550096961
RKneeAngles_ax2_tpeak_vel_pct__median,0.14705882352941177,0.13839285714285715,0.09049773755656108,0.22624434389140272,1.0,0.07918552036199095
RKneeAngles_ax2_peak_acc__median,0.25210084033613445,0.2398190045248869,0.21266968325791855,0.34841628959276016,1.0,0.09631544925662572
RKneeAngles_ax3_max__median,-0.05042016806722689,-0.0625,-0.11312217194570136,0.02262443438914027,0.7741935483870968,0.07304460245636717
RKneeAngles_ax3_std__median,-0.01680672268907563,-0.026785714285714284,-0.09502262443438914,0.058823529411764705,0.6129032258064516,0.07821590174531351
RKneeAngles_ax3_rom__median,-0.008403361344537815,-0.008928571428571428,-0.08597285067873303,0.06787330316742081,0.5161290322580645,0.07756948933419522
RKneeAngles_ax3_tmin_pct__median,-0.008403361344537815,-0.02262443438914027,-0.06787330316742081,0.06787330316742081,0.6129032258064516,0.07627666451195862
RKneeAngles_ax3_tmax_pct__median,0.31512605042016806,0.30357142857142855,0.27601809954751133,0.416289592760181,1.0,0.10116354234001296
RKneeAngles_ax3_peak_vel__median,0.23529411764705882,0.23076923076923078,0.17647058823529413,0.3212669683257919,1.0,0.08597285067873306
RKneeAngles_ax3_tpeak_vel_pct__median,-0.3445378151260504,-0.3482142857142857,-0.42857142857142855,-0.3031674208144796,1.0,0.08403361344537813
RKneeAngles_ax3_peak_acc__median,0.48739495798319327,0.4732142857142857,0.45535714285714285,0.583710407239819,1.0,0.09631544925662577
LAnkleAngles_ax1_min__median,0.31932773109243695,0.3125,0.2669683257918552,0.42081447963800905,1.0,0.1014867485455721
LAnkleAngles_ax1_max__median,0.11764705882352941,0.125,0.049773755656108594,0.17857142857142858,1.0,0.06787330316742082
LAbsAnkleAngle_ax1_mean__median,0.14285714285714285,0.15178571428571427,0.07692307692307693,0.21266968325791855,1.0,0.0698125404007757
LAnkleAngles_ax1_rom__median,-0.18487394957983194,-0.19642857142857142,-0.25892857142857145,-0.13122171945701358,1.0,0.07405462184873951
LAnkleAngles_ax1_tmax_pct__median,-0.18487394957983194,-0.20361990950226244,-0.27149321266968324,-0.12217194570135746,1.0,0.0866192630898513
LAnkleAngles_ax1_peak_vel__median,-0.06722689075630252,-0.07692307692307693,-0.14027149321266968,-0.004524886877828055,1.0,0.07304460245636717
LAnkleAngles_ax1_peak_acc__median,0.07563025210084033,0.0625,0.013574660633484163,0.1493212669683258,1.0,0.07369101486748546
LAnkleAngles_ax3_min__median,-0.226890756302521,-0.21266968325791855,-0.3212669683257919,-0.18552036199095023,1.0,0.09437621202327087
LAnkleAngles_ax2_rom__median,-0.13445378151260504,-0.14285714285714285,-0.22171945701357465,-0.06787330316742081,1.0,0.08726567550096961
LAnkleAngles_ax2_tmin_pct__median,0.3319327731092437,0.32589285714285715,0.28054298642533937,0.4343891402714932,1.0,0.10245636716224954
LAnkleAngles_ax2_tmax_pct__median,0.037815126050420166,0.04017857142857143,-0.03619909502262444,0.11764705882352941,0.7096774193548387,0.07983193277310924
LAnkleAngles_ax2_tpeak_vel_pct__median,0.2857142857142857,0.2857142857142857,0.23076923076923078,0.37104072398190047,1.0,0.08532643826761477
LAnkleAngles_ax3_rom__median,-0.008403361344537815,-0.008928571428571428,-0.07692307692307693,0.05357142857142857,0.5483870967741935,0.06851971557853911
LAnkleAngles_ax3_peak_vel__median,0.16806722689075632,0.16071428571428573,0.11312217194570136,0.24107142857142858,1.0,0.07300420168067226
LAnkleAngles_ax3_tpeak_vel_pct__median,0.17647058823529413,0.19642857142857142,0.11312217194570136,0.25339366515837103,1.0,0.0769230769230769
LAnkleAngles_ax3_peak_acc__median,0.20168067226890757,0.19642857142857142,0.1493212669683258,0.2850678733031674,1.0,0.08338720103425984
RAnkleAngles_ax1_min__median,0.20168067226890757,0.1875,0.14027149321266968,0.29411764705882354,1.0,0.09243697478991597
RAnkleAngles_ax1_max__median,0.15126050420168066,0.15178571428571427,0.08597285067873303,0.21428571428571427,1.0,0.06528765352294763
RAnkleAngles_ax1_mean__median,0.16806722689075632,0.167420814479638,0.10407239819004525,0.2398190045248869,1.0,0.07175177763413057
RAnkleAngles_ax1_median__median,0.1092436974789916,0.11312217194570136,0.049773755656108594,0.17857142857142858,1.0,0.06932773109243698
RAnkleAngles_ax1_rom__median,-0.07563025210084033,-0.08035714285714286,-0.14285714285714285,-0.013574660633484163,1.0,0.06722689075630252
RAbsAnkleAngle_ax1_tmax_pct__median,0.09243697478991597,0.10267857142857142,0.03167420814479638,0.16071428571428573,1.0,0.06827731092436976
RAnkleAngles_ax1_peak_vel__median,0.10084033613445378,0.10714285714285714,0.04072398190045249,0.18552036199095023,1.0,0.08468002585649645
RAbsAnkleAngle_ax1_peak_acc__median,0.2184873949579832,0.21266968325791855,0.167420814479638,0.3031674208144796,1.0,0.08468002585649642
RAnkleAngles_ax3_max__median,0.20168067226890757,0.20535714285714285,0.14027149321266968,0.27601809954751133,1.0,0.07433742727860376
RAnkleAngles_ax2_rom__median,-0.1092436974789916,-0.09821428571428571,-0.18552036199095023,-0.04072398190045249,1.0,0.07627666451195864
RAnkleAngles_ax2_tmin_pct__median,0.09663865546218488,0.09375,0.027149321266968326,0.18099547511312217,1.0,0.08435681965093729
RAnkleAngles_ax2_tmax_pct__median,0.23529411764705882,0.22171945701357465,0.17647058823529413,0.33031674208144796,1.0,0.09502262443438914
RAnkleAngles_ax3_tpeak_vel_pct__median,-0.15966386554621848,-0.167420814479638,-0.22321428571428573,-0.09502262443438914,1.0,0.06464124111182934
RAnkleAngles_ax2_peak_acc__median,0.21008403361344538,0.19642857142857142,0.1493212669683258,0.3031674208144796,1.0,0.09308338720103423
RAnkleAngles_ax3_rom__median,0.05042016806722689,0.05357142857142857,-0.013574660633484163,0.11607142857142858,0.8387096774193549,0.06565126050420168
RAnkleAngles_ax3_peak_vel__median,0.3277310924369748,0.32142857142857145,0.2850678733031674,0.4107142857142857,1.0,0.08298319327731091
RAnkleAngles_ax3_peak_acc__median,0.3949579831932773,0.39285714285714285,0.35714285714285715,0.48214285714285715,1.0,0.08718487394957986
LFootProgressAngles_ax1_min__median,0.12605042016806722,0.12217194570135746,0.058823529411764705,0.19457013574660634,1.0,0.06851971557853911
LFootProgressAngles_ax1_max__median,-0.2857142857142857,-0.2767857142857143,-0.3665158371040724,-0.2398190045248869,1.0,0.08080155138978667
LFootProgressAngles_ax1_mean__median,-0.07563025210084033,-0.08035714285714286,-0.1583710407239819,-0.013574660633484163,1.0,0.08274078862314156
LFootProgressAngles_ax1_median__median,0.06722689075630252,0.0625,-0.004524886877828055,0.1493212669683258,0.967741935483871,0.08209437621202327
LFootProgressAngles_ax1_std__median,-0.4117647058823529,-0.41964285714285715,-0.5,-0.375,1.0,0.08823529411764708
LFootProgressAngles_ax1_rom__median,-0.35294117647058826,-0.3482142857142857,-0.42857142857142855,-0.3031674208144796,1.0,0.07563025210084029
LFootProgressAngles_ax1_tmin_pct__median,0.1722689075630252,0.167420814479638,0.12053571428571429,0.24553571428571427,1.0,0.07326680672268907
LFootProgressAngles_ax1_peak_vel__median,0.008403361344537815,0.0,-0.058823529411764705,0.07142857142857142,0.41935483870967744,0.06722689075630252
LFootProgressAngles_ax2_min__median,-0.2605042016806723,-0.26785714285714285,-0.3393665158371041,-0.20361990950226244,1.0,0.0788623141564318
LFootProgressAngles_ax2_rom__median,-0.35294117647058826,-0.3482142857142857,-0.4375,-0.31221719457013575,1.0,0.08455882352941174
LFootProgressAngles_ax2_mean__median,-0.4369747899159664,-0.4375,-0.5384615384615384,-0.3936651583710407,1.0,0.10148674854557205
LFootProgressAngles_ax2_median__median,-0.3025210084033613,-0.3031674208144796,-0.3665158371040724,-0.248868778280543,1.0,0.06399482870071105
LFootProgressAngles_ax2_tmin_pct__median,0.11764705882352941,0.11160714285714286,0.058823529411764705,0.20361990950226244,1.0,0.08597285067873303
LFootProgressAngles_ax2_tmax_pct__median,0.24789915966386555,0.22767857142857142,0.19457013574660634,0.33031674208144796,1.0,0.0824175824175824
LFootProgressAngles_ax2_tpeak_vel_pct__median,-0.10504201680672269,-0.08597285067873303,-0.19004524886877827,-0.03619909502262444,1.0,0.08500323206205558
LFootProgressAngles_ax2_peak_acc__median,-0.025210084033613446,-0.04072398190045249,-0.09502262443438914,0.04072398190045249,0.6774193548387096,0.0698125404007757
LFootProgressAngles_ax3_min__median,0.14285714285714285,0.14027149321266968,0.08928571428571429,0.21428571428571427,1.0,0.07142857142857142
LFootProgressAngles_ax3_mean__median,0.05042016806722689,0.05357142857142857,-0.02262443438914027,0.11312217194570136,0.8387096774193549,0.07304460245636717
LFootProgressAngles_ax3_rom__median,-0.06722689075630252,-0.07142857142857142,-0.13392857142857142,-0.008928571428571428,1.0,0.0667016806722689
LFootProgressAngles_ax3_tmin_pct__median,-0.1134453781512605,-0.09954751131221719,-0.19909502262443438,-0.04524886877828054,1.0,0.08564964447317387
LFootProgressAngles_ax3_tmax_pct__median,0.04201680672268908,0.044642857142857144,-0.03167420814479638,0.12217194570135746,0.8064516129032258,0.08015513897866838
LFootProgressAngles_ax3_peak_vel__median,0.05042016806722689,0.044642857142857144,-0.008928571428571428,0.11607142857142858,0.8709677419354839,0.06565126050420168
LFootProgressAngles_ax3_tpeak_vel_pct__median,0.10504201680672269,0.11160714285714286,0.03619909502262444,0.18099547511312217,1.0,0.07595345830639948
LFootProgressAngles_ax3_peak_acc__median,0.25210084033613445,0.248868778280543,0.19457013574660634,0.32142857142857145,1.0,0.069327731092437
LFootProgressAngles_ax3_acc_rms__median,0.13445378151260504,0.14027149321266968,0.06787330316742081,0.19642857142857142,1.0,0.06658047834518423
RFootProgressAngles_ax1_min__median,0.06722689075630252,0.05357142857142857,0.004524886877828055,0.1493212669683258,1.0,0.08209437621202327
RFootProgressAngles_ax1_max__median,-0.24369747899159663,-0.2398190045248869,-0.3125,-0.18552036199095023,1.0,0.06880252100840337
RFootProgressAngles_ax1_mean__median,-0.058823529411764705,-0.0625,-0.14027149321266968,0.013574660633484163,0.967741935483871,0.08144796380090498
RFootProgressAngles_ax1_median__median,-0.10084033613445378,-0.09502262443438914,-0.18552036199095023,-0.05357142857142857,1.0,0.08468002585649645
RFootProgressAngles_ax1_std__median,-0.17647058823529413,-0.167420814479638,-0.2669683257918552,-0.11312217194570136,1.0,0.09049773755656107
RFootProgressAngles_ax1_rom__median,-0.19327731092436976,-0.1875,-0.25892857142857145,-0.13122171945701358,1.0,0.0656512605042017
RFootProgressAngles_ax1_tmin_pct__median,-0.01680672268907563,-0.008928571428571428,-0.09049773755656108,0.05429864253393665,0.5161290322580645,0.07369101486748546
RFootProgressAngles_ax1_acc_rms__median,0.10084033613445378,0.08597285067873303,0.044642857142857144,0.16964285714285715,1.0,0.06880252100840337
RFootProgressAngles_ax2_min__median,0.25210084033613445,0.25,0.20361990950226244,0.33035714285714285,1.0,0.0782563025210084
RFootProgressAngles_ax2_max__median,0.14285714285714285,0.13392857142857142,0.07692307692307693,0.23076923076923078,1.0,0.08791208791208793
RFootProgressAngles_ax2_mean__median,0.07563025210084033,0.08928571428571429,0.004524886877828055,0.13392857142857142,1.0,0.07110536522301228
RFootProgressAngles_ax2_median__median,0.09243697478991597,0.09502262443438914,0.02262443438914027,0.1583710407239819,1.0,0.0698125404007757
RFootProgressAngles_ax2_rom__median,0.01680672268907563,0.004524886877828055,-0.04072398190045249,0.09502262443438914,0.5161290322580645,0.07821590174531351
RFootProgressAngles_ax2_tmin_pct__median,0.02100840336134454,0.03571428571428571,-0.05429864253393665,0.09049773755656108,0.6774193548387096,0.0753070458952812
RFootProgressAngles_ax2_tmax_pct__median,-0.0546218487394958,-0.06334841628959276,-0.12053571428571429,0.004464285714285714,0.8387096774193549,0.06591386554621849
RFootProgressAngles_ax2_tpeak_vel_pct__median,-0.029411764705882353,-0.04017857142857143,-0.08482142857142858,0.04524886877828054,0.6774193548387096,0.0746606334841629
RFootProgressAngles_ax3_min__median,0.008403361344537815,0.013574660633484163,-0.05357142857142857,0.07142857142857142,0.5483870967741935,0.06302521008403361
RFootProgressAngles_ax3_median__median,-0.09243697478991597,-0.08597285067873303,-0.167420814479638,-0.02262443438914027,1.0,0.07498383968972203
RFootProgressAngles_ax3_rom__median,-0.058823529411764705,-0.0625,-0.125,0.004524886877828055,0.8387096774193549,0.0661764705882353
RFootProgressAngles_ax3_tmin_pct__median,0.1092436974789916,0.08928571428571429,0.0625,0.19457013574660634,1.0,0.08532643826761474
RFootProgressAngles_ax3_tmax_pct__median,-0.20168067226890757,-0.1875,-0.27149321266968324,-0.14027149321266968,1.0,0.06981254040077567
RFootProgressAngles_ax3_tpeak_vel_pct__median,-0.05042016806722689,-0.058823529411764705,-0.10714285714285714,0.02262443438914027,0.7741935483870968,0.07304460245636717
RFootProgressAngles_ax3_peak_acc__median,0.4117647058823529,0.40271493212669685,0.375,0.5,1.0,0.08823529411764708
cycle_duration_s__median,-0.21008403361344538,-0.21266968325791855,-0.2857142857142857,-0.1583710407239819,1.0,0.07563025210084032
opposite_foot_off_pct__median,0.046218487394957986,0.04524886877828054,-0.027149321266968326,0.11764705882352941,0.8387096774193549,0.07336780866192631
mid_stance_pct__median,0.012605042016806723,0.013392857142857142,-0.049773755656108594,0.07589285714285714,0.6129032258064516,0.06328781512605042
LASI_path3d__median,-0.13445378151260504,-0.14027149321266968,-0.20535714285714285,-0.07692307692307693,1.0,0.07090336134453781
LASI_ax2_excursion__median,-0.2184873949579832,-0.23214285714285715,-0.3031674208144796,-0.1583710407239819,1.0,0.08468002585649642
LASI_ax3_excursion__median,0.008403361344537815,0.017857142857142856,-0.06787330316742081,0.07692307692307693,0.5806451612903226,0.07627666451195862
RPSI_ax2_excursion__median,-0.3025210084033613,-0.3031674208144796,-0.3936651583710407,-0.248868778280543,1.0,0.09114414996767939
LPSI_ax3_excursion__median,-0.226890756302521,-0.23214285714285715,-0.30357142857142855,-0.17647058823529413,1.0,0.07668067226890754
LKJC_ax2_excursion__median,-0.19327731092436976,-0.1875,-0.2850678733031674,-0.13122171945701358,1.0,0.09179056237879765
LKJC_ax3_excursion__median,0.17647058823529413,0.1583710407239819,0.125,0.2579185520361991,1.0,0.081447963800905
RKJC_ax2_excursion__median,-0.14285714285714285,-0.15178571428571427,-0.22171945701357465,-0.07692307692307693,1.0,0.0788623141564318
RKJC_ax3_excursion__median,0.29411764705882354,0.2857142857142857,0.25,0.38461538461538464,1.0,0.0904977375565611
LAJC_ax2_excursion__median,-0.31932773109243695,-0.31221719457013575,-0.39285714285714285,-0.2669683257918552,1.0,0.0735294117647059
LAJC_ax3_excursion__median,0.11764705882352941,0.10714285714285714,0.058823529411764705,0.20361990950226244,1.0,0.08597285067873303
RAJC_ax2_excursion__median,-0.24369747899159663,-0.25892857142857145,-0.32142857142857145,-0.19457013574660634,1.0,0.07773109243697482
RAJC_ax3_excursion__median,0.008403361344537815,0.008928571428571428,-0.058823529411764705,0.08597285067873303,0.5483870967741935,0.07756948933419522
LHEE_ax2_excursion__median,-0.24369747899159663,-0.25,-0.32142857142857145,-0.19457013574660634,1.0,0.07773109243697482
RHEE_ax3_excursion__median,-0.01680672268907563,-0.02262443438914027,-0.08035714285714286,0.049773755656108594,0.5806451612903226,0.06658047834518423
RHEE_ax2_excursion__median,-0.10084033613445378,-0.10407239819004525,-0.16964285714285715,-0.04072398190045249,1.0,0.06880252100840337
LTOE_ax2_excursion__median,-0.2773109243697479,-0.27601809954751133,-0.34841628959276016,-0.22171945701357465,1.0,0.07110536522301225
LTOE_ax3_excursion__median,-0.04201680672268908,-0.044642857142857144,-0.12217194570135746,0.03167420814479638,0.7096774193548387,0.08015513897866838
RTOE_ax2_excursion__median,-0.16806722689075632,-0.167420814479638,-0.248868778280543,-0.11312217194570136,1.0,0.08080155138978667
RTOE_ax3_excursion__median,-0.2184873949579832,-0.20535714285714285,-0.31221719457013575,-0.167420814479638,1.0,0.09372979961215255
CentreOfMass_ax2_excursion__median,-0.10084033613445378,-0.09502262443438914,-0.167420814479638,-0.03167420814479638,1.0,0.0691661279896574
LHipAngles_ax1_phase_0_10_rom__median,0.06722689075630252,0.07142857142857142,0.004524886877828055,0.1493212669683258,1.0,0.08209437621202327
LHipAngles_ax1_phase_10_20_rom__median,0.03361344537815126,0.03167420814479638,-0.02262443438914027,0.11312217194570136,0.6451612903225806,0.07950872656755009
LHipAngles_ax1_phase_30_40_rom__median,-0.08403361344537816,-0.07692307692307693,-0.167420814479638,-0.02262443438914027,1.0,0.08338720103425984
LHipAngles_ax1_phase_40_50_rom__median,-0.06722689075630252,-0.05357142857142857,-0.1493212669683258,-0.017857142857142856,1.0,0.08209437621202327
LHipAngles_ax1_phase_50_60_rom__median,0.0,-0.013574660633484163,-0.07692307692307693,0.07692307692307693,0.0,0.07692307692307693
LHipAngles_ax1_phase_70_80_rom__median,-0.20168067226890757,-0.1875,-0.29411764705882354,-0.1583710407239819,1.0,0.09243697478991597
LHipAngles_ax1_phase_80_90_rom__median,-0.14285714285714285,-0.14285714285714285,-0.22171945701357465,-0.07692307692307693,1.0,0.0788623141564318
LHipAngles_ax1_phase_90_100_rom__median,-0.10084033613445378,-0.10714285714285714,-0.17647058823529413,-0.03167420814479638,1.0,0.07563025210084034
RHipAngles_ax1_phase_0_10_rom__median,0.17647058823529413,0.17857142857142858,0.11312217194570136,0.24107142857142858,1.0,0.06460084033613445
RHipAngles_ax1_phase_20_30_rom__median,-0.14285714285714285,-0.125,-0.23076923076923078,-0.07692307692307693,1.0,0.08791208791208793
RHipAngles_ax1_phase_30_40_rom__median,-0.12605042016806722,-0.13122171945701358,-0.20361990950226244,-0.058823529411764705,1.0,0.07756948933419522
RHipAngles_ax1_phase_40_50_rom__median,0.15966386554621848,0.15178571428571427,0.09502262443438914,0.248868778280543,1.0,0.08920491273432452
RHipAngles_ax1_phase_50_60_rom__median,0.3025210084033613,0.2857142857142857,0.248868778280543,0.38461538461538464,1.0,0.08209437621202331
RHipAngles_ax1_phase_60_70_rom__median,0.3865546218487395,0.3665158371040724,0.35714285714285715,0.49321266968325794,1.0,0.10665804783451843
RHipAngles_ax1_phase_70_80_rom__median,0.008403361344537815,0.008928571428571428,-0.06787330316742081,0.08597285067873303,0.6129032258064516,0.07756948933419522
RHipAngles_ax1_phase_80_90_rom__median,0.12605042016806722,0.12217194570135746,0.058823529411764705,0.19457013574660634,1.0,0.06851971557853911
RHipAngles_ax1_phase_90_100_rom__median,-0.13445378151260504,-0.11607142857142858,-0.22171945701357465,-0.09502262443438914,1.0,0.08726567550096961
LKneeAngles_ax1_phase_0_10_rom__median,-0.09243697478991597,-0.08928571428571429,-0.17647058823529413,-0.02262443438914027,1.0,0.08403361344537816
LKneeAngles_ax1_phase_10_20_mean__median,0.2857142857142857,0.27601809954751133,0.2398190045248869,0.38461538461538464,1.0,0.09890109890109894
LKneeAngles_ax1_phase_20_30_rom__median,-0.21008403361344538,-0.22171945701357465,-0.2767857142857143,-0.1493212669683258,1.0,0.06670168067226892
LKneeAngles_ax1_phase_30_40_rom__median,0.16806722689075632,0.1583710407239819,0.11312217194570136,0.2579185520361991,1.0,0.0898513251454428
LKneeAngles_ax1_phase_40_50_mean__median,0.2184873949579832,0.22321428571428573,0.1583710407239819,0.29411764705882354,1.0,0.07563025210084034
LKneeAngles_ax1_phase_50_60_rom__median,-0.2689075630252101,-0.26785714285714285,-0.3665158371040724,-0.21266968325791855,1.0,0.0976082740788623
LKneeAngles_ax1_phase_60_70_rom__median,-0.14285714285714285,-0.13392857142857142,-0.21428571428571427,-0.08928571428571429,1.0,0.07142857142857142
LKneeAngles_ax1_phase_70_80_rom__median,-0.2184873949579832,-0.22171945701357465,-0.27601809954751133,-0.1583710407239819,1.0,0.0601163542340013
LKneeAngles_ax1_phase_80_90_rom__median,-0.15126050420168066,-0.14285714285714285,-0.2398190045248869,-0.08597285067873303,1.0,0.08855850032320622
RKneeAngles_ax1_phase_10_20_min__median,-0.1092436974789916,-0.10714285714285714,-0.19457013574660634,-0.04072398190045249,1.0,0.08532643826761474
RKneeAngles_ax1_phase_0_10_rom__median,-0.3865546218487395,-0.375,-0.49321266968325794,-0.3393665158371041,1.0,0.10665804783451843
RKneeAngles_ax1_phase_20_30_rom__median,-0.3949579831932773,-0.38461538461538464,-0.502262443438914,-0.34841628959276016,1.0,0.10730446024563672
RKneeAngles_ax1_phase_40_50_mean__median,0.16806722689075632,0.16071428571428573,0.10407239819004525,0.2579185520361991,1.0,0.0898513251454428
RKneeAngles_ax1_phase_50_60_min__median,0.21008403361344538,0.20361990950226244,0.1493212669683258,0.3031674208144796,1.0,0.09308338720103423
RKneeAngles_ax1_phase_50_60_rom__median,-0.19327731092436976,-0.1875,-0.2850678733031674,-0.13122171945701358,1.0,0.09179056237879765
RKneeAngles_ax1_phase_70_80_rom__median,-0.23529411764705882,-0.248868778280543,-0.29464285714285715,-0.17647058823529413,1.0,0.05934873949579833
RKneeAngles_ax1_phase_90_100_mean__median,0.29411764705882354,0.2857142857142857,0.2398190045248869,0.3936651583710407,1.0,0.09954751131221717
LAnkleAngles_ax1_phase_70_80_min__median,0.14285714285714285,0.14027149321266968,0.07692307692307693,0.23076923076923078,1.0,0.08791208791208793
LAnkleAngles_ax1_phase_0_10_min__median,0.16806722689075632,0.16964285714285715,0.10407239819004525,0.22321428571428573,1.0,0.06399482870071106
LAnkleAngles_ax1_phase_0_10_rom__median,-0.17647058823529413,-0.16071428571428573,-0.2669683257918552,-0.13122171945701358,1.0,0.09049773755656107
LAnkleAngles_ax1_phase_10_20_mean__median,0.16806722689075632,0.14285714285714285,0.10407239819004525,0.2579185520361991,1.0,0.0898513251454428
LAnkleAngles_ax1_phase_10_20_min__median,0.15126050420168066,0.1583710407239819,0.08597285067873303,0.2398190045248869,1.0,0.08855850032320622
LAnkleAngles_ax1_phase_10_20_max__median,0.1092436974789916,0.10714285714285714,0.05357142857142857,0.17857142857142858,1.0,0.06932773109243698
LAnkleAngles_ax1_phase_10_20_rom__median,-0.1092436974789916,-0.11607142857142858,-0.18552036199095023,-0.049773755656108594,1.0,0.07627666451195864
LAnkleAngles_ax1_phase_50_60_max__median,-0.07563025210084033,-0.08035714285714286,-0.14285714285714285,-0.017857142857142856,1.0,0.06722689075630252
LAnkleAngles_ax1_phase_30_40_rom__median,0.01680672268907563,0.0,-0.049773755656108594,0.08597285067873303,0.3548387096774194,0.0691661279896574
LAnkleAngles_ax1_phase_40_50_rom__median,-0.46218487394957986,-0.4479638009049774,-0.5565610859728507,-0.42857142857142855,1.0,0.09437621202327084
LAnkleAngles_ax1_phase_50_60_min__median,0.04201680672268908,0.044642857142857144,-0.03167420814479638,0.10407239819004525,0.7741935483870968,0.07369101486748546
LAnkleAngles_ax1_phase_50_60_rom__median,-0.2857142857142857,-0.27601809954751133,-0.3665158371040724,-0.2398190045248869,1.0,0.08080155138978667
LAnkleAngles_ax1_phase_60_70_min__median,0.10084033613445378,0.08928571428571429,0.04072398190045249,0.18552036199095023,1.0,0.08468002585649645
LAnkleAngles_ax1_phase_60_70_max__median,0.05042016806722689,0.0625,-0.02262443438914027,0.10714285714285714,0.8064516129032258,0.07304460245636717
LAnkleAngles_ax1_phase_60_70_rom__median,-0.14285714285714285,-0.13392857142857142,-0.23076923076923078,-0.09502262443438914,1.0,0.08791208791208793
LAnkleAngles_ax1_phase_70_80_rom__median,-0.20168067226890757,-0.1875,-0.2767857142857143,-0.15178571428571427,1.0,0.07510504201680673
LAnkleAngles_ax1_phase_80_90_rom__median,-0.09243697478991597,-0.08597285067873303,-0.167420814479638,-0.03571428571428571,1.0,0.07498383968972203
LAnkleAngles_ax1_phase_90_100_rom__median,-0.33613445378151263,-0.32142857142857145,-0.41964285714285715,-0.29411764705882354,1.0,0.08350840336134452
RAnkleAngles_ax1_phase_90_100_max__median,0.01680672268907563,0.03571428571428571,-0.044642857142857144,0.08035714285714286,0.6451612903225806,0.06355042016806724
RAnkleAngles_ax1_phase_0_10_rom__median,0.04201680672268908,0.04072398190045249,-0.03167420814479638,0.11312217194570136,0.8709677419354839,0.07369101486748546
RAnkleAngles_ax1_phase_10_20_mean__median,-0.01680672268907563,-0.017857142857142856,-0.07692307692307693,0.058823529411764705,0.6129032258064516,0.07563025210084033
RAnkleAngles_ax1_phase_20_30_min__median,0.1092436974789916,0.09821428571428571,0.04072398190045249,0.19457013574660634,1.0,0.08532643826761474
RAnkleAngles_ax1_phase_10_20_max__median,0.058823529411764705,0.058823529411764705,0.0,0.13122171945701358,0.967741935483871,0.07239819004524888
RAnkleAngles_ax1_phase_10_20_rom__median,-0.12605042016806722,-0.125,-0.21266968325791855,-0.058823529411764705,1.0,0.08661926308985132
RAnkleAngles_ax1_phase_20_30_rom__median,-0.13445378151260504,-0.11607142857142858,-0.20361990950226244,-0.06787330316742081,1.0,0.0691661279896574
RAnkleAngles_ax1_phase_30_40_rom__median,0.16806722689075632,0.16964285714285715,0.10407239819004525,0.23214285714285715,1.0,0.06407563025210083
RAnkleAngles_ax1_phase_40_50_rom__median,0.06722689075630252,0.06787330316742081,-0.004524886877828055,0.14027149321266968,0.9354838709677419,0.07304460245636717
RAnkleAngles_ax1_phase_50_60_min__median,0.29411764705882354,0.2850678733031674,0.2398190045248869,0.3755656108597285,1.0,0.08144796380090497
RAnkleAngles_ax1_phase_50_60_rom__median,-0.025210084033613446,-0.02262443438914027,-0.10407239819004525,0.049773755656108594,0.6451612903225806,0.0788623141564318
RAnkleAngles_ax1_phase_70_80_min__median,0.08403361344537816,0.08928571428571429,0.026785714285714284,0.1583710407239819,1.0,0.07433742727860373
RAnkleAngles_ax1_phase_60_70_max__median,0.19327731092436976,0.19457013574660634,0.13122171945701358,0.2669683257918552,1.0,0.07369101486748544
RAnkleAngles_ax1_phase_60_70_rom__median,0.09243697478991597,0.08035714285714286,0.03167420814479638,0.16071428571428573,1.0,0.06827731092436976
RAnkleAngles_ax1_phase_70_80_rom__median,0.058823529411764705,0.0625,-0.013574660633484163,0.14027149321266968,0.8387096774193549,0.08144796380090498
RAnkleAngles_ax1_phase_80_90_min__median,0.03361344537815126,0.044642857142857144,-0.03167420814479638,0.09821428571428571,0.7096774193548387,0.06528765352294763
RAnkleAngles_ax1_phase_80_90_rom__median,0.17647058823529413,0.1875,0.11312217194570136,0.248868778280543,1.0,0.07239819004524886
RAnkleAngles_ax1_phase_90_100_rom__median,-0.226890756302521,-0.20535714285714285,-0.3212669683257919,-0.18552036199095023,1.0,0.09437621202327087
coord_left_hip_knee_ax1_corr__median,0.01680672268907563,0.03167420814479638,-0.058823529411764705,0.08597285067873303,0.6129032258064516,0.07563025210084033
coord_left_knee_ankle_ax1_corr__median,0.10084033613445378,0.10714285714285714,0.03167420814479638,0.17647058823529413,1.0,0.07563025210084034
coord_left_knee_ankle_ax1_lag_pct__median,-0.008403361344537815,0.008928571428571428,-0.08597285067873303,0.05429864253393665,0.4838709677419355,0.07756948933419522
coord_right_hip_knee_ax1_corr__median,0.2184873949579832,0.21266968325791855,0.1583710407239819,0.3031674208144796,1.0,0.08468002585649642
coord_right_knee_ankle_ax1_corr__median,-0.025210084033613446,-0.026785714285714284,-0.10407239819004525,0.03167420814479638,0.6451612903225806,0.0788623141564318
coord_right_knee_ankle_ax1_lag_pct__median,0.21428571428571427,0.2081447963800905,0.16289592760180996,0.3031674208144796,1.0,0.08888170652876534
COM_msjerk__median,0.2773109243697479,0.27601809954751133,0.22171945701357465,0.3665158371040724,1.0,0.08920491273432446
RKneeAngles_ax1_msjerk__median,0.3277310924369748,0.3125,0.2850678733031674,0.4107142857142857,1.0,0.08298319327731091
sym_HipAngles_ax1_rom_absdiff,-0.33613445378151263,-0.33031674208144796,-0.4117647058823529,-0.2850678733031674,1.0,0.07563025210084029
sym_HipAngles_ax1_rom_si,-0.3025210084033613,-0.29464285714285715,-0.3936651583710407,-0.248868778280543,1.0,0.09114414996767939
sym_HipAngles_ax1_max_absdiff,-0.14285714285714285,-0.1493212669683258,-0.22171945701357465,-0.07692307692307693,1.0,0.0788623141564318
sym_HipAngles_ax1_max_si,-0.3277310924369748,-0.3125,-0.4298642533936652,-0.27601809954751133,1.0,0.1021331609566904
sym_HipAngles_ax1_tmax_pct_absdiff,-0.4117647058823529,-0.3936651583710407,-0.4955357142857143,-0.37104072398190047,1.0,0.08377100840336138
sym_HipAngles_ax1_tmax_pct_si,-0.2689075630252101,-0.28125,-0.32142857142857145,-0.21266968325791855,1.0,0.056237879767291526
sym_KneeAngles_ax1_rom_absdiff,-0.06722689075630252,-0.0625,-0.1493212669683258,-0.013574660633484163,1.0,0.08209437621202327
sym_KneeAngles_ax1_rom_si,-0.07563025210084033,-0.07692307692307693,-0.1493212669683258,-0.013574660633484163,1.0,0.07369101486748546
sym_KneeAngles_ax1_max_absdiff,0.0,-0.013574660633484163,-0.06787330316742081,0.07692307692307693,0.03225806451612903,0.07692307692307693
sym_KneeAngles_ax1_max_si,0.008403361344537815,0.004524886877828055,-0.06787330316742081,0.08597285067873303,0.5806451612903226,0.07756948933419522
sym_KneeAngles_ax1_tmax_pct_absdiff,-0.07563025210084033,-0.08597285067873303,-0.12669683257918551,-0.004524886877828055,1.0,0.07110536522301228
sym_KneeAngles_ax1_tmax_pct_si,-0.22268907563025211,-0.22171945701357465,-0.3167420814479638,-0.18099547511312217,1.0,0.09405300581771167
sym_AnkleAngles_ax1_rom_absdiff,-0.12605042016806722,-0.13122171945701358,-0.20361990950226244,-0.06787330316742081,1.0,0.07756948933419522
sym_AbsAnkleAngle_ax1_rom_si,-0.058823529411764705,-0.0625,-0.13122171945701358,0.013574660633484163,0.9032258064516129,0.07239819004524888
sym_AnkleAngles_ax1_max_absdiff,-0.008403361344537815,0.004524886877828055,-0.08597285067873303,0.06787330316742081,0.41935483870967744,0.07756948933419522
sym_AnkleAngles_ax1_max_si,-0.025210084033613446,-0.026785714285714284,-0.10407239819004525,0.04072398190045249,0.6451612903225806,0.0788623141564318
sym_AnkleAngles_ax1_tmax_pct_absdiff,-0.037815126050420166,-0.058823529411764705,-0.09502262443438914,0.03619909502262444,0.7096774193548387,0.0740142210730446
sym_AnkleAngles_ax1_tmax_pct_si,-0.3277310924369748,-0.32589285714285715,-0.4107142857142857,-0.2850678733031674,1.0,0.08298319327731091
sym_AbsAnkleAngle_ax1_rom_absdiff,-0.1092436974789916,-0.10407239819004525,-0.19457013574660634,-0.04072398190045249,1.0,0.08532643826761474
sym_AbsAnkleAngle_ax1_max_absdiff,0.15126050420168066,0.13392857142857142,0.09502262443438914,0.2398190045248869,1.0,0.08855850032320622
sym_AbsAnkleAngle_ax1_max_si,0.058823529411764705,0.058823529411764705,-0.013574660633484163,0.14027149321266968,0.9354838709677419,0.08144796380090498
sym_AbsAnkleAngle_ax1_tmax_pct_absdiff,0.1134453781512605,0.1085972850678733,0.06334841628959276,0.19909502262443438,1.0,0.08564964447317387
sym_AbsAnkleAngle_ax1_tmax_pct_si,-0.08823529411764706,-0.08144796380090498,-0.17194570135746606,-0.027149321266968326,1.0,0.083710407239819
sym_FootProgressAngles_ax1_rom_absdiff,-0.025210084033613446,-0.03571428571428571,-0.09502262443438914,0.04072398190045249,0.6774193548387096,0.0698125404007757
sym_FootProgressAngles_ax1_rom_si,-0.25210084033613445,-0.2398190045248869,-0.3393665158371041,-0.19457013574660634,1.0,0.08726567550096964
sym_FootProgressAngles_ax1_max_absdiff,0.20168067226890757,0.1875,0.15178571428571427,0.2850678733031674,1.0,0.08338720103425984
sym_FootProgressAngles_ax1_max_si,-0.18487394957983194,-0.16964285714285715,-0.2669683257918552,-0.12217194570135746,1.0,0.08209437621202326
sym_FootProgressAngles_ax1_tmax_pct_absdiff,-0.29411764705882354,-0.27601809954751133,-0.375,-0.25892857142857145,1.0,0.08088235294117646
sym_FootProgressAngles_ax1_tmax_pct_si,-0.046218487394957986,-0.06696428571428571,-0.10407239819004525,0.027149321266968326,0.7419354838709677,0.07336780866192631
sym_ASI_ax1_excursion_absdiff,0.19327731092436976,0.1875,0.13122171945701358,0.2669683257918552,1.0,0.07369101486748544
sym_ASI_path3d_si,0.08403361344537816,0.08597285067873303,0.026785714285714284,0.15178571428571427,1.0,0.06775210084033612
sym_KJC_ax1_excursion_absdiff,-0.07563025210084033,-0.06787330316742081,-0.14285714285714285,-0.013574660633484163,1.0,0.06722689075630252
sym_KJC_ax1_excursion_si,0.04201680672268908,0.03571428571428571,-0.017857142857142856,0.11312217194570136,0.7096774193548387,0.07110536522301228
sym_KJC_path3d_absdiff,0.04201680672268908,0.03167420814479638,-0.02262443438914027,0.11312217194570136,0.7419354838709677,0.07110536522301228
sym_KJC_path3d_si,0.0,0.0,-0.0625,0.06787330316742081,0.0967741935483871,0.06787330316742081
sym_AJC_ax1_excursion_absdiff,0.226890756302521,0.21266968325791855,0.18552036199095023,0.3212669683257919,1.0,0.09437621202327087
sym_TOE_path3d_si,0.07563025210084033,0.06787330316742081,0.017857142857142856,0.1493212669683258,1.0,0.07369101486748546
sym_AJC_path3d_absdiff,-0.09243697478991597,-0.09502262443438914,-0.167420814479638,-0.02262443438914027,1.0,0.07498383968972203
sym_AJC_path3d_si,0.17647058823529413,0.16964285714285715,0.12217194570135746,0.2669683257918552,1.0,0.09049773755656107
sym_HEE_ax1_excursion_absdiff,0.3025210084033613,0.2857142857142857,0.248868778280543,0.40271493212669685,1.0,0.10019392372333552
sym_HEE_path3d_absdiff,0.3025210084033613,0.2857142857142857,0.248868778280543,0.40271493212669685,1.0,0.10019392372333552
sym_HEE_path3d_si,0.2773109243697479,0.2669683257918552,0.22171945701357465,0.3755656108597285,1.0,0.09825468648998059
sym_TOE_path3d_absdiff,0.18487394957983194,0.19457013574660634,0.12217194570135746,0.2669683257918552,1.0,0.08209437621202326
sym_PSI_ax1_excursion_absdiff,-0.15966386554621848,-0.1493212669683258,-0.2398190045248869,-0.10714285714285714,1.0,0.08015513897866841
var_cycle_duration_s_cv,-0.13445378151260504,-0.11607142857142858,-0.22171945701357465,-0.06787330316742081,1.0,0.08726567550096961
var_cycle_duration_s_mad,-0.10504201680672269,-0.10714285714285714,-0.19004524886877827,-0.03619909502262444,1.0,0.08500323206205558
var_stance_pct_sd,-0.01680672268907563,-0.02262443438914027,-0.09502262443438914,0.058823529411764705,0.5806451612903226,0.07821590174531351
var_stance_pct_mad,0.04201680672268908,0.03571428571428571,-0.03167420814479638,0.11312217194570136,0.8387096774193549,0.07369101486748546
var_LKneeAngles_ax1_rom_sd,0.05042016806722689,0.05357142857142857,-0.013574660633484163,0.13122171945701358,0.8064516129032258,0.08080155138978669
var_LKneeAngles_ax1_rom_mad,0.226890756302521,0.22321428571428573,0.167420814479638,0.29464285714285715,1.0,0.06775210084033614
var_RKneeAngles_ax1_rom_sd,-0.008403361344537815,-0.008928571428571428,-0.07692307692307693,0.06787330316742081,0.5161290322580645,0.07627666451195862
var_RKneeAngles_ax1_rom_mad,0.17647058823529413,0.16964285714285715,0.11312217194570136,0.24107142857142858,1.0,0.06460084033613445
var_LHipAngles_ax1_rom_sd,-0.226890756302521,-0.24107142857142858,-0.31221719457013575,-0.167420814479638,1.0,0.08532643826761474
var_LHipAngles_ax1_rom_mad,-0.17647058823529413,-0.16964285714285715,-0.2669683257918552,-0.11312217194570136,1.0,0.09049773755656107
var_RHipAngles_ax1_rom_sd,0.14285714285714285,0.125,0.07692307692307693,0.23076923076923078,1.0,0.08791208791208793
var_RHipAngles_ax1_rom_mad,0.2689075630252101,0.2579185520361991,0.21266968325791855,0.3665158371040724,1.0,0.0976082740788623
var_LAnkleAngles_ax1_rom_sd,-0.2184873949579832,-0.21428571428571427,-0.3031674208144796,-0.1583710407239819,1.0,0.08468002585649642
var_LAnkleAngles_ax1_rom_cv,-0.2184873949579832,-0.21428571428571427,-0.3031674208144796,-0.167420814479638,1.0,0.08468002585649642
var_LAnkleAngles_ax1_rom_mad,-0.16806722689075632,-0.1583710407239819,-0.248868778280543,-0.11312217194570136,1.0,0.08080155138978667
var_RAnkleAngles_ax1_rom_sd,-0.11764705882352941,-0.11312217194570136,-0.17857142857142858,-0.049773755656108594,1.0,0.06787330316742082
var_RAnkleAngles_ax1_rom_mad,-0.03361344537815126,-0.03571428571428571,-0.11312217194570136,0.03167420814479638,0.7096774193548387,0.07950872656755009
var_LKneeAngles_ax1_tmax_pct_sd,0.07563025210084033,0.08035714285714286,0.02262443438914027,0.1583710407239819,1.0,0.08274078862314156
var_LKneeAngles_ax1_tmax_pct_cv,0.06722689075630252,0.07142857142857142,0.004524886877828055,0.1493212669683258,1.0,0.08209437621202327
var_LKneeAngles_ax1_tmax_pct_mad,0.025210084033613446,0.04017857142857143,-0.049773755656108594,0.10407239819004525,0.6451612903225806,0.0788623141564318
var_RKneeAngles_ax1_tmax_pct_sd,-0.08403361344537816,-0.08035714285714286,-0.14285714285714285,-0.013574660633484163,1.0,0.07045895281189399
var_RKneeAngles_ax1_tmax_pct_cv,-0.12605042016806722,-0.11312217194570136,-0.20361990950226244,-0.06787330316742081,1.0,0.07756948933419522
var_RKneeAngles_ax1_tmax_pct_mad,-0.3949579831932773,-0.38392857142857145,-0.4796380090497738,-0.35294117647058826,1.0,0.08468002585649648
var_CentreOfMass_path3d_sd,0.12605042016806722,0.10714285714285714,0.058823529411764705,0.21266968325791855,1.0,0.08661926308985132
var_CentreOfMass_path3d_mad,0.07563025210084033,0.07142857142857142,0.004524886877828055,0.1583710407239819,1.0,0.08274078862314156
