feature,n_subjects,n_victims,n_controls,victim_median,control_median,victim_mean,control_mean,abs_median_diff,rel_median_diff,cliffs_delta,standardized_median_iqr,cliffs_delta_ci_lo,cliffs_delta_ci_hi,cliffs_magnitude,direction,victim_consistency,control_consistency,mannwhitney_u,raw_p,test,fdr_q,adjusted_p,full_cliffs_delta,loso_delta_median,loso_delta_min,loso_delta_max,loso_direction_agreement,loso_max_abs_shift,observed_cliffs_delta,perm_p,n_perm,unit,anatomical_region,family,side,source_signal,rank_score,signature_status,rank,phase_lo,phase_hi,phase_mid
LAnkleAngles_ax1_phase_40_50_rom__median,31,17,14,1.8446979522705078,3.2468125224113464,2.844702916986802,3.378047525882721,1.4021145701408386,-0.4318434034803816,-0.46218487394957986,-0.918741908773201,-0.8151260504201681,-0.06722689075630252,medium,VICTIMS_LOWER,0.7647058823529411,0.9285714285714286,64.0,0.030515468558537658,mannwhitneyu_two_sided,0.9960585779461091,0.9960585779461091,-0.46218487394957986,-0.4479638009049774,-0.5565610859728507,-0.42857142857142855,1.0,0.09437621202327084,-0.46218487394957986,0.037,999,subject,ankle,phase,left,LAnkleAngles,0.047713791398912506,exploratory,8,40,50,45.0
RKneeAngles_ax1_phase_0_10_rom__median,31,17,14,11.008238315582275,13.275313138961792,11.088118258644553,12.402709578829151,2.2670748233795166,-0.17077373615586255,-0.3865546218487395,-0.7219622089214557,-0.790126050420168,0.025210084033613446,medium,VICTIMS_LOWER,0.8823529411764706,0.7142857142857143,73.0,0.07090482557629343,mannwhitneyu_two_sided,0.9960585779461091,0.9960585779461091,-0.3865546218487395,-0.375,-0.49321266968325794,-0.3393665158371041,1.0,0.10665804783451843,-0.3865546218487395,0.074,999,subject,knee,phase,right,RKneeAngles,0.04604547701433515,exploratory,11,0,10,5.0
RHipAngles_ax1_phase_60_70_rom__median,31,17,14,11.493815183639526,9.904807090759277,11.4112889381016,10.609272497040886,1.589008092880249,0.16042796980495658,0.3865546218487395,0.8459184028337475,0.008403361344537815,0.7647058823529411,medium,VICTIMS_HIGHER,0.8235294117647058,0.8571428571428571,165.0,0.07090482557629343,mannwhitneyu_two_sided,0.9960585779461091,0.9960585779461091,0.3865546218487395,0.3665158371040724,0.35714285714285715,0.49321266968325794,1.0,0.10665804783451843,0.3865546218487395,0.062,999,subject,hip,phase,right,RHipAngles,0.0429757785467128,exploratory,14,60,70,65.0
RKneeAngles_ax1_phase_20_30_rom__median,31,17,14,5.456448554992676,6.892841339111328,6.019351033603444,6.8911522797175815,1.4363927841186523,-0.2083890682305828,-0.3949579831932773,-0.9299919082386233,-0.7647058823529411,0.04201680672268908,medium,VICTIMS_LOWER,0.7058823529411765,0.9285714285714286,72.0,0.06492404931469167,mannwhitneyu_two_sided,0.9960585779461091,0.9960585779461091,-0.3949579831932773,-0.38461538461538464,-0.502262443438914,-0.34841628959276016,1.0,0.10730446024563672,-0.3949579831932773,0.066,999,subject,knee,phase,right,RKneeAngles,0.03763717251606525,exploratory,18,20,30,25.0
LAnkleAngles_ax1_phase_90_100_rom__median,31,17,14,2.6440701484680176,3.535673499107361,3.474690598600051,3.7049458154610226,0.8916033506393433,-0.25217355360002647,-0.33613445378151263,-0.4454180010509007,-0.6890756302521008,0.07563025210084033,medium,VICTIMS_LOWER,0.7058823529411765,0.7857142857142857,79.0,0.11689950779539895,mannwhitneyu_two_sided,0.9960585779461091,0.9960585779461091,-0.33613445378151263,-0.32142857142857145,-0.41964285714285715,-0.29411764705882354,1.0,0.08350840336134452,-0.33613445378151263,0.125,999,subject,ankle,phase,left,LAnkleAngles,0.03203163618388532,exploratory,30,90,100,95.0
LKneeAngles_ax1_phase_50_60_rom__median,31,17,14,10.78540900349617,13.221336841583252,10.861393377184868,11.923670300415584,2.435927838087082,-0.184242173637517,-0.2689075630252101,-0.7065880144555793,-0.7142857142857143,0.14285714285714285,small,VICTIMS_LOWER,0.8823529411764706,0.6428571428571429,87.0,0.2111652971287249,mannwhitneyu_two_sided,0.9960585779461091,0.9960585779461091,-0.2689075630252101,-0.26785714285714285,-0.3665158371040724,-0.21266968325791855,1.0,0.0976082740788623,-0.2689075630252101,0.221,999,subject,knee,phase,left,LKneeAngles,0.03203163618388531,exploratory,31,50,60,55.0
RHipAngles_ax1_phase_50_60_rom__median,31,17,14,2.757620334625244,2.3743213415145874,2.7021768636563244,2.4148735957486287,0.38329899311065674,0.16143517998543072,0.3025210084033613,0.6299811340650348,-0.10084033613445378,0.6724789915966385,small,VICTIMS_HIGHER,0.7647058823529411,0.7857142857142857,155.0,0.1587924654037347,mannwhitneyu_two_sided,0.9960585779461091,0.9960585779461091,0.3025210084033613,0.2857142857142857,0.248868778280543,0.38461538461538464,1.0,0.08209437621202331,0.3025210084033613,0.161,999,subject,hip,phase,right,RHipAngles,0.031230845279288186,exploratory,33,50,60,55.0
LKneeAngles_ax1_phase_10_20_mean__median,31,17,14,32.060254859924314,30.246326160430907,35.00808171664967,31.532263510567795,1.813928699493406,0.059971868645205526,0.2857142857142857,0.1935350466131674,-0.15987394957983192,0.6722689075630253,small,VICTIMS_HIGHER,0.7647058823529411,0.6428571428571429,153.0,0.18359867349944814,mannwhitneyu_two_sided,0.9960585779461091,0.9960585779461091,0.2857142857142857,0.27601809954751133,0.2398190045248869,0.38461538461538464,1.0,0.09890109890109894,0.2857142857142857,0.187,999,subject,knee,phase,left,LKneeAngles,0.029495798319327728,exploratory,39,10,20,15.0
RAnkleAngles_ax1_phase_50_60_min__median,31,17,14,5.994480609893799,3.557046413421631,5.668437133817112,3.254891348736627,2.437434196472168,0.6852410436015441,0.29411764705882354,0.3417399934538435,-0.08403361344537816,0.6556722689075628,small,VICTIMS_HIGHER,0.7058823529411765,0.6428571428571429,154.0,0.17085858498744178,mannwhitneyu_two_sided,0.9960585779461091,0.9960585779461091,0.29411764705882354,0.2850678733031674,0.2398190045248869,0.3755656108597285,1.0,0.08144796380090497,0.29411764705882354,0.193,999,subject,ankle,phase,right,RAnkleAngles,0.02802768166089966,exploratory,48,50,60,55.0
LAnkleAngles_ax1_phase_50_60_rom__median,31,17,14,9.343618035316467,10.667313575744629,9.872910180183894,11.058454579540662,1.3236955404281616,-0.12408893120363357,-0.2857142857142857,-0.4525423714501808,-0.6554621848739496,0.12605042016806722,small,VICTIMS_LOWER,0.7058823529411765,0.7142857142857143,85.0,0.18359867349944814,mannwhitneyu_two_sided,0.9960585779461091,0.9960585779461091,-0.2857142857142857,-0.27601809954751133,-0.3665158371040724,-0.2398190045248869,1.0,0.08080155138978667,-0.2857142857142857,0.193,999,subject,ankle,phase,left,LAnkleAngles,0.027226890756302517,exploratory,50,50,60,55.0
RKneeAngles_ax1_phase_90_100_mean__median,31,17,14,19.772021900523793,17.67155530235984,17.73086911981756,15.912471417095755,2.100466598163951,0.11886144497329315,0.29411764705882354,0.41132933643018704,-0.13445378151260504,0.6638655462184874,small,VICTIMS_HIGHER,0.6470588235294118,0.8571428571428571,154.0,0.17085858498744178,mannwhitneyu_two_sided,0.9960585779461091,0.9960585779461091,0.29411764705882354,0.2857142857142857,0.2398190045248869,0.3936651583710407,1.0,0.09954751131221717,0.29411764705882354,0.178,999,subject,knee,phase,right,RKneeAngles,0.025692041522491355,exploratory,54,90,100,95.0
RAnkleAngles_ax1_phase_90_100_rom__median,31,17,14,2.6075387001037598,3.4570246934890747,3.3194353580474854,3.6735005719321117,0.8494859933853149,-0.2457274878554464,-0.226890756302521,-0.5899419521038005,-0.6386554621848739,0.17647058823529413,small,VICTIMS_LOWER,0.7647058823529411,0.7857142857142857,92.0,0.2928470165627216,mannwhitneyu_two_sided,0.9960585779461091,0.9960585779461091,-0.226890756302521,-0.20535714285714285,-0.3212669683257919,-0.18552036199095023,1.0,0.09437621202327087,-0.226890756302521,0.307,999,subject,ankle,phase,right,RAnkleAngles,0.023423133959466137,exploratory,65,90,100,95.0
LHipAngles_ax1_phase_70_80_rom__median,31,17,14,13.85140347480774,15.237047672271729,14.073325942544376,14.692895701953343,1.3856441974639893,-0.09093915220765338,-0.20168067226890757,-0.4270293593967759,-0.6304621848739496,0.21008403361344538,small,VICTIMS_LOWER,0.7647058823529411,0.7142857142857143,95.0,0.3509160535416732,mannwhitneyu_two_sided,0.9960585779461091,0.9960585779461091,-0.20168067226890757,-0.1875,-0.29411764705882354,-0.1583710407239819,1.0,0.09243697478991597,-0.20168067226890757,0.334,999,subject,hip,phase,left,LHipAngles,0.020820563519525458,exploratory,76,70,80,75.0
RKneeAngles_ax1_phase_50_60_min__median,31,17,14,13.757020950317383,11.712931632995605,13.70395668815164,12.092800055231367,2.0440893173217773,0.1745156021882284,0.21008403361344538,0.3373473159637527,-0.2184873949579832,0.6218487394957983,small,VICTIMS_HIGHER,0.7058823529411765,0.6428571428571429,144.0,0.330797823330896,mannwhitneyu_two_sided,0.9960585779461091,0.9960585779461091,0.21008403361344538,0.20361990950226244,0.1493212669683258,0.3031674208144796,1.0,0.09308338720103423,0.21008403361344538,0.319,999,subject,knee,phase,right,RKneeAngles,0.020019772614928325,exploratory,79,50,60,55.0
RKneeAngles_ax1_phase_50_60_rom__median,31,17,14,11.056957483291626,12.875836491584778,11.223024293780327,12.106552124023438,1.8188790082931519,-0.1412629780971443,-0.19327731092436976,-0.6448237867310488,-0.613655462184874,0.193487394957983,small,VICTIMS_LOWER,0.7647058823529411,0.6428571428571429,96.0,0.371793069296558,mannwhitneyu_two_sided,0.9960585779461091,0.9960585779461091,-0.19327731092436976,-0.1875,-0.2850678733031674,-0.13122171945701358,1.0,0.09179056237879765,-0.19327731092436976,0.376,999,subject,knee,phase,right,RKneeAngles,0.01995304003954523,exploratory,80,50,60,55.0
LAnkleAngles_ax1_phase_0_10_rom__median,31,17,14,9.140610694885254,10.591844320297241,9.459037020145093,9.828417279890605,1.4512336254119873,-0.137014251864614,-0.17647058823529413,-0.531799952479053,-0.6052521008403361,0.2523109243697477,small,VICTIMS_LOWER,0.7647058823529411,0.7142857142857143,98.0,0.41579890439747025,mannwhitneyu_two_sided,0.9960585779461091,0.9960585779461091,-0.17647058823529413,-0.16071428571428573,-0.2669683257918552,-0.13122171945701358,1.0,0.09049773755656107,-0.17647058823529413,0.424,999,subject,ankle,phase,left,LAnkleAngles,0.018217993079584775,exploratory,92,0,10,5.0
LAnkleAngles_ax1_phase_70_80_rom__median,31,17,14,5.623543206602335,7.261406406760216,6.650345856871675,7.433628228093896,1.6378632001578808,-0.22555729681140899,-0.20168067226890757,-0.39401318097353544,-0.5970588235294118,0.23550420168067207,small,VICTIMS_LOWER,0.6470588235294118,0.7142857142857143,95.0,0.3509160535416732,mannwhitneyu_two_sided,0.9960585779461091,0.9960585779461091,-0.20168067226890757,-0.1875,-0.2767857142857143,-0.15178571428571427,1.0,0.07510504201680673,-0.20168067226890757,0.351,999,subject,ankle,phase,left,LAnkleAngles,0.017617399901136924,exploratory,95,70,80,75.0
LKneeAngles_ax1_phase_70_80_rom__median,31,17,14,6.010440826416016,6.363591194152832,6.2798302313860725,6.9068420955113,0.3531503677368164,-0.055495451697354106,-0.2184873949579832,-0.195310089478556,-0.6134453781512605,0.21029411764705863,small,VICTIMS_LOWER,0.5882352941176471,0.6428571428571429,93.0,0.31144131894886007,mannwhitneyu_two_sided,0.9960585779461091,0.9960585779461091,-0.2184873949579832,-0.22171945701357465,-0.27601809954751133,-0.1583710407239819,1.0,0.0601163542340013,-0.2184873949579832,0.3,999,subject,knee,phase,left,LKneeAngles,0.01735046959960455,exploratory,96,70,80,75.0
RKneeAngles_ax1_phase_70_80_rom__median,31,17,14,6.4320220947265625,6.744145393371582,6.559928136713364,7.244157995496478,0.31212329864501953,-0.04628063015245592,-0.23529411764705882,-0.17177790141081625,-0.6220588235294118,0.1850840336134452,small,VICTIMS_LOWER,0.5294117647058824,0.5714285714285714,91.0,0.27501302114502435,mannwhitneyu_two_sided,0.9960585779461091,0.9960585779461091,-0.23529411764705882,-0.248868778280543,-0.29464285714285715,-0.17647058823529413,1.0,0.05934873949579833,-0.23529411764705882,0.249,999,subject,knee,phase,right,RKneeAngles,0.016816608996539792,exploratory,103,70,80,75.0
RHipAngles_ax1_phase_40_50_rom__median,31,17,14,5.551887512207031,4.289270877838135,5.077037561465712,4.608319508177893,1.2626166343688965,0.29436626184944437,0.15966386554621848,0.5583085118573774,-0.2691176470588235,0.5546218487394958,small,VICTIMS_HIGHER,0.7647058823529411,0.6428571428571429,138.0,0.46273979492564543,mannwhitneyu_two_sided,0.9960585779461091,0.9960585779461091,0.15966386554621848,0.15178571428571427,0.09502262443438914,0.248868778280543,1.0,0.08920491273432452,0.15966386554621848,0.437,999,subject,hip,phase,right,RHipAngles,0.01648294611962432,exploratory,105,40,50,45.0
LAnkleAngles_ax1_phase_10_20_mean__median,31,17,14,2.3664400627836586,-1.3777855177409948,0.0019152891109971884,-1.2826817362037084,3.7442255805246534,2.71756781611673,0.16806722689075632,0.5277819004544473,-0.23550420168067226,0.6136554621848738,small,VICTIMS_HIGHER,0.7058823529411765,0.7857142857142857,139.0,0.43890886310183785,mannwhitneyu_two_sided,0.9960585779461091,0.9960585779461091,0.16806722689075632,0.14285714285714285,0.10407239819004525,0.2579185520361991,1.0,0.0898513251454428,0.16806722689075632,0.423,999,subject,ankle,phase,left,LAnkleAngles,0.01601581809194266,exploratory,109,10,20,15.0
LKneeAngles_ax1_phase_40_50_mean__median,31,17,14,15.935063409805297,15.0674418091774,16.15913240236833,14.440147210231848,0.8676216006278974,0.05758254198794645,0.2184873949579832,0.14108643996664164,-0.20168067226890757,0.5966386554621849,small,VICTIMS_HIGHER,0.5294117647058824,0.5714285714285714,145.0,0.31144131894886007,mannwhitneyu_two_sided,0.9960585779461091,0.9960585779461091,0.2184873949579832,0.22321428571428573,0.1583710407239819,0.29411764705882354,1.0,0.07563025210084034,0.2184873949579832,0.315,999,subject,knee,phase,left,LKneeAngles,0.015615422639644095,exploratory,113,40,50,45.0
RHipAngles_ax1_phase_0_10_rom__median,31,17,14,2.5715293884277344,2.4348543882369995,2.620829017723308,2.4330999851226807,0.13667500019073486,0.056132720236176784,0.17647058823529413,0.27036520820066273,-0.23550420168067226,0.5798319327731093,small,VICTIMS_HIGHER,0.6470588235294118,0.5714285714285714,140.0,0.41579890439747025,mannwhitneyu_two_sided,0.9960585779461091,0.9960585779461091,0.17647058823529413,0.17857142857142858,0.11312217194570136,0.24107142857142858,1.0,0.06460084033613445,0.17647058823529413,0.414,999,subject,hip,phase,right,RHipAngles,0.015415224913494813,exploratory,116,0,10,5.0
RAnkleAngles_ax1_phase_60_70_max__median,31,17,14,8.229772090911865,7.7515270709991455,7.646906856228323,6.230168725763049,0.4782450199127197,0.06169687798704618,0.19327731092436976,0.14610404331498097,-0.20168067226890757,0.5716386554621846,small,VICTIMS_HIGHER,0.5882352941176471,0.7142857142857143,142.0,0.371793069296558,mannwhitneyu_two_sided,0.9960585779461091,0.9960585779461091,0.19327731092436976,0.19457013574660634,0.13122171945701358,0.2669683257918552,1.0,0.07369101486748544,0.19327731092436976,0.371,999,subject,ankle,phase,right,RAnkleAngles,0.015348492338111717,exploratory,117,60,70,65.0
LKneeAngles_ax1_phase_20_30_rom__median,31,17,14,6.335609436035156,6.615816354751587,6.830038863069871,7.427698203495571,0.28020691871643066,-0.04235409565369533,-0.21008403361344538,-0.16144041732338194,-0.6050420168067226,0.21029411764705863,small,VICTIMS_LOWER,0.5294117647058824,0.7142857142857143,94.0,0.330797823330896,mannwhitneyu_two_sided,0.9960585779461091,0.9960585779461091,-0.21008403361344538,-0.22171945701357465,-0.2767857142857143,-0.1493212669683258,1.0,0.06670168067226892,-0.21008403361344538,0.326,999,subject,knee,phase,left,LKneeAngles,0.015014829461196245,exploratory,119,20,30,25.0
LKneeAngles_ax1_phase_30_40_rom__median,31,17,14,18.273975372314453,11.407820224761963,16.84527385936064,14.588706527437482,6.86615514755249,0.6018814297799614,0.16806722689075632,0.5427709160537579,-0.26071428571428573,0.5462184873949579,small,VICTIMS_HIGHER,0.6470588235294118,0.6428571428571429,139.0,0.43890886310183785,mannwhitneyu_two_sided,0.9960585779461091,0.9960585779461091,0.16806722689075632,0.1583710407239819,0.11312217194570136,0.2579185520361991,1.0,0.0898513251454428,0.16806722689075632,0.451,999,subject,knee,phase,left,LKneeAngles,0.014681166584280772,exploratory,123,30,40,35.0
RKneeAngles_ax1_phase_40_50_mean__median,31,17,14,18.631565284729003,17.304523372650145,17.696271763128394,16.54872414810317,1.3270419120788581,0.07668757373440589,0.16806722689075632,0.2399842695669521,-0.25210084033613445,0.554831932773109,small,VICTIMS_HIGHER,0.6470588235294118,0.6428571428571429,139.0,0.43890886310183785,mannwhitneyu_two_sided,0.9960585779461091,0.9960585779461091,0.16806722689075632,0.16071428571428573,0.10407239819004525,0.2579185520361991,1.0,0.0898513251454428,0.16806722689075632,0.435,999,subject,knee,phase,right,RKneeAngles,0.014681166584280772,exploratory,124,40,50,45.0
RAnkleAngles_ax1_phase_80_90_rom__median,31,17,14,3.4083776473999023,3.345363736152649,3.882114118512939,3.451903611421585,0.06301391124725342,0.018836191283559157,0.17647058823529413,0.04573798565497962,-0.3111344537815126,0.6050420168067226,small,VICTIMS_HIGHER,0.5882352941176471,0.5,140.0,0.41579890439747025,mannwhitneyu_two_sided,0.9960585779461091,0.9960585779461091,0.17647058823529413,0.1875,0.11312217194570136,0.248868778280543,1.0,0.07239819004524886,0.17647058823529413,0.403,999,subject,ankle,phase,right,RAnkleAngles,0.014013840830449828,exploratory,130,80,90,85.0
LAnkleAngles_ax1_phase_0_10_min__median,31,17,14,3.7087141275405884,3.2277945280075073,4.239025891703718,3.237554119633777,0.48091959953308105,0.14899325076616604,0.16806722689075632,0.07869688114685167,-0.23529411764705882,0.554831932773109,small,VICTIMS_HIGHER,0.5882352941176471,0.5714285714285714,139.0,0.43890886310183785,mannwhitneyu_two_sided,0.9960585779461091,0.9960585779461091,0.16806722689075632,0.16964285714285715,0.10407239819004525,0.22321428571428573,1.0,0.06399482870071106,0.16806722689075632,0.465,999,subject,ankle,phase,left,LAnkleAngles,0.013346515076618885,exploratory,134,0,10,5.0
LKneeAngles_ax1_phase_80_90_rom__median,31,17,14,12.492502450942993,18.90445375442505,15.268546419108615,17.757619040352957,6.411951303482056,-0.33917675626999705,-0.15126050420168066,-0.3847056722464866,-0.5798319327731093,0.26911764705882335,small,VICTIMS_LOWER,0.6470588235294118,0.6428571428571429,101.0,0.4872755078332215,mannwhitneyu_two_sided,0.9960585779461091,0.9960585779461091,-0.15126050420168066,-0.14285714285714285,-0.2398190045248869,-0.08597285067873303,1.0,0.08855850032320622,-0.15126050420168066,0.459,999,subject,knee,phase,left,LKneeAngles,0.013213049925852696,exploratory,135,80,90,85.0
RHipAngles_ax1_phase_90_100_rom__median,31,17,14,5.01112174987793,6.445189297199249,5.293692336362951,5.704838837896075,1.4340675473213196,-0.22250200594488237,-0.13445378151260504,-0.40603071609111724,-0.5630252100840336,0.285924369747899,negligible,VICTIMS_LOWER,0.7058823529411765,0.7142857142857143,103.0,0.5383828679426088,mannwhitneyu_two_sided,0.9960585779461091,0.9960585779461091,-0.13445378151260504,-0.11607142857142858,-0.22171945701357465,-0.09502262443438914,1.0,0.08726567550096961,-0.13445378151260504,0.524,999,subject,hip,phase,right,RHipAngles,0.012812654473554128,exploratory,139,90,100,95.0
RAnkleAngles_ax1_phase_20_30_rom__median,31,17,14,6.201229663565755,7.281242370605469,7.1931455609772135,7.711187827800002,1.0800127070397139,-0.14832808085056312,-0.13445378151260504,-0.23066283683464825,-0.5464285714285714,0.3027310924369746,negligible,VICTIMS_LOWER,0.7058823529411765,0.7142857142857143,103.0,0.5383828679426088,mannwhitneyu_two_sided,0.9960585779461091,0.9960585779461091,-0.13445378151260504,-0.11607142857142858,-0.20361990950226244,-0.06787330316742081,1.0,0.0691661279896574,-0.13445378151260504,0.503,999,subject,ankle,phase,right,RAnkleAngles,0.012812654473554128,exploratory,140,20,30,25.0
LHipAngles_ax1_phase_80_90_rom__median,31,17,14,8.735376834869385,9.097380727529526,8.626803468255435,8.88518237216132,0.362003892660141,-0.039792100990638256,-0.14285714285714285,-0.21065728045404777,-0.5380252100840336,0.285924369747899,negligible,VICTIMS_LOWER,0.6470588235294118,0.5714285714285714,102.0,0.512497079202056,mannwhitneyu_two_sided,0.9960585779461091,0.9960585779461091,-0.14285714285714285,-0.14285714285714285,-0.22171945701357465,-0.07692307692307693,1.0,0.0788623141564318,-0.14285714285714285,0.491,999,subject,hip,phase,left,LHipAngles,0.012478991596638655,exploratory,144,80,90,85.0
RHipAngles_ax1_phase_20_30_rom__median,31,17,14,13.507362365722656,14.596625804901123,13.991976787062253,14.721498517585653,1.0892634391784668,-0.07462433124871391,-0.14285714285714285,-0.24450521438435743,-0.5630252100840336,0.2773109243697479,negligible,VICTIMS_LOWER,0.6470588235294118,0.7142857142857143,102.0,0.512497079202056,mannwhitneyu_two_sided,0.9960585779461091,0.9960585779461091,-0.14285714285714285,-0.125,-0.23076923076923078,-0.07692307692307693,1.0,0.08791208791208793,-0.14285714285714285,0.494,999,subject,hip,phase,right,RHipAngles,0.012478991596638655,exploratory,145,20,30,25.0
RAnkleAngles_ax1_phase_30_40_rom__median,31,17,14,3.947904050350189,3.652937650680542,4.123522735693875,3.5845913908311298,0.2949663996696472,0.08074772357932115,0.16806722689075632,0.12356536136360294,-0.22710084033613445,0.5632352941176468,small,VICTIMS_HIGHER,0.5294117647058824,0.5714285714285714,139.0,0.43890886310183785,mannwhitneyu_two_sided,0.9960585779461091,0.9960585779461091,0.16806722689075632,0.16964285714285715,0.10407239819004525,0.23214285714285715,1.0,0.06407563025210083,0.16806722689075632,0.444,999,subject,ankle,phase,right,RAnkleAngles,0.012011863568956995,exploratory,151,30,40,35.0
RKneeAngles_ax1_phase_90_100_rom__median,31,17,14,22.31615972518921,8.79544460773468,16.95740205750746,13.861555376223155,13.520715117454529,1.5372406649647323,0.13445378151260504,0.654238477144816,-0.2857142857142857,0.5462184873949579,negligible,VICTIMS_HIGHER,0.6470588235294118,0.6428571428571429,135.0,0.5383828679426088,mannwhitneyu_two_sided,0.9960585779461091,0.9960585779461091,0.13445378151260504,0.125,0.07692307692307693,0.22171945701357465,1.0,0.08726567550096961,0.13445378151260504,0.518,999,subject,knee,phase,right,RKneeAngles,0.011744933267424616,exploratory,155,90,100,95.0
LKneeAngles_ax1_phase_60_70_rom__median,31,17,14,13.2033931016922,17.504549980163574,17.342183540849124,19.090417419161117,4.3011568784713745,-0.24571650704219827,-0.14285714285714285,-0.24263212602674786,-0.5296218487394958,0.2523109243697477,negligible,VICTIMS_LOWER,0.5882352941176471,0.6428571428571429,102.0,0.512497079202056,mannwhitneyu_two_sided,0.9960585779461091,0.9960585779461091,-0.14285714285714285,-0.13392857142857142,-0.21428571428571427,-0.08928571428571429,1.0,0.07142857142857142,-0.14285714285714285,0.516,999,subject,knee,phase,left,LKneeAngles,0.01134453781512605,exploratory,160,60,70,65.0
LAnkleAngles_ax1_phase_70_80_min__median,31,17,14,0.08893059194087982,-2.1328199803829193,0.07549526761559879,-1.50781130364963,2.221750572323799,1.0416962485155046,0.14285714285714285,0.17289772044048252,-0.294327731092437,0.5378151260504201,negligible,VICTIMS_HIGHER,0.5882352941176471,0.5714285714285714,136.0,0.512497079202056,mannwhitneyu_two_sided,0.9960585779461091,0.9960585779461091,0.14285714285714285,0.14027149321266968,0.07692307692307693,0.23076923076923078,1.0,0.08791208791208793,0.14285714285714285,0.494,999,subject,ankle,phase,left,LAnkleAngles,0.01134453781512605,exploratory,161,70,80,75.0
LAnkleAngles_ax1_phase_60_70_rom__median,31,17,14,9.527121782302856,10.788967820815742,10.625603005290031,10.962263282255403,1.2618460385128856,-0.11695706757771002,-0.14285714285714285,-0.2243811563995543,-0.5464285714285714,0.26071428571428557,negligible,VICTIMS_LOWER,0.5882352941176471,0.6428571428571429,102.0,0.512497079202056,mannwhitneyu_two_sided,0.9960585779461091,0.9960585779461091,-0.14285714285714285,-0.13392857142857142,-0.23076923076923078,-0.09502262443438914,1.0,0.08791208791208793,-0.14285714285714285,0.487,999,subject,ankle,phase,left,LAnkleAngles,0.01134453781512605,exploratory,162,60,70,65.0
RAnkleAngles_ax1_phase_10_20_rom__median,31,17,14,9.989776611328125,11.761403560638428,10.324143188841203,11.191908431904656,1.7716269493103027,-0.15063057229320478,-0.12605042016806722,-0.31035308390626876,-0.5294117647058824,0.29411764705882354,negligible,VICTIMS_LOWER,0.6470588235294118,0.5714285714285714,104.0,0.5649085443053756,mannwhitneyu_two_sided,0.9960585779461091,0.9960585779461091,-0.12605042016806722,-0.125,-0.21266968325791855,-0.058823529411764705,1.0,0.08661926308985132,-0.12605042016806722,0.569,999,subject,ankle,phase,right,RAnkleAngles,0.011010874938210579,exploratory,167,10,20,15.0
LAnkleAngles_ax1_phase_10_20_min__median,31,17,14,-2.6519620418548584,-5.404258608818054,-5.431392347001854,-6.896176363740649,2.752296566963196,0.5092829130109191,0.15126050420168066,0.27985003577634404,-0.2689075630252101,0.5630252100840336,small,VICTIMS_HIGHER,0.5294117647058824,0.7857142857142857,137.0,0.4872755078332215,mannwhitneyu_two_sided,0.9960585779461091,0.9960585779461091,0.15126050420168066,0.1583710407239819,0.08597285067873303,0.2398190045248869,1.0,0.08855850032320622,0.15126050420168066,0.479,999,subject,ankle,phase,left,LAnkleAngles,0.010810677212061295,exploratory,169,10,20,15.0
RAnkleAngles_ax1_phase_20_30_min__median,31,17,14,0.029261291027069092,-3.701023817062378,-0.2623414467362797,-1.590592337506158,3.730285108089447,1.0079062693117968,0.1092436974789916,0.3644726066983475,-0.3365546218487395,0.5294117647058824,negligible,VICTIMS_HIGHER,0.7058823529411765,0.6428571428571429,132.0,0.6197691020252198,mannwhitneyu_two_sided,0.9960585779461091,0.9960585779461091,0.1092436974789916,0.09821428571428571,0.04072398190045249,0.19457013574660634,1.0,0.08532643826761474,0.1092436974789916,0.593,999,subject,ankle,phase,right,RAnkleAngles,0.01041028175976273,exploratory,178,20,30,25.0
RHipAngles_ax1_phase_80_90_rom__median,31,17,14,8.951731324195862,8.688323974609375,8.869192131301936,8.568156123161316,0.2634073495864868,0.030317394972409456,0.12605042016806722,0.14676666888625675,-0.29411764705882354,0.5126050420168067,negligible,VICTIMS_HIGHER,0.5882352941176471,0.6428571428571429,134.0,0.5649085443053756,mannwhitneyu_two_sided,0.9960585779461091,0.9960585779461091,0.12605042016806722,0.12217194570135746,0.058823529411764705,0.19457013574660634,1.0,0.06851971557853911,0.12605042016806722,0.558,999,subject,hip,phase,right,RHipAngles,0.01000988630746416,exploratory,185,80,90,85.0
RKneeAngles_ax1_phase_10_20_min__median,31,17,14,25.767009735107422,28.095101356506348,25.37109447928036,26.05582751546587,2.328091621398926,-0.08286468134986028,-0.1092436974789916,-0.2754647410539909,-0.5464285714285714,0.3025210084033613,negligible,VICTIMS_LOWER,0.6470588235294118,0.5714285714285714,106.0,0.6197691020252198,mannwhitneyu_two_sided,0.9960585779461091,0.9960585779461091,-0.1092436974789916,-0.10714285714285714,-0.19457013574660634,-0.04072398190045249,1.0,0.08532643826761474,-0.1092436974789916,0.632,999,subject,knee,phase,right,RKneeAngles,0.009542758279782503,exploratory,189,10,20,15.0
RHipAngles_ax1_phase_30_40_rom__median,31,17,14,8.458364963531494,8.48387336730957,8.569967543377595,8.888570457696915,0.025508403778076172,-0.003006693131036852,-0.12605042016806722,-0.018901657189853226,-0.5294117647058824,0.3025210084033613,negligible,VICTIMS_LOWER,0.5294117647058824,0.5714285714285714,104.0,0.5649085443053756,mannwhitneyu_two_sided,0.9960585779461091,0.9960585779461091,-0.12605042016806722,-0.13122171945701358,-0.20361990950226244,-0.058823529411764705,1.0,0.07756948933419522,-0.12605042016806722,0.551,999,subject,hip,phase,right,RHipAngles,0.009008897676717744,exploratory,192,30,40,35.0
LAnkleAngles_ax1_phase_10_20_max__median,31,17,14,6.926864147186279,5.5702805519104,6.7045287314583275,6.133011720010212,1.356583595275879,0.24353954574345826,0.1092436974789916,0.2341281990706334,-0.31092436974789917,0.5128151260504199,negligible,VICTIMS_HIGHER,0.5882352941176471,0.5714285714285714,132.0,0.6197691020252198,mannwhitneyu_two_sided,0.9960585779461091,0.9960585779461091,0.1092436974789916,0.10714285714285714,0.05357142857142857,0.17857142857142858,1.0,0.06932773109243698,0.1092436974789916,0.613,999,subject,ankle,phase,left,LAnkleAngles,0.008675234799802275,exploratory,198,10,20,15.0
LAnkleAngles_ax1_phase_10_20_rom__median,31,17,14,9.86390545964241,10.681150861084461,11.269068635342752,11.984771675696331,0.8172454014420509,-0.07651286009072207,-0.1092436974789916,-0.13193053182535167,-0.4957983193277311,0.3025210084033613,negligible,VICTIMS_LOWER,0.5882352941176471,0.5,106.0,0.6197691020252198,mannwhitneyu_two_sided,0.9960585779461091,0.9960585779461091,-0.1092436974789916,-0.11607142857142858,-0.18552036199095023,-0.049773755656108594,1.0,0.07627666451195864,-0.1092436974789916,0.63,999,subject,ankle,phase,left,LAnkleAngles,0.008675234799802275,exploratory,199,10,20,15.0
LKneeAngles_ax1_phase_0_10_rom__median,31,17,14,11.165128350257874,12.112973690032959,11.015889169538722,11.378322444856167,0.9478453397750854,-0.07825042504261448,-0.09243697478991597,-0.2920226087982571,-0.5380252100840336,0.29411764705882354,negligible,VICTIMS_LOWER,0.6470588235294118,0.5714285714285714,108.0,0.6768326043999054,mannwhitneyu_two_sided,0.9960585779461091,0.9960585779461091,-0.09243697478991597,-0.08928571428571429,-0.17647058823529413,-0.02262443438914027,1.0,0.08403361344537816,-0.09243697478991597,0.696,999,subject,knee,phase,left,LKneeAngles,0.008074641621354427,exploratory,205,0,10,5.0
RAnkleAngles_ax1_phase_60_70_rom__median,31,17,14,10.61592298746109,8.783820480108261,11.426643945715007,9.986230381897517,1.832102507352829,0.20857695253469571,0.09243697478991597,0.33578352210574847,-0.3025210084033613,0.48739495798319327,negligible,VICTIMS_HIGHER,0.6470588235294118,0.5714285714285714,130.0,0.6768326043999054,mannwhitneyu_two_sided,0.9960585779461091,0.9960585779461091,0.09243697478991597,0.08035714285714286,0.03167420814479638,0.16071428571428573,1.0,0.06827731092436976,0.09243697478991597,0.669,999,subject,ankle,phase,right,RAnkleAngles,0.008074641621354427,exploratory,206,60,70,65.0
LAnkleAngles_ax1_phase_60_70_min__median,31,17,14,-3.877647638320923,-8.282131433486938,-5.8703805322156235,-6.9852679542132785,4.404483795166016,0.531805590208032,0.10084033613445378,0.3582474573056366,-0.3195378151260504,0.5296218487394956,negligible,VICTIMS_HIGHER,0.5882352941176471,0.6428571428571429,131.0,0.6480424001516927,mannwhitneyu_two_sided,0.9960585779461091,0.9960585779461091,0.10084033613445378,0.08928571428571429,0.04072398190045249,0.18552036199095023,1.0,0.08468002585649645,0.10084033613445378,0.639,999,subject,ankle,phase,left,LAnkleAngles,0.00800790904597133,exploratory,209,60,70,65.0
LHipAngles_ax1_phase_30_40_rom__median,31,17,14,9.207647562026978,9.472861289978027,9.168679079588722,9.220488020351954,0.2652137279510498,-0.02799721434025822,-0.08403361344537816,-0.16692009837356792,-0.4792016806722689,0.3445378151260504,negligible,VICTIMS_LOWER,0.5882352941176471,0.5714285714285714,109.0,0.7061030154647306,mannwhitneyu_two_sided,0.9960585779461091,0.9960585779461091,-0.08403361344537816,-0.07692307692307693,-0.167420814479638,-0.02262443438914027,1.0,0.08338720103425984,-0.08403361344537816,0.713,999,subject,hip,phase,left,LHipAngles,0.006673257538309442,exploratory,217,30,40,35.0
LAnkleAngles_ax1_phase_80_90_rom__median,31,17,14,3.0309009552001953,3.471431016921997,3.5955182655769238,3.690303879656962,0.44053006172180176,-0.12690157447299794,-0.09243697478991597,-0.2538602361940703,-0.5210084033613446,0.33613445378151263,negligible,VICTIMS_LOWER,0.5294117647058824,0.6428571428571429,108.0,0.6768326043999054,mannwhitneyu_two_sided,0.9960585779461091,0.9960585779461091,-0.09243697478991597,-0.08597285067873303,-0.167420814479638,-0.03571428571428571,1.0,0.07498383968972203,-0.09243697478991597,0.677,999,subject,ankle,phase,left,LAnkleAngles,0.006606524962926348,exploratory,219,80,90,85.0
LHipAngles_ax1_phase_90_100_rom__median,31,17,14,5.044956207275391,4.6687304973602295,4.6640389517826195,5.112882169229644,0.37622570991516113,0.08058415668411034,-0.10084033613445378,0.09341787604594168,-0.5126050420168067,0.35294117647058826,negligible,VICTIMS_LOWER,0.47058823529411764,0.5,107.0,0.6480424001516927,mannwhitneyu_two_sided,0.9960585779461091,0.9960585779461091,-0.10084033613445378,-0.10714285714285714,-0.17647058823529413,-0.03167420814479638,1.0,0.07563025210084034,-0.10084033613445378,0.637,999,subject,hip,phase,left,LHipAngles,0.006406327236777064,exploratory,221,90,100,95.0
LHipAngles_ax1_phase_0_10_rom__median,31,17,14,2.5257644653320312,2.433210715651512,2.623152154333451,2.591425919506167,0.0925537496805191,0.03803770429135936,0.06722689075630252,0.10361326084777679,-0.3195378151260504,0.5126050420168067,negligible,VICTIMS_HIGHER,0.5882352941176471,0.5,127.0,0.7659271287306254,mannwhitneyu_two_sided,0.9960585779461091,0.9960585779461091,0.06722689075630252,0.07142857142857142,0.004524886877828055,0.1493212669683258,1.0,0.08209437621202327,0.06722689075630252,0.769,999,subject,hip,phase,left,LHipAngles,0.005338606030647553,exploratory,235,0,10,5.0
LHipAngles_ax1_phase_40_50_rom__median,31,17,14,4.829073458909988,5.647714376449585,5.06394697638119,5.205736489168236,0.8186409175395966,-0.14495083550139307,-0.06722689075630252,-0.25462972236956155,-0.4957983193277311,0.37815126050420167,negligible,VICTIMS_LOWER,0.5882352941176471,0.6428571428571429,111.0,0.7659271287306254,mannwhitneyu_two_sided,0.9960585779461091,0.9960585779461091,-0.06722689075630252,-0.05357142857142857,-0.1493212669683258,-0.017857142857142856,1.0,0.08209437621202327,-0.06722689075630252,0.766,999,subject,hip,phase,left,LHipAngles,0.005338606030647553,exploratory,236,40,50,45.0
LAnkleAngles_ax1_phase_50_60_max__median,31,17,14,14.155278205871582,14.046911239624023,13.911169402739581,14.230880737304688,0.1083669662475586,0.0077146473270133025,-0.07563025210084033,0.01459243764137082,-0.46218487394957986,0.3363445378151259,negligible,VICTIMS_LOWER,0.47058823529411764,0.5,110.0,0.735814797438752,mannwhitneyu_two_sided,0.9960585779461091,0.9960585779461091,-0.07563025210084033,-0.08035714285714286,-0.14285714285714285,-0.017857142857142856,1.0,0.06722689075630252,-0.07563025210084033,0.745,999,subject,ankle,phase,left,LAnkleAngles,0.004804745427582798,exploratory,243,50,60,55.0
RAnkleAngles_ax1_phase_70_80_min__median,31,17,14,-2.1931331157684326,-0.16053974628448486,-0.2585536311654484,-0.46217717443193707,2.0325933694839478,-12.660997768627873,0.08403361344537816,-0.15109633438551062,-0.33613445378151263,0.5212184873949578,negligible,VICTIMS_HIGHER,0.4117647058823529,0.5,129.0,0.7061030154647306,mannwhitneyu_two_sided,0.9960585779461091,0.9960585779461091,0.08403361344537816,0.08928571428571429,0.026785714285714284,0.1583710407239819,1.0,0.07433742727860373,0.08403361344537816,0.689,999,subject,ankle,phase,right,RAnkleAngles,0.004671280276816609,exploratory,246,70,80,75.0
RAnkleAngles_ax1_phase_40_50_rom__median,31,17,14,3.1608314514160156,2.7327712774276733,3.334368439281688,3.2337539196014404,0.4280601739883423,0.15663959055924742,0.06722689075630252,0.25188853937972244,-0.3363445378151261,0.46260504201680636,negligible,VICTIMS_HIGHER,0.5294117647058824,0.7142857142857143,127.0,0.7659271287306254,mannwhitneyu_two_sided,0.9960585779461091,0.9960585779461091,0.06722689075630252,0.06787330316742081,-0.004524886877828055,0.14027149321266968,0.9354838709677419,0.07304460245636717,0.06722689075630252,0.765,999,subject,ankle,phase,right,RAnkleAngles,0.004494761851609713,exploratory,250,40,50,45.0
RAnkleAngles_ax1_phase_10_20_max__median,31,17,14,8.607449531555176,7.52477502822876,6.758989975075512,6.653499526636941,1.082674503326416,0.1438813119681087,0.058823529411764705,0.25570943901410775,-0.31932773109243695,0.46239495798319313,negligible,VICTIMS_HIGHER,0.5294117647058824,0.7142857142857143,126.0,0.7963973678502935,mannwhitneyu_two_sided,0.9960585779461091,0.9960585779461091,0.058823529411764705,0.058823529411764705,0.0,0.13122171945701358,0.967741935483871,0.07239819004524888,0.058823529411764705,0.791,999,subject,ankle,phase,right,RAnkleAngles,0.0040685344346467235,exploratory,255,10,20,15.0
RAnkleAngles_ax1_phase_70_80_rom__median,31,17,14,6.4490647315979,6.132424473762512,6.563190774006002,7.2206041898046225,0.3166402578353882,0.05163378027566892,0.058823529411764705,0.09257543008992239,-0.3949579831932773,0.5042016806722689,negligible,VICTIMS_HIGHER,0.5294117647058824,0.5,126.0,0.7963973678502935,mannwhitneyu_two_sided,0.9960585779461091,0.9960585779461091,0.058823529411764705,0.0625,-0.013574660633484163,0.14027149321266968,0.8387096774193549,0.08144796380090498,0.058823529411764705,0.8,999,subject,ankle,phase,right,RAnkleAngles,0.0035260631766938274,exploratory,264,70,80,75.0
RAnkleAngles_ax1_phase_0_10_rom__median,31,17,14,9.307007789611816,9.282788515090942,9.372190003885942,9.207003259233066,0.024219274520874023,0.002609051631576113,0.04201680672268908,0.00869205472660397,-0.39516806722689074,0.4539915966386553,negligible,VICTIMS_HIGHER,0.5294117647058824,0.5714285714285714,124.0,0.8582329939436477,mannwhitneyu_two_sided,0.9960585779461091,0.9960585779461091,0.04201680672268908,0.04072398190045249,-0.03167420814479638,0.11312217194570136,0.8709677419354839,0.07369101486748546,0.04201680672268908,0.855,999,subject,ankle,phase,right,RAnkleAngles,0.002615486422272894,exploratory,274,0,10,5.0
LAnkleAngles_ax1_phase_60_70_max__median,31,17,14,6.55443549156189,7.131964206695557,6.215101081658812,5.773646797452654,0.577528715133667,-0.08097751171990986,0.05042016806722689,-0.0851281245694975,-0.3531512605042017,0.42016806722689076,negligible,VICTIMS_HIGHER,0.4117647058823529,0.42857142857142855,125.0,0.8271812329599,mannwhitneyu_two_sided,0.9960585779461091,0.9960585779461091,0.05042016806722689,0.0625,-0.02262443438914027,0.10714285714285714,0.8064516129032258,0.07304460245636717,0.05042016806722689,0.848,999,subject,ankle,phase,left,LAnkleAngles,0.0022602969081370683,exploratory,279,60,70,65.0
LAnkleAngles_ax1_phase_50_60_min__median,31,17,14,2.918707489967346,3.678581714630127,3.8876328928505672,3.283227707658495,0.7598742246627808,-0.20656717278854422,0.04201680672268908,-0.11474390806517815,-0.3869747899159664,0.43718487394957967,negligible,VICTIMS_HIGHER,0.47058823529411764,0.5,124.0,0.8582329939436477,mannwhitneyu_two_sided,0.9960585779461091,0.9960585779461091,0.04201680672268908,0.044642857142857144,-0.03167420814479638,0.10407239819004525,0.7741935483870968,0.07369101486748546,0.04201680672268908,0.861,999,subject,ankle,phase,left,LAnkleAngles,0.002066557173153892,exploratory,282,50,60,55.0
LHipAngles_ax1_phase_10_20_rom__median,31,17,14,10.637628555297852,10.536857038736343,10.906824452035567,11.081700712442398,0.10077151656150818,0.009563716788701295,0.03361344537815126,0.03612059943664538,-0.37815126050420167,0.4455882352941175,negligible,VICTIMS_HIGHER,0.5294117647058824,0.5714285714285714,123.0,0.8895056756162,mannwhitneyu_two_sided,0.9960585779461091,0.9960585779461091,0.03361344537815126,0.03167420814479638,-0.02262443438914027,0.11312217194570136,0.6451612903225806,0.07950872656755009,0.03361344537815126,0.887,999,subject,hip,phase,left,LHipAngles,0.0015499178798654186,exploratory,291,10,20,15.0
RAnkleAngles_ax1_phase_80_90_min__median,31,17,14,7.18805193901062,8.074751377105713,7.860952268628513,7.347785008805139,0.8866994380950928,-0.1098113609552296,0.03361344537815126,-0.17263232256872557,-0.3949579831932773,0.4369747899159664,negligible,VICTIMS_HIGHER,0.4117647058823529,0.42857142857142855,123.0,0.8895056756162,mannwhitneyu_two_sided,0.9960585779461091,0.9960585779461091,0.03361344537815126,0.044642857142857144,-0.03167420814479638,0.09821428571428571,0.7096774193548387,0.06528765352294763,0.03361344537815126,0.878,999,subject,ankle,phase,right,RAnkleAngles,0.001326040852773747,exploratory,298,80,90,85.0
RAnkleAngles_ax1_phase_50_60_rom__median,31,17,14,8.343701362609863,9.043255150318146,9.77204109840643,9.764761337212153,0.6995537877082825,-0.07735641382225866,-0.025210084033613446,-0.20126381667474091,-0.4792016806722689,0.3949579831932773,negligible,VICTIMS_LOWER,0.5294117647058824,0.6428571428571429,116.0,0.9209512705693832,mannwhitneyu_two_sided,0.9960585779461091,0.9960585779461091,-0.025210084033613446,-0.02262443438914027,-0.10407239819004525,0.049773755656108594,0.6451612903225806,0.0788623141564318,-0.025210084033613446,0.924,999,subject,ankle,phase,right,RAnkleAngles,0.001162438409899064,exploratory,299,50,60,55.0
RAnkleAngles_ax1_phase_10_20_mean__median,31,17,14,0.32366758957505226,0.595992066990584,-0.8198146797223564,-0.2765539628586599,0.2723244774155318,-0.45692634600090104,-0.01680672268907563,-0.0404261837560011,-0.42058823529411765,0.3697478991596639,negligible,VICTIMS_LOWER,0.5294117647058824,0.5,117.0,0.9525209600525544,mannwhitneyu_two_sided,0.9960585779461091,0.9960585779461091,-0.01680672268907563,-0.017857142857142856,-0.07692307692307693,0.058823529411764705,0.6129032258064516,0.07563025210084033,-0.01680672268907563,0.955,999,subject,ankle,phase,right,RAnkleAngles,0.0007362109929360739,exploratory,310,10,20,15.0
LAnkleAngles_ax1_phase_30_40_rom__median,31,17,14,3.318669319152832,3.0158099830150604,3.627381138941821,3.6629773506096432,0.3028593361377716,0.1004238787733528,0.01680672268907563,0.18107384579103933,-0.41197478991596637,0.4287815126050418,negligible,VICTIMS_HIGHER,0.6470588235294118,0.6428571428571429,121.0,0.9525209600525544,mannwhitneyu_two_sided,0.9960585779461091,0.9960585779461091,0.01680672268907563,0.0,-0.049773755656108594,0.08597285067873303,0.3548387096774194,0.0691661279896574,0.01680672268907563,0.947,999,subject,ankle,phase,left,LAnkleAngles,0.0005209446207325436,exploratory,314,30,40,35.0
RAnkleAngles_ax1_phase_90_100_max__median,31,17,14,12.850042343139648,14.644407033920288,14.805839538574219,14.870801755360194,1.7943646907806396,-0.12252900965019753,0.01680672268907563,-0.19922412269420206,-0.39516806722689074,0.4369747899159664,negligible,VICTIMS_HIGHER,0.35294117647058826,0.42857142857142855,121.0,0.9525209600525544,mannwhitneyu_two_sided,0.9960585779461091,0.9960585779461091,0.01680672268907563,0.03571428571428571,-0.044642857142857144,0.08035714285714286,0.6451612903225806,0.06355042016806724,0.01680672268907563,0.955,999,subject,ankle,phase,right,RAnkleAngles,0.0005166392932884729,exploratory,315,90,100,95.0
RHipAngles_ax1_phase_70_80_rom__median,31,17,14,13.937704086303711,13.921650886535645,14.322617755216712,14.410218017441887,0.016053199768066406,0.0011531103529964463,0.008403361344537815,0.005560587711804778,-0.42857142857142855,0.42016806722689076,negligible,VICTIMS_HIGHER,0.5294117647058824,0.5,120.0,0.9841653411945137,mannwhitneyu_two_sided,0.9960585779461091,0.9960585779461091,0.008403361344537815,0.008928571428571428,-0.06787330316742081,0.08597285067873303,0.6129032258064516,0.07756948933419522,0.008403361344537815,0.994,999,subject,hip,phase,right,RHipAngles,0.00036810549646803696,exploratory,321,70,80,75.0
LHipAngles_ax1_phase_50_60_rom__median,31,17,14,2.637831300497055,2.3126277923583984,2.4898375860031914,2.5167122073471546,0.3252035081386566,0.14062077313661306,0.0,0.33535598142938755,-0.3865546218487395,0.4369747899159664,negligible,TIED,,,119.0,1.0,mannwhitneyu_two_sided,1.0,1.0,0.0,-0.013574660633484163,-0.07692307692307693,0.07692307692307693,0.0,0.07692307692307693,0.0,1.0,999,subject,hip,phase,left,LHipAngles,0.0,exploratory,333,50,60,55.0
