name,level,family,source_signal,n_valid_cycles,n_cycles,missing_fraction_cycles,n_valid_subjects,n_subjects,missing_fraction_subjects
LHipAngles_ax1_min,cycle,kinematic,LHipAngles,880,880,0.0,31,31,0.0
LHipAngles_ax1_max,cycle,kinematic,LHipAngles,880,880,0.0,31,31,0.0
LHipAngles_ax1_mean,cycle,kinematic,LHipAngles,880,880,0.0,31,31,0.0
LHipAngles_ax1_median,cycle,kinematic,LHipAngles,880,880,0.0,31,31,0.0
LHipAngles_ax1_std,cycle,kinematic,LHipAngles,880,880,0.0,31,31,0.0
LHipAngles_ax1_rom,cycle,kinematic,LHipAngles,880,880,0.0,31,31,0.0
LHipAngles_ax1_tmin_pct,cycle,kinematic,LHipAngles,880,880,0.0,31,31,0.0
LHipAngles_ax1_tmax_pct,cycle,kinematic,LHipAngles,880,880,0.0,31,31,0.0
LHipAngles_ax1_peak_vel,cycle,kinematic,LHipAngles,880,880,0.0,31,31,0.0
LHipAngles_ax1_tpeak_vel_pct,cycle,kinematic,LHipAngles,880,880,0.0,31,31,0.0
LHipAngles_ax1_vel_rms,cycle,kinematic,LHipAngles,880,880,0.0,31,31,0.0
LHipAngles_ax1_peak_acc,cycle,kinematic,LHipAngles,880,880,0.0,31,31,0.0
LHipAngles_ax1_acc_rms,cycle,kinematic,LHipAngles,880,880,0.0,31,31,0.0
LHipAngles_ax2_min,cycle,kinematic,LHipAngles,880,880,0.0,31,31,0.0
LHipAngles_ax2_max,cycle,kinematic,LHipAngles,880,880,0.0,31,31,0.0
LHipAngles_ax2_mean,cycle,kinematic,LHipAngles,880,880,0.0,31,31,0.0
LHipAngles_ax2_median,cycle,kinematic,LHipAngles,880,880,0.0,31,31,0.0
LHipAngles_ax2_std,cycle,kinematic,LHipAngles,880,880,0.0,31,31,0.0
LHipAngles_ax2_rom,cycle,kinematic,LHipAngles,880,880,0.0,31,31,0.0
LHipAngles_ax2_tmin_pct,cycle,kinematic,LHipAngles,880,880,0.0,31,31,0.0
LHipAngles_ax2_tmax_pct,cycle,kinematic,LHipAngles,880,880,0.0,31,31,0.0
LHipAngles_ax2_peak_vel,cycle,kinematic,LHipAngles,880,880,0.0,31,31,0.0
LHipAngles_ax2_tpeak_vel_pct,cycle,kinematic,LHipAngles,880,880,0.0,31,31,0.0
LHipAngles_ax2_vel_rms,cycle,kinematic,LHipAngles,880,880,0.0,31,31,0.0
LHipAngles_ax2_peak_acc,cycle,kinematic,LHipAngles,880,880,0.0,31,31,0.0
LHipAngles_ax2_acc_rms,cycle,kinematic,LHipAngles,880,880,0.0,31,31,0.0
LHipAngles_ax3_min,cycle,kinematic,LHipAngles,880,880,0.0,31,31,0.0
LHipAngles_ax3_max,cycle,kinematic,LHipAngles,880,880,0.0,31,31,0.0
LHipAngles_ax3_mean,cycle,kinematic,LHipAngles,880,880,0.0,31,31,0.0
LHipAngles_ax3_median,cycle,kinematic,LHipAngles,880,880,0.0,31,31,0.0
LHipAngles_ax3_std,cycle,kinematic,LHipAngles,880,880,0.0,31,31,0.0
LHipAngles_ax3_rom,cycle,kinematic,LHipAngles,880,880,0.0,31,31,0.0
LHipAngles_ax3_tmin_pct,cycle,kinematic,LHipAngles,880,880,0.0,31,31,0.0
LHipAngles_ax3_tmax_pct,cycle,kinematic,LHipAngles,880,880,0.0,31,31,0.0
LHipAngles_ax3_peak_vel,cycle,kinematic,LHipAngles,880,880,0.0,31,31,0.0
LHipAngles_ax3_tpeak_vel_pct,cycle,kinematic,LHipAngles,880,880,0.0,31,31,0.0
LHipAngles_ax3_vel_rms,cycle,kinematic,LHipAngles,880,880,0.0,31,31,0.0
LHipAngles_ax3_peak_acc,cycle,kinematic,LHipAngles,880,880,0.0,31,31,0.0
LHipAngles_ax3_acc_rms,cycle,kinematic,LHipAngles,880,880,0.0,31,31,0.0
RHipAngles_ax1_min,cycle,kinematic,RHipAngles,880,880,0.0,31,31,0.0
RHipAngles_ax1_max,cycle,kinematic,RHipAngles,880,880,0.0,31,31,0.0
RHipAngles_ax1_mean,cycle,kinematic,RHipAngles,880,880,0.0,31,31,0.0
RHipAngles_ax1_median,cycle,kinematic,RHipAngles,880,880,0.0,31,31,0.0
RHipAngles_ax1_std,cycle,kinematic,RHipAngles,880,880,0.0,31,31,0.0
RHipAngles_ax1_rom,cycle,kinematic,RHipAngles,880,880,0.0,31,31,0.0
RHipAngles_ax1_tmin_pct,cycle,kinematic,RHipAngles,880,880,0.0,31,31,0.0
RHipAngles_ax1_tmax_pct,cycle,kinematic,RHipAngles,880,880,0.0,31,31,0.0
RHipAngles_ax1_peak_vel,cycle,kinematic,RHipAngles,880,880,0.0,31,31,0.0
RHipAngles_ax1_tpeak_vel_pct,cycle,kinematic,RHipAngles,880,880,0.0,31,31,0.0
RHipAngles_ax1_vel_rms,cycle,kinematic,RHipAngles,880,880,0.0,31,31,0.0
RHipAngles_ax1_peak_acc,cycle,kinematic,RHipAngles,880,880,0.0,31,31,0.0
RHipAngles_ax1_acc_rms,cycle,kinematic,RHipAngles,880,880,0.0,31,31,0.0
RHipAngles_ax2_min,cycle,kinematic,RHipAngles,880,880,0.0,31,31,0.0
RHipAngles_ax2_max,cycle,kinematic,RHipAngles,880,880,0.0,31,31,0.0
RHipAngles_ax2_mean,cycle,kinematic,RHipAngles,880,880,0.0,31,31,0.0
RHipAngles_ax2_median,cycle,kinematic,RHipAngles,880,880,0.0,31,31,0.0
RHipAngles_ax2_std,cycle,kinematic,RHipAngles,880,880,0.0,31,31,0.0
RHipAngles_ax2_rom,cycle,kinematic,RHipAngles,880,880,0.0,31,31,0.0
RHipAngles_ax2_tmin_pct,cycle,kinematic,RHipAngles,880,880,0.0,31,31,0.0
RHipAngles_ax2_tmax_pct,cycle,kinematic,RHipAngles,880,880,0.0,31,31,0.0
RHipAngles_ax2_peak_vel,cycle,kinematic,RHipAngles,880,880,0.0,31,31,0.0
RHipAngles_ax2_tpeak_vel_pct,cycle,kinematic,RHipAngles,880,880,0.0,31,31,0.0
RHipAngles_ax2_vel_rms,cycle,kinematic,RHipAngles,880,880,0.0,31,31,0.0
RHipAngles_ax2_peak_acc,cycle,kinematic,RHipAngles,880,880,0.0,31,31,0.0
RHipAngles_ax2_acc_rms,cycle,kinematic,RHipAngles,880,880,0.0,31,31,0.0
RHipAngles_ax3_min,cycle,kinematic,RHipAngles,880,880,0.0,31,31,0.0
RHipAngles_ax3_max,cycle,kinematic,RHipAngles,880,880,0.0,31,31,0.0
RHipAngles_ax3_mean,cycle,kinematic,RHipAngles,880,880,0.0,31,31,0.0
RHipAngles_ax3_median,cycle,kinematic,RHipAngles,880,880,0.0,31,31,0.0
RHipAngles_ax3_std,cycle,kinematic,RHipAngles,880,880,0.0,31,31,0.0
RHipAngles_ax3_rom,cycle,kinematic,RHipAngles,880,880,0.0,31,31,0.0
RHipAngles_ax3_tmin_pct,cycle,kinematic,RHipAngles,880,880,0.0,31,31,0.0
RHipAngles_ax3_tmax_pct,cycle,kinematic,RHipAngles,880,880,0.0,31,31,0.0
RHipAngles_ax3_peak_vel,cycle,kinematic,RHipAngles,880,880,0.0,31,31,0.0
RHipAngles_ax3_tpeak_vel_pct,cycle,kinematic,RHipAngles,880,880,0.0,31,31,0.0
RHipAngles_ax3_vel_rms,cycle,kinematic,RHipAngles,880,880,0.0,31,31,0.0
RHipAngles_ax3_peak_acc,cycle,kinematic,RHipAngles,880,880,0.0,31,31,0.0
RHipAngles_ax3_acc_rms,cycle,kinematic,RHipAngles,880,880,0.0,31,31,0.0
LKneeAngles_ax1_min,cycle,kinematic,LKneeAngles,880,880,0.0,31,31,0.0
LKneeAngles_ax1_max,cycle,kinematic,LKneeAngles,880,880,0.0,31,31,0.0
LKneeAngles_ax1_mean,cycle,kinematic,LKneeAngles,880,880,0.0,31,31,0.0
LKneeAngles_ax1_median,cycle,kinematic,LKneeAngles,880,880,0.0,31,31,0.0
LKneeAngles_ax1_std,cycle,kinematic,LKneeAngles,880,880,0.0,31,31,0.0
LKneeAngles_ax1_rom,cycle,kinematic,LKneeAngles,880,880,0.0,31,31,0.0
LKneeAngles_ax1_tmin_pct,cycle,kinematic,LKneeAngles,880,880,0.0,31,31,0.0
LKneeAngles_ax1_tmax_pct,cycle,kinematic,LKneeAngles,880,880,0.0,31,31,0.0
LKneeAngles_ax1_peak_vel,cycle,kinematic,LKneeAngles,880,880,0.0,31,31,0.0
LKneeAngles_ax1_tpeak_vel_pct,cycle,kinematic,LKneeAngles,880,880,0.0,31,31,0.0
LKneeAngles_ax1_vel_rms,cycle,kinematic,LKneeAngles,880,880,0.0,31,31,0.0
LKneeAngles_ax1_peak_acc,cycle,kinematic,LKneeAngles,880,880,0.0,31,31,0.0
LKneeAngles_ax1_acc_rms,cycle,kinematic,LKneeAngles,880,880,0.0,31,31,0.0
LKneeAngles_ax2_min,cycle,kinematic,LKneeAngles,880,880,0.0,31,31,0.0
LKneeAngles_ax2_max,cycle,kinematic,LKneeAngles,880,880,0.0,31,31,0.0
LKneeAngles_ax2_mean,cycle,kinematic,LKneeAngles,880,880,0.0,31,31,0.0
LKneeAngles_ax2_median,cycle,kinematic,LKneeAngles,880,880,0.0,31,31,0.0
LKneeAngles_ax2_std,cycle,kinematic,LKneeAngles,880,880,0.0,31,31,0.0
LKneeAngles_ax2_rom,cycle,kinematic,LKneeAngles,880,880,0.0,31,31,0.0
LKneeAngles_ax2_tmin_pct,cycle,kinematic,LKneeAngles,880,880,0.0,31,31,0.0
LKneeAngles_ax2_tmax_pct,cycle,kinematic,LKneeAngles,880,880,0.0,31,31,0.0
LKneeAngles_ax2_peak_vel,cycle,kinematic,LKneeAngles,880,880,0.0,31,31,0.0
LKneeAngles_ax2_tpeak_vel_pct,cycle,kinematic,LKneeAngles,880,880,0.0,31,31,0.0
LKneeAngles_ax2_vel_rms,cycle,kinematic,LKneeAngles,880,880,0.0,31,31,0.0
LKneeAngles_ax2_peak_acc,cycle,kinematic,LKneeAngles,880,880,0.0,31,31,0.0
LKneeAngles_ax2_acc_rms,cycle,kinematic,LKneeAngles,880,880,0.0,31,31,0.0
LKneeAngles_ax3_min,cycle,kinematic,LKneeAngles,880,880,0.0,31,31,0.0
LKneeAngles_ax3_max,cycle,kinematic,LKneeAngles,880,880,0.0,31,31,0.0
LKneeAngles_ax3_mean,cycle,kinematic,LKneeAngles,880,880,0.0,31,31,0.0
LKneeAngles_ax3_median,cycle,kinematic,LKneeAngles,880,880,0.0,31,31,0.0
LKneeAngles_ax3_std,cycle,kinematic,LKneeAngles,880,880,0.0,31,31,0.0
LKneeAngles_ax3_rom,cycle,kinematic,LKneeAngles,880,880,0.0,31,31,0.0
LKneeAngles_ax3_tmin_pct,cycle,kinematic,LKneeAngles,880,880,0.0,31,31,0.0
LKneeAngles_ax3_tmax_pct,cycle,kinematic,LKneeAngles,880,880,0.0,31,31,0.0
LKneeAngles_ax3_peak_vel,cycle,kinematic,LKneeAngles,880,880,0.0,31,31,0.0
LKneeAngles_ax3_tpeak_vel_pct,cycle,kinematic,LKneeAngles,880,880,0.0,31,31,0.0
LKneeAngles_ax3_vel_rms,cycle,kinematic,LKneeAngles,880,880,0.0,31,31,0.0
LKneeAngles_ax3_peak_acc,cycle,kinematic,LKneeAngles,880,880,0.0,31,31,0.0
LKneeAngles_ax3_acc_rms,cycle,kinematic,LKneeAngles,880,880,0.0,31,31,0.0
RKneeAngles_ax1_min,cycle,kinematic,RKneeAngles,880,880,0.0,31,31,0.0
RKneeAngles_ax1_max,cycle,kinematic,RKneeAngles,880,880,0.0,31,31,0.0
RKneeAngles_ax1_mean,cycle,kinematic,RKneeAngles,880,880,0.0,31,31,0.0
RKneeAngles_ax1_median,cycle,kinematic,RKneeAngles,880,880,0.0,31,31,0.0
RKneeAngles_ax1_std,cycle,kinematic,RKneeAngles,880,880,0.0,31,31,0.0
RKneeAngles_ax1_rom,cycle,kinematic,RKneeAngles,880,880,0.0,31,31,0.0
RKneeAngles_ax1_tmin_pct,cycle,kinematic,RKneeAngles,880,880,0.0,31,31,0.0
RKneeAngles_ax1_tmax_pct,cycle,kinematic,RKneeAngles,880,880,0.0,31,31,0.0
RKneeAngles_ax1_peak_vel,cycle,kinematic,RKneeAngles,880,880,0.0,31,31,0.0
RKneeAngles_ax1_tpeak_vel_pct,cycle,kinematic,RKneeAngles,880,880,0.0,31,31,0.0
RKneeAngles_ax1_vel_rms,cycle,kinematic,RKneeAngles,880,880,0.0,31,31,0.0
RKneeAngles_ax1_peak_acc,cycle,kinematic,RKneeAngles,880,880,0.0,31,31,0.0
RKneeAngles_ax1_acc_rms,cycle,kinematic,RKneeAngles,880,880,0.0,31,31,0.0
RKneeAngles_ax2_min,cycle,kinematic,RKneeAngles,880,880,0.0,31,31,0.0
RKneeAngles_ax2_max,cycle,kinematic,RKneeAngles,880,880,0.0,31,31,0.0
RKneeAngles_ax2_mean,cycle,kinematic,RKneeAngles,880,880,0.0,31,31,0.0
RKneeAngles_ax2_median,cycle,kinematic,RKneeAngles,880,880,0.0,31,31,0.0
RKneeAngles_ax2_std,cycle,kinematic,RKneeAngles,880,880,0.0,31,31,0.0
RKneeAngles_ax2_rom,cycle,kinematic,RKneeAngles,880,880,0.0,31,31,0.0
RKneeAngles_ax2_tmin_pct,cycle,kinematic,RKneeAngles,880,880,0.0,31,31,0.0
RKneeAngles_ax2_tmax_pct,cycle,kinematic,RKneeAngles,880,880,0.0,31,31,0.0
RKneeAngles_ax2_peak_vel,cycle,kinematic,RKneeAngles,880,880,0.0,31,31,0.0
RKneeAngles_ax2_tpeak_vel_pct,cycle,kinematic,RKneeAngles,880,880,0.0,31,31,0.0
RKneeAngles_ax2_vel_rms,cycle,kinematic,RKneeAngles,880,880,0.0,31,31,0.0
RKneeAngles_ax2_peak_acc,cycle,kinematic,RKneeAngles,880,880,0.0,31,31,0.0
RKneeAngles_ax2_acc_rms,cycle,kinematic,RKneeAngles,880,880,0.0,31,31,0.0
RKneeAngles_ax3_min,cycle,kinematic,RKneeAngles,880,880,0.0,31,31,0.0
RKneeAngles_ax3_max,cycle,kinematic,RKneeAngles,880,880,0.0,31,31,0.0
RKneeAngles_ax3_mean,cycle,kinematic,RKneeAngles,880,880,0.0,31,31,0.0
RKneeAngles_ax3_median,cycle,kinematic,RKneeAngles,880,880,0.0,31,31,0.0
RKneeAngles_ax3_std,cycle,kinematic,RKneeAngles,880,880,0.0,31,31,0.0
RKneeAngles_ax3_rom,cycle,kinematic,RKneeAngles,880,880,0.0,31,31,0.0
RKneeAngles_ax3_tmin_pct,cycle,kinematic,RKneeAngles,880,880,0.0,31,31,0.0
RKneeAngles_ax3_tmax_pct,cycle,kinematic,RKneeAngles,880,880,0.0,31,31,0.0
RKneeAngles_ax3_peak_vel,cycle,kinematic,RKneeAngles,880,880,0.0,31,31,0.0
RKneeAngles_ax3_tpeak_vel_pct,cycle,kinematic,RKneeAngles,880,880,0.0,31,31,0.0
RKneeAngles_ax3_vel_rms,cycle,kinematic,RKneeAngles,880,880,0.0,31,31,0.0
RKneeAngles_ax3_peak_acc,cycle,kinematic,RKneeAngles,880,880,0.0,31,31,0.0
RKneeAngles_ax3_acc_rms,cycle,kinematic,RKneeAngles,880,880,0.0,31,31,0.0
LAnkleAngles_ax1_min,cycle,kinematic,LAnkleAngles,880,880,0.0,31,31,0.0
LAnkleAngles_ax1_max,cycle,kinematic,LAnkleAngles,880,880,0.0,31,31,0.0
LAnkleAngles_ax1_mean,cycle,kinematic,LAnkleAngles,880,880,0.0,31,31,0.0
LAnkleAngles_ax1_median,cycle,kinematic,LAnkleAngles,880,880,0.0,31,31,0.0
LAnkleAngles_ax1_std,cycle,kinematic,LAnkleAngles,880,880,0.0,31,31,0.0
LAnkleAngles_ax1_rom,cycle,kinematic,LAnkleAngles,880,880,0.0,31,31,0.0
LAnkleAngles_ax1_tmin_pct,cycle,kinematic,LAnkleAngles,880,880,0.0,31,31,0.0
LAnkleAngles_ax1_tmax_pct,cycle,kinematic,LAnkleAngles,880,880,0.0,31,31,0.0
LAnkleAngles_ax1_peak_vel,cycle,kinematic,LAnkleAngles,880,880,0.0,31,31,0.0
LAnkleAngles_ax1_tpeak_vel_pct,cycle,kinematic,LAnkleAngles,880,880,0.0,31,31,0.0
LAnkleAngles_ax1_vel_rms,cycle,kinematic,LAnkleAngles,880,880,0.0,31,31,0.0
LAnkleAngles_ax1_peak_acc,cycle,kinematic,LAnkleAngles,880,880,0.0,31,31,0.0
LAnkleAngles_ax1_acc_rms,cycle,kinematic,LAnkleAngles,880,880,0.0,31,31,0.0
LAnkleAngles_ax2_min,cycle,kinematic,LAnkleAngles,880,880,0.0,31,31,0.0
LAnkleAngles_ax2_max,cycle,kinematic,LAnkleAngles,880,880,0.0,31,31,0.0
LAnkleAngles_ax2_mean,cycle,kinematic,LAnkleAngles,880,880,0.0,31,31,0.0
LAnkleAngles_ax2_median,cycle,kinematic,LAnkleAngles,880,880,0.0,31,31,0.0
LAnkleAngles_ax2_std,cycle,kinematic,LAnkleAngles,880,880,0.0,31,31,0.0
LAnkleAngles_ax2_rom,cycle,kinematic,LAnkleAngles,880,880,0.0,31,31,0.0
LAnkleAngles_ax2_tmin_pct,cycle,kinematic,LAnkleAngles,880,880,0.0,31,31,0.0
LAnkleAngles_ax2_tmax_pct,cycle,kinematic,LAnkleAngles,880,880,0.0,31,31,0.0
LAnkleAngles_ax2_peak_vel,cycle,kinematic,LAnkleAngles,880,880,0.0,31,31,0.0
LAnkleAngles_ax2_tpeak_vel_pct,cycle,kinematic,LAnkleAngles,880,880,0.0,31,31,0.0
LAnkleAngles_ax2_vel_rms,cycle,kinematic,LAnkleAngles,880,880,0.0,31,31,0.0
LAnkleAngles_ax2_peak_acc,cycle,kinematic,LAnkleAngles,880,880,0.0,31,31,0.0
LAnkleAngles_ax2_acc_rms,cycle,kinematic,LAnkleAngles,880,880,0.0,31,31,0.0
LAnkleAngles_ax3_min,cycle,kinematic,LAnkleAngles,880,880,0.0,31,31,0.0
LAnkleAngles_ax3_max,cycle,kinematic,LAnkleAngles,880,880,0.0,31,31,0.0
LAnkleAngles_ax3_mean,cycle,kinematic,LAnkleAngles,880,880,0.0,31,31,0.0
LAnkleAngles_ax3_median,cycle,kinematic,LAnkleAngles,880,880,0.0,31,31,0.0
LAnkleAngles_ax3_std,cycle,kinematic,LAnkleAngles,880,880,0.0,31,31,0.0
LAnkleAngles_ax3_rom,cycle,kinematic,LAnkleAngles,880,880,0.0,31,31,0.0
LAnkleAngles_ax3_tmin_pct,cycle,kinematic,LAnkleAngles,880,880,0.0,31,31,0.0
LAnkleAngles_ax3_tmax_pct,cycle,kinematic,LAnkleAngles,880,880,0.0,31,31,0.0
LAnkleAngles_ax3_peak_vel,cycle,kinematic,LAnkleAngles,880,880,0.0,31,31,0.0
LAnkleAngles_ax3_tpeak_vel_pct,cycle,kinematic,LAnkleAngles,880,880,0.0,31,31,0.0
LAnkleAngles_ax3_vel_rms,cycle,kinematic,LAnkleAngles,880,880,0.0,31,31,0.0
LAnkleAngles_ax3_peak_acc,cycle,kinematic,LAnkleAngles,880,880,0.0,31,31,0.0
LAnkleAngles_ax3_acc_rms,cycle,kinematic,LAnkleAngles,880,880,0.0,31,31,0.0
RAnkleAngles_ax1_min,cycle,kinematic,RAnkleAngles,880,880,0.0,31,31,0.0
RAnkleAngles_ax1_max,cycle,kinematic,RAnkleAngles,880,880,0.0,31,31,0.0
RAnkleAngles_ax1_mean,cycle,kinematic,RAnkleAngles,880,880,0.0,31,31,0.0
RAnkleAngles_ax1_median,cycle,kinematic,RAnkleAngles,880,880,0.0,31,31,0.0
RAnkleAngles_ax1_std,cycle,kinematic,RAnkleAngles,880,880,0.0,31,31,0.0
RAnkleAngles_ax1_rom,cycle,kinematic,RAnkleAngles,880,880,0.0,31,31,0.0
RAnkleAngles_ax1_tmin_pct,cycle,kinematic,RAnkleAngles,880,880,0.0,31,31,0.0
RAnkleAngles_ax1_tmax_pct,cycle,kinematic,RAnkleAngles,880,880,0.0,31,31,0.0
RAnkleAngles_ax1_peak_vel,cycle,kinematic,RAnkleAngles,880,880,0.0,31,31,0.0
RAnkleAngles_ax1_tpeak_vel_pct,cycle,kinematic,RAnkleAngles,880,880,0.0,31,31,0.0
RAnkleAngles_ax1_vel_rms,cycle,kinematic,RAnkleAngles,880,880,0.0,31,31,0.0
RAnkleAngles_ax1_peak_acc,cycle,kinematic,RAnkleAngles,880,880,0.0,31,31,0.0
RAnkleAngles_ax1_acc_rms,cycle,kinematic,RAnkleAngles,880,880,0.0,31,31,0.0
RAnkleAngles_ax2_min,cycle,kinematic,RAnkleAngles,880,880,0.0,31,31,0.0
RAnkleAngles_ax2_max,cycle,kinematic,RAnkleAngles,880,880,0.0,31,31,0.0
RAnkleAngles_ax2_mean,cycle,kinematic,RAnkleAngles,880,880,0.0,31,31,0.0
RAnkleAngles_ax2_median,cycle,kinematic,RAnkleAngles,880,880,0.0,31,31,0.0
RAnkleAngles_ax2_std,cycle,kinematic,RAnkleAngles,880,880,0.0,31,31,0.0
RAnkleAngles_ax2_rom,cycle,kinematic,RAnkleAngles,880,880,0.0,31,31,0.0
RAnkleAngles_ax2_tmin_pct,cycle,kinematic,RAnkleAngles,880,880,0.0,31,31,0.0
RAnkleAngles_ax2_tmax_pct,cycle,kinematic,RAnkleAngles,880,880,0.0,31,31,0.0
RAnkleAngles_ax2_peak_vel,cycle,kinematic,RAnkleAngles,880,880,0.0,31,31,0.0
RAnkleAngles_ax2_tpeak_vel_pct,cycle,kinematic,RAnkleAngles,880,880,0.0,31,31,0.0
RAnkleAngles_ax2_vel_rms,cycle,kinematic,RAnkleAngles,880,880,0.0,31,31,0.0
RAnkleAngles_ax2_peak_acc,cycle,kinematic,RAnkleAngles,880,880,0.0,31,31,0.0
RAnkleAngles_ax2_acc_rms,cycle,kinematic,RAnkleAngles,880,880,0.0,31,31,0.0
RAnkleAngles_ax3_min,cycle,kinematic,RAnkleAngles,880,880,0.0,31,31,0.0
RAnkleAngles_ax3_max,cycle,kinematic,RAnkleAngles,880,880,0.0,31,31,0.0
RAnkleAngles_ax3_mean,cycle,kinematic,RAnkleAngles,880,880,0.0,31,31,0.0
RAnkleAngles_ax3_median,cycle,kinematic,RAnkleAngles,880,880,0.0,31,31,0.0
RAnkleAngles_ax3_std,cycle,kinematic,RAnkleAngles,880,880,0.0,31,31,0.0
RAnkleAngles_ax3_rom,cycle,kinematic,RAnkleAngles,880,880,0.0,31,31,0.0
RAnkleAngles_ax3_tmin_pct,cycle,kinematic,RAnkleAngles,880,880,0.0,31,31,0.0
RAnkleAngles_ax3_tmax_pct,cycle,kinematic,RAnkleAngles,880,880,0.0,31,31,0.0
RAnkleAngles_ax3_peak_vel,cycle,kinematic,RAnkleAngles,880,880,0.0,31,31,0.0
RAnkleAngles_ax3_tpeak_vel_pct,cycle,kinematic,RAnkleAngles,880,880,0.0,31,31,0.0
RAnkleAngles_ax3_vel_rms,cycle,kinematic,RAnkleAngles,880,880,0.0,31,31,0.0
RAnkleAngles_ax3_peak_acc,cycle,kinematic,RAnkleAngles,880,880,0.0,31,31,0.0
RAnkleAngles_ax3_acc_rms,cycle,kinematic,RAnkleAngles,880,880,0.0,31,31,0.0
LAbsAnkleAngle_ax1_min,cycle,kinematic,LAbsAnkleAngle,880,880,0.0,31,31,0.0
LAbsAnkleAngle_ax1_max,cycle,kinematic,LAbsAnkleAngle,880,880,0.0,31,31,0.0
LAbsAnkleAngle_ax1_mean,cycle,kinematic,LAbsAnkleAngle,880,880,0.0,31,31,0.0
LAbsAnkleAngle_ax1_median,cycle,kinematic,LAbsAnkleAngle,880,880,0.0,31,31,0.0
LAbsAnkleAngle_ax1_std,cycle,kinematic,LAbsAnkleAngle,880,880,0.0,31,31,0.0
LAbsAnkleAngle_ax1_rom,cycle,kinematic,LAbsAnkleAngle,880,880,0.0,31,31,0.0
LAbsAnkleAngle_ax1_tmin_pct,cycle,kinematic,LAbsAnkleAngle,880,880,0.0,31,31,0.0
LAbsAnkleAngle_ax1_tmax_pct,cycle,kinematic,LAbsAnkleAngle,880,880,0.0,31,31,0.0
LAbsAnkleAngle_ax1_peak_vel,cycle,kinematic,LAbsAnkleAngle,880,880,0.0,31,31,0.0
LAbsAnkleAngle_ax1_tpeak_vel_pct,cycle,kinematic,LAbsAnkleAngle,880,880,0.0,31,31,0.0
LAbsAnkleAngle_ax1_vel_rms,cycle,kinematic,LAbsAnkleAngle,880,880,0.0,31,31,0.0
LAbsAnkleAngle_ax1_peak_acc,cycle,kinematic,LAbsAnkleAngle,880,880,0.0,31,31,0.0
LAbsAnkleAngle_ax1_acc_rms,cycle,kinematic,LAbsAnkleAngle,880,880,0.0,31,31,0.0
LAbsAnkleAngle_ax2_min,cycle,kinematic,LAbsAnkleAngle,880,880,0.0,31,31,0.0
LAbsAnkleAngle_ax2_max,cycle,kinematic,LAbsAnkleAngle,880,880,0.0,31,31,0.0
LAbsAnkleAngle_ax2_mean,cycle,kinematic,LAbsAnkleAngle,880,880,0.0,31,31,0.0
LAbsAnkleAngle_ax2_median,cycle,kinematic,LAbsAnkleAngle,880,880,0.0,31,31,0.0
LAbsAnkleAngle_ax2_std,cycle,kinematic,LAbsAnkleAngle,880,880,0.0,31,31,0.0
LAbsAnkleAngle_ax2_rom,cycle,kinematic,LAbsAnkleAngle,880,880,0.0,31,31,0.0
LAbsAnkleAngle_ax2_tmin_pct,cycle,kinematic,LAbsAnkleAngle,880,880,0.0,31,31,0.0
LAbsAnkleAngle_ax2_tmax_pct,cycle,kinematic,LAbsAnkleAngle,880,880,0.0,31,31,0.0
LAbsAnkleAngle_ax2_peak_vel,cycle,kinematic,LAbsAnkleAngle,880,880,0.0,31,31,0.0
LAbsAnkleAngle_ax2_tpeak_vel_pct,cycle,kinematic,LAbsAnkleAngle,880,880,0.0,31,31,0.0
LAbsAnkleAngle_ax2_vel_rms,cycle,kinematic,LAbsAnkleAngle,880,880,0.0,31,31,0.0
LAbsAnkleAngle_ax2_peak_acc,cycle,kinematic,LAbsAnkleAngle,880,880,0.0,31,31,0.0
LAbsAnkleAngle_ax2_acc_rms,cycle,kinematic,LAbsAnkleAngle,880,880,0.0,31,31,0.0
LAbsAnkleAngle_ax3_min,cycle,kinematic,LAbsAnkleAngle,880,880,0.0,31,31,0.0
LAbsAnkleAngle_ax3_max,cycle,kinematic,LAbsAnkleAngle,880,880,0.0,31,31,0.0
LAbsAnkleAngle_ax3_mean,cycle,kinematic,LAbsAnkleAngle,880,880,0.0,31,31,0.0
LAbsAnkleAngle_ax3_median,cycle,kinematic,LAbsAnkleAngle,880,880,0.0,31,31,0.0
LAbsAnkleAngle_ax3_std,cycle,kinematic,LAbsAnkleAngle,880,880,0.0,31,31,0.0
LAbsAnkleAngle_ax3_rom,cycle,kinematic,LAbsAnkleAngle,880,880,0.0,31,31,0.0
LAbsAnkleAngle_ax3_tmin_pct,cycle,kinematic,LAbsAnkleAngle,880,880,0.0,31,31,0.0
LAbsAnkleAngle_ax3_tmax_pct,cycle,kinematic,LAbsAnkleAngle,880,880,0.0,31,31,0.0
LAbsAnkleAngle_ax3_peak_vel,cycle,kinematic,LAbsAnkleAngle,880,880,0.0,31,31,0.0
LAbsAnkleAngle_ax3_tpeak_vel_pct,cycle,kinematic,LAbsAnkleAngle,880,880,0.0,31,31,0.0
LAbsAnkleAngle_ax3_vel_rms,cycle,kinematic,LAbsAnkleAngle,880,880,0.0,31,31,0.0
LAbsAnkleAngle_ax3_peak_acc,cycle,kinematic,LAbsAnkleAngle,880,880,0.0,31,31,0.0
LAbsAnkleAngle_ax3_acc_rms,cycle,kinematic,LAbsAnkleAngle,880,880,0.0,31,31,0.0
RAbsAnkleAngle_ax1_min,cycle,kinematic,RAbsAnkleAngle,880,880,0.0,31,31,0.0
RAbsAnkleAngle_ax1_max,cycle,kinematic,RAbsAnkleAngle,880,880,0.0,31,31,0.0
RAbsAnkleAngle_ax1_mean,cycle,kinematic,RAbsAnkleAngle,880,880,0.0,31,31,0.0
RAbsAnkleAngle_ax1_median,cycle,kinematic,RAbsAnkleAngle,880,880,0.0,31,31,0.0
RAbsAnkleAngle_ax1_std,cycle,kinematic,RAbsAnkleAngle,880,880,0.0,31,31,0.0
RAbsAnkleAngle_ax1_rom,cycle,kinematic,RAbsAnkleAngle,880,880,0.0,31,31,0.0
RAbsAnkleAngle_ax1_tmin_pct,cycle,kinematic,RAbsAnkleAngle,880,880,0.0,31,31,0.0
RAbsAnkleAngle_ax1_tmax_pct,cycle,kinematic,RAbsAnkleAngle,880,880,0.0,31,31,0.0
RAbsAnkleAngle_ax1_peak_vel,cycle,kinematic,RAbsAnkleAngle,880,880,0.0,31,31,0.0
RAbsAnkleAngle_ax1_tpeak_vel_pct,cycle,kinematic,RAbsAnkleAngle,880,880,0.0,31,31,0.0
RAbsAnkleAngle_ax1_vel_rms,cycle,kinematic,RAbsAnkleAngle,880,880,0.0,31,31,0.0
RAbsAnkleAngle_ax1_peak_acc,cycle,kinematic,RAbsAnkleAngle,880,880,0.0,31,31,0.0
RAbsAnkleAngle_ax1_acc_rms,cycle,kinematic,RAbsAnkleAngle,880,880,0.0,31,31,0.0
RAbsAnkleAngle_ax2_min,cycle,kinematic,RAbsAnkleAngle,880,880,0.0,31,31,0.0
RAbsAnkleAngle_ax2_max,cycle,kinematic,RAbsAnkleAngle,880,880,0.0,31,31,0.0
RAbsAnkleAngle_ax2_mean,cycle,kinematic,RAbsAnkleAngle,880,880,0.0,31,31,0.0
RAbsAnkleAngle_ax2_median,cycle,kinematic,RAbsAnkleAngle,880,880,0.0,31,31,0.0
RAbsAnkleAngle_ax2_std,cycle,kinematic,RAbsAnkleAngle,880,880,0.0,31,31,0.0
RAbsAnkleAngle_ax2_rom,cycle,kinematic,RAbsAnkleAngle,880,880,0.0,31,31,0.0
RAbsAnkleAngle_ax2_tmin_pct,cycle,kinematic,RAbsAnkleAngle,880,880,0.0,31,31,0.0
RAbsAnkleAngle_ax2_tmax_pct,cycle,kinematic,RAbsAnkleAngle,880,880,0.0,31,31,0.0
RAbsAnkleAngle_ax2_peak_vel,cycle,kinematic,RAbsAnkleAngle,880,880,0.0,31,31,0.0
RAbsAnkleAngle_ax2_tpeak_vel_pct,cycle,kinematic,RAbsAnkleAngle,880,880,0.0,31,31,0.0
RAbsAnkleAngle_ax2_vel_rms,cycle,kinematic,RAbsAnkleAngle,880,880,0.0,31,31,0.0
RAbsAnkleAngle_ax2_peak_acc,cycle,kinematic,RAbsAnkleAngle,880,880,0.0,31,31,0.0
RAbsAnkleAngle_ax2_acc_rms,cycle,kinematic,RAbsAnkleAngle,880,880,0.0,31,31,0.0
RAbsAnkleAngle_ax3_min,cycle,kinematic,RAbsAnkleAngle,880,880,0.0,31,31,0.0
RAbsAnkleAngle_ax3_max,cycle,kinematic,RAbsAnkleAngle,880,880,0.0,31,31,0.0
RAbsAnkleAngle_ax3_mean,cycle,kinematic,RAbsAnkleAngle,880,880,0.0,31,31,0.0
RAbsAnkleAngle_ax3_median,cycle,kinematic,RAbsAnkleAngle,880,880,0.0,31,31,0.0
RAbsAnkleAngle_ax3_std,cycle,kinematic,RAbsAnkleAngle,880,880,0.0,31,31,0.0
RAbsAnkleAngle_ax3_rom,cycle,kinematic,RAbsAnkleAngle,880,880,0.0,31,31,0.0
RAbsAnkleAngle_ax3_tmin_pct,cycle,kinematic,RAbsAnkleAngle,880,880,0.0,31,31,0.0
RAbsAnkleAngle_ax3_tmax_pct,cycle,kinematic,RAbsAnkleAngle,880,880,0.0,31,31,0.0
RAbsAnkleAngle_ax3_peak_vel,cycle,kinematic,RAbsAnkleAngle,880,880,0.0,31,31,0.0
RAbsAnkleAngle_ax3_tpeak_vel_pct,cycle,kinematic,RAbsAnkleAngle,880,880,0.0,31,31,0.0
RAbsAnkleAngle_ax3_vel_rms,cycle,kinematic,RAbsAnkleAngle,880,880,0.0,31,31,0.0
RAbsAnkleAngle_ax3_peak_acc,cycle,kinematic,RAbsAnkleAngle,880,880,0.0,31,31,0.0
RAbsAnkleAngle_ax3_acc_rms,cycle,kinematic,RAbsAnkleAngle,880,880,0.0,31,31,0.0
LFootProgressAngles_ax1_min,cycle,kinematic,LFootProgressAngles,880,880,0.0,31,31,0.0
LFootProgressAngles_ax1_max,cycle,kinematic,LFootProgressAngles,880,880,0.0,31,31,0.0
LFootProgressAngles_ax1_mean,cycle,kinematic,LFootProgressAngles,880,880,0.0,31,31,0.0
LFootProgressAngles_ax1_median,cycle,kinematic,LFootProgressAngles,880,880,0.0,31,31,0.0
LFootProgressAngles_ax1_std,cycle,kinematic,LFootProgressAngles,880,880,0.0,31,31,0.0
LFootProgressAngles_ax1_rom,cycle,kinematic,LFootProgressAngles,880,880,0.0,31,31,0.0
LFootProgressAngles_ax1_tmin_pct,cycle,kinematic,LFootProgressAngles,880,880,0.0,31,31,0.0
LFootProgressAngles_ax1_tmax_pct,cycle,kinematic,LFootProgressAngles,880,880,0.0,31,31,0.0
LFootProgressAngles_ax1_peak_vel,cycle,kinematic,LFootProgressAngles,880,880,0.0,31,31,0.0
LFootProgressAngles_ax1_tpeak_vel_pct,cycle,kinematic,LFootProgressAngles,880,880,0.0,31,31,0.0
LFootProgressAngles_ax1_vel_rms,cycle,kinematic,LFootProgressAngles,880,880,0.0,31,31,0.0
LFootProgressAngles_ax1_peak_acc,cycle,kinematic,LFootProgressAngles,880,880,0.0,31,31,0.0
LFootProgressAngles_ax1_acc_rms,cycle,kinematic,LFootProgressAngles,880,880,0.0,31,31,0.0
LFootProgressAngles_ax2_min,cycle,kinematic,LFootProgressAngles,880,880,0.0,31,31,0.0
LFootProgressAngles_ax2_max,cycle,kinematic,LFootProgressAngles,880,880,0.0,31,31,0.0
LFootProgressAngles_ax2_mean,cycle,kinematic,LFootProgressAngles,880,880,0.0,31,31,0.0
LFootProgressAngles_ax2_median,cycle,kinematic,LFootProgressAngles,880,880,0.0,31,31,0.0
LFootProgressAngles_ax2_std,cycle,kinematic,LFootProgressAngles,880,880,0.0,31,31,0.0
LFootProgressAngles_ax2_rom,cycle,kinematic,LFootProgressAngles,880,880,0.0,31,31,0.0
LFootProgressAngles_ax2_tmin_pct,cycle,kinematic,LFootProgressAngles,880,880,0.0,31,31,0.0
LFootProgressAngles_ax2_tmax_pct,cycle,kinematic,LFootProgressAngles,880,880,0.0,31,31,0.0
LFootProgressAngles_ax2_peak_vel,cycle,kinematic,LFootProgressAngles,880,880,0.0,31,31,0.0
LFootProgressAngles_ax2_tpeak_vel_pct,cycle,kinematic,LFootProgressAngles,880,880,0.0,31,31,0.0
LFootProgressAngles_ax2_vel_rms,cycle,kinematic,LFootProgressAngles,880,880,0.0,31,31,0.0
LFootProgressAngles_ax2_peak_acc,cycle,kinematic,LFootProgressAngles,880,880,0.0,31,31,0.0
LFootProgressAngles_ax2_acc_rms,cycle,kinematic,LFootProgressAngles,880,880,0.0,31,31,0.0
LFootProgressAngles_ax3_min,cycle,kinematic,LFootProgressAngles,880,880,0.0,31,31,0.0
LFootProgressAngles_ax3_max,cycle,kinematic,LFootProgressAngles,880,880,0.0,31,31,0.0
LFootProgressAngles_ax3_mean,cycle,kinematic,LFootProgressAngles,880,880,0.0,31,31,0.0
LFootProgressAngles_ax3_median,cycle,kinematic,LFootProgressAngles,880,880,0.0,31,31,0.0
LFootProgressAngles_ax3_std,cycle,kinematic,LFootProgressAngles,880,880,0.0,31,31,0.0
LFootProgressAngles_ax3_rom,cycle,kinematic,LFootProgressAngles,880,880,0.0,31,31,0.0
LFootProgressAngles_ax3_tmin_pct,cycle,kinematic,LFootProgressAngles,880,880,0.0,31,31,0.0
LFootProgressAngles_ax3_tmax_pct,cycle,kinematic,LFootProgressAngles,880,880,0.0,31,31,0.0
LFootProgressAngles_ax3_peak_vel,cycle,kinematic,LFootProgressAngles,880,880,0.0,31,31,0.0
LFootProgressAngles_ax3_tpeak_vel_pct,cycle,kinematic,LFootProgressAngles,880,880,0.0,31,31,0.0
LFootProgressAngles_ax3_vel_rms,cycle,kinematic,LFootProgressAngles,880,880,0.0,31,31,0.0
LFootProgressAngles_ax3_peak_acc,cycle,kinematic,LFootProgressAngles,880,880,0.0,31,31,0.0
LFootProgressAngles_ax3_acc_rms,cycle,kinematic,LFootProgressAngles,880,880,0.0,31,31,0.0
RFootProgressAngles_ax1_min,cycle,kinematic,RFootProgressAngles,880,880,0.0,31,31,0.0
RFootProgressAngles_ax1_max,cycle,kinematic,RFootProgressAngles,880,880,0.0,31,31,0.0
RFootProgressAngles_ax1_mean,cycle,kinematic,RFootProgressAngles,880,880,0.0,31,31,0.0
RFootProgressAngles_ax1_median,cycle,kinematic,RFootProgressAngles,880,880,0.0,31,31,0.0
RFootProgressAngles_ax1_std,cycle,kinematic,RFootProgressAngles,880,880,0.0,31,31,0.0
RFootProgressAngles_ax1_rom,cycle,kinematic,RFootProgressAngles,880,880,0.0,31,31,0.0
RFootProgressAngles_ax1_tmin_pct,cycle,kinematic,RFootProgressAngles,880,880,0.0,31,31,0.0
RFootProgressAngles_ax1_tmax_pct,cycle,kinematic,RFootProgressAngles,880,880,0.0,31,31,0.0
RFootProgressAngles_ax1_peak_vel,cycle,kinematic,RFootProgressAngles,880,880,0.0,31,31,0.0
RFootProgressAngles_ax1_tpeak_vel_pct,cycle,kinematic,RFootProgressAngles,880,880,0.0,31,31,0.0
RFootProgressAngles_ax1_vel_rms,cycle,kinematic,RFootProgressAngles,880,880,0.0,31,31,0.0
RFootProgressAngles_ax1_peak_acc,cycle,kinematic,RFootProgressAngles,880,880,0.0,31,31,0.0
RFootProgressAngles_ax1_acc_rms,cycle,kinematic,RFootProgressAngles,880,880,0.0,31,31,0.0
RFootProgressAngles_ax2_min,cycle,kinematic,RFootProgressAngles,880,880,0.0,31,31,0.0
RFootProgressAngles_ax2_max,cycle,kinematic,RFootProgressAngles,880,880,0.0,31,31,0.0
RFootProgressAngles_ax2_mean,cycle,kinematic,RFootProgressAngles,880,880,0.0,31,31,0.0
RFootProgressAngles_ax2_median,cycle,kinematic,RFootProgressAngles,880,880,0.0,31,31,0.0
RFootProgressAngles_ax2_std,cycle,kinematic,RFootProgressAngles,880,880,0.0,31,31,0.0
RFootProgressAngles_ax2_rom,cycle,kinematic,RFootProgressAngles,880,880,0.0,31,31,0.0
RFootProgressAngles_ax2_tmin_pct,cycle,kinematic,RFootProgressAngles,880,880,0.0,31,31,0.0
RFootProgressAngles_ax2_tmax_pct,cycle,kinematic,RFootProgressAngles,880,880,0.0,31,31,0.0
RFootProgressAngles_ax2_peak_vel,cycle,kinematic,RFootProgressAngles,880,880,0.0,31,31,0.0
RFootProgressAngles_ax2_tpeak_vel_pct,cycle,kinematic,RFootProgressAngles,880,880,0.0,31,31,0.0
RFootProgressAngles_ax2_vel_rms,cycle,kinematic,RFootProgressAngles,880,880,0.0,31,31,0.0
RFootProgressAngles_ax2_peak_acc,cycle,kinematic,RFootProgressAngles,880,880,0.0,31,31,0.0
RFootProgressAngles_ax2_acc_rms,cycle,kinematic,RFootProgressAngles,880,880,0.0,31,31,0.0
RFootProgressAngles_ax3_min,cycle,kinematic,RFootProgressAngles,880,880,0.0,31,31,0.0
RFootProgressAngles_ax3_max,cycle,kinematic,RFootProgressAngles,880,880,0.0,31,31,0.0
RFootProgressAngles_ax3_mean,cycle,kinematic,RFootProgressAngles,880,880,0.0,31,31,0.0
RFootProgressAngles_ax3_median,cycle,kinematic,RFootProgressAngles,880,880,0.0,31,31,0.0
RFootProgressAngles_ax3_std,cycle,kinematic,RFootProgressAngles,880,880,0.0,31,31,0.0
RFootProgressAngles_ax3_rom,cycle,kinematic,RFootProgressAngles,880,880,0.0,31,31,0.0
RFootProgressAngles_ax3_tmin_pct,cycle,kinematic,RFootProgressAngles,880,880,0.0,31,31,0.0
RFootProgressAngles_ax3_tmax_pct,cycle,kinematic,RFootProgressAngles,880,880,0.0,31,31,0.0
RFootProgressAngles_ax3_peak_vel,cycle,kinematic,RFootProgressAngles,880,880,0.0,31,31,0.0
RFootProgressAngles_ax3_tpeak_vel_pct,cycle,kinematic,RFootProgressAngles,880,880,0.0,31,31,0.0
RFootProgressAngles_ax3_vel_rms,cycle,kinematic,RFootProgressAngles,880,880,0.0,31,31,0.0
RFootProgressAngles_ax3_peak_acc,cycle,kinematic,RFootProgressAngles,880,880,0.0,31,31,0.0
RFootProgressAngles_ax3_acc_rms,cycle,kinematic,RFootProgressAngles,880,880,0.0,31,31,0.0
cycle_duration_s,cycle,temporal,events,880,880,0.0,31,31,0.0
stance_pct,cycle,temporal,events,880,880,0.0,31,31,0.0
swing_pct,cycle,temporal,events,880,880,0.0,31,31,0.0
stance_duration_s,cycle,temporal,events,880,880,0.0,31,31,0.0
swing_duration_s,cycle,temporal,events,880,880,0.0,31,31,0.0
foot_off_pct,cycle,temporal,events,880,880,0.0,31,31,0.0
opposite_contact_pct,cycle,temporal,events,880,880,0.0,31,31,0.0
opposite_foot_off_pct,cycle,temporal,events,880,880,0.0,31,31,0.0
mid_stance_pct,cycle,temporal,events,880,880,0.0,31,31,0.0
LASI_ax1_excursion,cycle,spatial,LASI,880,880,0.0,31,31,0.0
LASI_ax2_excursion,cycle,spatial,LASI,880,880,0.0,31,31,0.0
LASI_ax3_excursion,cycle,spatial,LASI,880,880,0.0,31,31,0.0
LASI_path3d,cycle,spatial,LASI,880,880,0.0,31,31,0.0
RASI_ax1_excursion,cycle,spatial,RASI,880,880,0.0,31,31,0.0
RASI_ax2_excursion,cycle,spatial,RASI,880,880,0.0,31,31,0.0
RASI_ax3_excursion,cycle,spatial,RASI,880,880,0.0,31,31,0.0
RASI_path3d,cycle,spatial,RASI,880,880,0.0,31,31,0.0
LPSI_ax1_excursion,cycle,spatial,LPSI,880,880,0.0,31,31,0.0
LPSI_ax2_excursion,cycle,spatial,LPSI,880,880,0.0,31,31,0.0
LPSI_ax3_excursion,cycle,spatial,LPSI,880,880,0.0,31,31,0.0
LPSI_path3d,cycle,spatial,LPSI,880,880,0.0,31,31,0.0
RPSI_ax1_excursion,cycle,spatial,RPSI,880,880,0.0,31,31,0.0
RPSI_ax2_excursion,cycle,spatial,RPSI,880,880,0.0,31,31,0.0
RPSI_ax3_excursion,cycle,spatial,RPSI,880,880,0.0,31,31,0.0
RPSI_path3d,cycle,spatial,RPSI,880,880,0.0,31,31,0.0
LHJC_ax1_excursion,cycle,spatial,LHJC,880,880,0.0,31,31,0.0
LHJC_ax2_excursion,cycle,spatial,LHJC,880,880,0.0,31,31,0.0
LHJC_ax3_excursion,cycle,spatial,LHJC,880,880,0.0,31,31,0.0
LHJC_path3d,cycle,spatial,LHJC,880,880,0.0,31,31,0.0
RHJC_ax1_excursion,cycle,spatial,RHJC,880,880,0.0,31,31,0.0
RHJC_ax2_excursion,cycle,spatial,RHJC,880,880,0.0,31,31,0.0
RHJC_ax3_excursion,cycle,spatial,RHJC,880,880,0.0,31,31,0.0
RHJC_path3d,cycle,spatial,RHJC,880,880,0.0,31,31,0.0
LKJC_ax1_excursion,cycle,spatial,LKJC,880,880,0.0,31,31,0.0
LKJC_ax2_excursion,cycle,spatial,LKJC,880,880,0.0,31,31,0.0
LKJC_ax3_excursion,cycle,spatial,LKJC,880,880,0.0,31,31,0.0
LKJC_path3d,cycle,spatial,LKJC,880,880,0.0,31,31,0.0
RKJC_ax1_excursion,cycle,spatial,RKJC,880,880,0.0,31,31,0.0
RKJC_ax2_excursion,cycle,spatial,RKJC,880,880,0.0,31,31,0.0
RKJC_ax3_excursion,cycle,spatial,RKJC,880,880,0.0,31,31,0.0
RKJC_path3d,cycle,spatial,RKJC,880,880,0.0,31,31,0.0
LAJC_ax1_excursion,cycle,spatial,LAJC,880,880,0.0,31,31,0.0
LAJC_ax2_excursion,cycle,spatial,LAJC,880,880,0.0,31,31,0.0
LAJC_ax3_excursion,cycle,spatial,LAJC,880,880,0.0,31,31,0.0
LAJC_path3d,cycle,spatial,LAJC,880,880,0.0,31,31,0.0
RAJC_ax1_excursion,cycle,spatial,RAJC,880,880,0.0,31,31,0.0
RAJC_ax2_excursion,cycle,spatial,RAJC,880,880,0.0,31,31,0.0
RAJC_ax3_excursion,cycle,spatial,RAJC,880,880,0.0,31,31,0.0
RAJC_path3d,cycle,spatial,RAJC,880,880,0.0,31,31,0.0
LHEE_ax1_excursion,cycle,spatial,LHEE,880,880,0.0,31,31,0.0
LHEE_ax2_excursion,cycle,spatial,LHEE,880,880,0.0,31,31,0.0
LHEE_ax3_excursion,cycle,spatial,LHEE,880,880,0.0,31,31,0.0
LHEE_path3d,cycle,spatial,LHEE,880,880,0.0,31,31,0.0
RHEE_ax1_excursion,cycle,spatial,RHEE,880,880,0.0,31,31,0.0
RHEE_ax2_excursion,cycle,spatial,RHEE,880,880,0.0,31,31,0.0
RHEE_ax3_excursion,cycle,spatial,RHEE,880,880,0.0,31,31,0.0
RHEE_path3d,cycle,spatial,RHEE,880,880,0.0,31,31,0.0
LTOE_ax1_excursion,cycle,spatial,LTOE,880,880,0.0,31,31,0.0
LTOE_ax2_excursion,cycle,spatial,LTOE,880,880,0.0,31,31,0.0
LTOE_ax3_excursion,cycle,spatial,LTOE,880,880,0.0,31,31,0.0
LTOE_path3d,cycle,spatial,LTOE,880,880,0.0,31,31,0.0
RTOE_ax1_excursion,cycle,spatial,RTOE,880,880,0.0,31,31,0.0
RTOE_ax2_excursion,cycle,spatial,RTOE,880,880,0.0,31,31,0.0
RTOE_ax3_excursion,cycle,spatial,RTOE,880,880,0.0,31,31,0.0
RTOE_path3d,cycle,spatial,RTOE,880,880,0.0,31,31,0.0
CentreOfMass_ax1_excursion,cycle,spatial,CentreOfMass,880,880,0.0,31,31,0.0
CentreOfMass_ax2_excursion,cycle,spatial,CentreOfMass,880,880,0.0,31,31,0.0
CentreOfMass_ax3_excursion,cycle,spatial,CentreOfMass,880,880,0.0,31,31,0.0
CentreOfMass_path3d,cycle,spatial,CentreOfMass,880,880,0.0,31,31,0.0
CentreOfMassFloor_ax1_excursion,cycle,spatial,CentreOfMassFloor,880,880,0.0,31,31,0.0
CentreOfMassFloor_ax2_excursion,cycle,spatial,CentreOfMassFloor,880,880,0.0,31,31,0.0
CentreOfMassFloor_ax3_excursion,cycle,spatial,CentreOfMassFloor,880,880,0.0,31,31,0.0
CentreOfMassFloor_path3d,cycle,spatial,CentreOfMassFloor,880,880,0.0,31,31,0.0
LHipAngles_ax1_phase_0_10_mean,cycle,phase,LHipAngles,880,880,0.0,31,31,0.0
LHipAngles_ax1_phase_0_10_min,cycle,phase,LHipAngles,880,880,0.0,31,31,0.0
LHipAngles_ax1_phase_0_10_max,cycle,phase,LHipAngles,880,880,0.0,31,31,0.0
LHipAngles_ax1_phase_0_10_rom,cycle,phase,LHipAngles,880,880,0.0,31,31,0.0
LHipAngles_ax1_phase_10_20_mean,cycle,phase,LHipAngles,880,880,0.0,31,31,0.0
LHipAngles_ax1_phase_10_20_min,cycle,phase,LHipAngles,880,880,0.0,31,31,0.0
LHipAngles_ax1_phase_10_20_max,cycle,phase,LHipAngles,880,880,0.0,31,31,0.0
LHipAngles_ax1_phase_10_20_rom,cycle,phase,LHipAngles,880,880,0.0,31,31,0.0
LHipAngles_ax1_phase_20_30_mean,cycle,phase,LHipAngles,880,880,0.0,31,31,0.0
LHipAngles_ax1_phase_20_30_min,cycle,phase,LHipAngles,880,880,0.0,31,31,0.0
LHipAngles_ax1_phase_20_30_max,cycle,phase,LHipAngles,880,880,0.0,31,31,0.0
LHipAngles_ax1_phase_20_30_rom,cycle,phase,LHipAngles,880,880,0.0,31,31,0.0
LHipAngles_ax1_phase_30_40_mean,cycle,phase,LHipAngles,880,880,0.0,31,31,0.0
LHipAngles_ax1_phase_30_40_min,cycle,phase,LHipAngles,880,880,0.0,31,31,0.0
LHipAngles_ax1_phase_30_40_max,cycle,phase,LHipAngles,880,880,0.0,31,31,0.0
LHipAngles_ax1_phase_30_40_rom,cycle,phase,LHipAngles,880,880,0.0,31,31,0.0
LHipAngles_ax1_phase_40_50_mean,cycle,phase,LHipAngles,880,880,0.0,31,31,0.0
LHipAngles_ax1_phase_40_50_min,cycle,phase,LHipAngles,880,880,0.0,31,31,0.0
LHipAngles_ax1_phase_40_50_max,cycle,phase,LHipAngles,880,880,0.0,31,31,0.0
LHipAngles_ax1_phase_40_50_rom,cycle,phase,LHipAngles,880,880,0.0,31,31,0.0
LHipAngles_ax1_phase_50_60_mean,cycle,phase,LHipAngles,880,880,0.0,31,31,0.0
LHipAngles_ax1_phase_50_60_min,cycle,phase,LHipAngles,880,880,0.0,31,31,0.0
LHipAngles_ax1_phase_50_60_max,cycle,phase,LHipAngles,880,880,0.0,31,31,0.0
LHipAngles_ax1_phase_50_60_rom,cycle,phase,LHipAngles,880,880,0.0,31,31,0.0
LHipAngles_ax1_phase_60_70_mean,cycle,phase,LHipAngles,880,880,0.0,31,31,0.0
LHipAngles_ax1_phase_60_70_min,cycle,phase,LHipAngles,880,880,0.0,31,31,0.0
LHipAngles_ax1_phase_60_70_max,cycle,phase,LHipAngles,880,880,0.0,31,31,0.0
LHipAngles_ax1_phase_60_70_rom,cycle,phase,LHipAngles,880,880,0.0,31,31,0.0
LHipAngles_ax1_phase_70_80_mean,cycle,phase,LHipAngles,880,880,0.0,31,31,0.0
LHipAngles_ax1_phase_70_80_min,cycle,phase,LHipAngles,880,880,0.0,31,31,0.0
LHipAngles_ax1_phase_70_80_max,cycle,phase,LHipAngles,880,880,0.0,31,31,0.0
LHipAngles_ax1_phase_70_80_rom,cycle,phase,LHipAngles,880,880,0.0,31,31,0.0
LHipAngles_ax1_phase_80_90_mean,cycle,phase,LHipAngles,880,880,0.0,31,31,0.0
LHipAngles_ax1_phase_80_90_min,cycle,phase,LHipAngles,880,880,0.0,31,31,0.0
LHipAngles_ax1_phase_80_90_max,cycle,phase,LHipAngles,880,880,0.0,31,31,0.0
LHipAngles_ax1_phase_80_90_rom,cycle,phase,LHipAngles,880,880,0.0,31,31,0.0
LHipAngles_ax1_phase_90_100_mean,cycle,phase,LHipAngles,880,880,0.0,31,31,0.0
LHipAngles_ax1_phase_90_100_min,cycle,phase,LHipAngles,880,880,0.0,31,31,0.0
LHipAngles_ax1_phase_90_100_max,cycle,phase,LHipAngles,880,880,0.0,31,31,0.0
LHipAngles_ax1_phase_90_100_rom,cycle,phase,LHipAngles,880,880,0.0,31,31,0.0
RHipAngles_ax1_phase_0_10_mean,cycle,phase,RHipAngles,880,880,0.0,31,31,0.0
RHipAngles_ax1_phase_0_10_min,cycle,phase,RHipAngles,880,880,0.0,31,31,0.0
RHipAngles_ax1_phase_0_10_max,cycle,phase,RHipAngles,880,880,0.0,31,31,0.0
RHipAngles_ax1_phase_0_10_rom,cycle,phase,RHipAngles,880,880,0.0,31,31,0.0
RHipAngles_ax1_phase_10_20_mean,cycle,phase,RHipAngles,880,880,0.0,31,31,0.0
RHipAngles_ax1_phase_10_20_min,cycle,phase,RHipAngles,880,880,0.0,31,31,0.0
RHipAngles_ax1_phase_10_20_max,cycle,phase,RHipAngles,880,880,0.0,31,31,0.0
RHipAngles_ax1_phase_10_20_rom,cycle,phase,RHipAngles,880,880,0.0,31,31,0.0
RHipAngles_ax1_phase_20_30_mean,cycle,phase,RHipAngles,880,880,0.0,31,31,0.0
RHipAngles_ax1_phase_20_30_min,cycle,phase,RHipAngles,880,880,0.0,31,31,0.0
RHipAngles_ax1_phase_20_30_max,cycle,phase,RHipAngles,880,880,0.0,31,31,0.0
RHipAngles_ax1_phase_20_30_rom,cycle,phase,RHipAngles,880,880,0.0,31,31,0.0
RHipAngles_ax1_phase_30_40_mean,cycle,phase,RHipAngles,880,880,0.0,31,31,0.0
RHipAngles_ax1_phase_30_40_min,cycle,phase,RHipAngles,880,880,0.0,31,31,0.0
RHipAngles_ax1_phase_30_40_max,cycle,phase,RHipAngles,880,880,0.0,31,31,0.0
RHipAngles_ax1_phase_30_40_rom,cycle,phase,RHipAngles,880,880,0.0,31,31,0.0
RHipAngles_ax1_phase_40_50_mean,cycle,phase,RHipAngles,880,880,0.0,31,31,0.0
RHipAngles_ax1_phase_40_50_min,cycle,phase,RHipAngles,880,880,0.0,31,31,0.0
RHipAngles_ax1_phase_40_50_max,cycle,phase,RHipAngles,880,880,0.0,31,31,0.0
RHipAngles_ax1_phase_40_50_rom,cycle,phase,RHipAngles,880,880,0.0,31,31,0.0
RHipAngles_ax1_phase_50_60_mean,cycle,phase,RHipAngles,880,880,0.0,31,31,0.0
RHipAngles_ax1_phase_50_60_min,cycle,phase,RHipAngles,880,880,0.0,31,31,0.0
RHipAngles_ax1_phase_50_60_max,cycle,phase,RHipAngles,880,880,0.0,31,31,0.0
RHipAngles_ax1_phase_50_60_rom,cycle,phase,RHipAngles,880,880,0.0,31,31,0.0
RHipAngles_ax1_phase_60_70_mean,cycle,phase,RHipAngles,880,880,0.0,31,31,0.0
RHipAngles_ax1_phase_60_70_min,cycle,phase,RHipAngles,880,880,0.0,31,31,0.0
RHipAngles_ax1_phase_60_70_max,cycle,phase,RHipAngles,880,880,0.0,31,31,0.0
RHipAngles_ax1_phase_60_70_rom,cycle,phase,RHipAngles,880,880,0.0,31,31,0.0
RHipAngles_ax1_phase_70_80_mean,cycle,phase,RHipAngles,880,880,0.0,31,31,0.0
RHipAngles_ax1_phase_70_80_min,cycle,phase,RHipAngles,880,880,0.0,31,31,0.0
RHipAngles_ax1_phase_70_80_max,cycle,phase,RHipAngles,880,880,0.0,31,31,0.0
RHipAngles_ax1_phase_70_80_rom,cycle,phase,RHipAngles,880,880,0.0,31,31,0.0
RHipAngles_ax1_phase_80_90_mean,cycle,phase,RHipAngles,880,880,0.0,31,31,0.0
RHipAngles_ax1_phase_80_90_min,cycle,phase,RHipAngles,880,880,0.0,31,31,0.0
RHipAngles_ax1_phase_80_90_max,cycle,phase,RHipAngles,880,880,0.0,31,31,0.0
RHipAngles_ax1_phase_80_90_rom,cycle,phase,RHipAngles,880,880,0.0,31,31,0.0
RHipAngles_ax1_phase_90_100_mean,cycle,phase,RHipAngles,880,880,0.0,31,31,0.0
RHipAngles_ax1_phase_90_100_min,cycle,phase,RHipAngles,880,880,0.0,31,31,0.0
RHipAngles_ax1_phase_90_100_max,cycle,phase,RHipAngles,880,880,0.0,31,31,0.0
RHipAngles_ax1_phase_90_100_rom,cycle,phase,RHipAngles,880,880,0.0,31,31,0.0
LKneeAngles_ax1_phase_0_10_mean,cycle,phase,LKneeAngles,880,880,0.0,31,31,0.0
LKneeAngles_ax1_phase_0_10_min,cycle,phase,LKneeAngles,880,880,0.0,31,31,0.0
LKneeAngles_ax1_phase_0_10_max,cycle,phase,LKneeAngles,880,880,0.0,31,31,0.0
LKneeAngles_ax1_phase_0_10_rom,cycle,phase,LKneeAngles,880,880,0.0,31,31,0.0
LKneeAngles_ax1_phase_10_20_mean,cycle,phase,LKneeAngles,880,880,0.0,31,31,0.0
LKneeAngles_ax1_phase_10_20_min,cycle,phase,LKneeAngles,880,880,0.0,31,31,0.0
LKneeAngles_ax1_phase_10_20_max,cycle,phase,LKneeAngles,880,880,0.0,31,31,0.0
LKneeAngles_ax1_phase_10_20_rom,cycle,phase,LKneeAngles,880,880,0.0,31,31,0.0
LKneeAngles_ax1_phase_20_30_mean,cycle,phase,LKneeAngles,880,880,0.0,31,31,0.0
LKneeAngles_ax1_phase_20_30_min,cycle,phase,LKneeAngles,880,880,0.0,31,31,0.0
LKneeAngles_ax1_phase_20_30_max,cycle,phase,LKneeAngles,880,880,0.0,31,31,0.0
LKneeAngles_ax1_phase_20_30_rom,cycle,phase,LKneeAngles,880,880,0.0,31,31,0.0
LKneeAngles_ax1_phase_30_40_mean,cycle,phase,LKneeAngles,880,880,0.0,31,31,0.0
LKneeAngles_ax1_phase_30_40_min,cycle,phase,LKneeAngles,880,880,0.0,31,31,0.0
LKneeAngles_ax1_phase_30_40_max,cycle,phase,LKneeAngles,880,880,0.0,31,31,0.0
LKneeAngles_ax1_phase_30_40_rom,cycle,phase,LKneeAngles,880,880,0.0,31,31,0.0
LKneeAngles_ax1_phase_40_50_mean,cycle,phase,LKneeAngles,880,880,0.0,31,31,0.0
LKneeAngles_ax1_phase_40_50_min,cycle,phase,LKneeAngles,880,880,0.0,31,31,0.0
LKneeAngles_ax1_phase_40_50_max,cycle,phase,LKneeAngles,880,880,0.0,31,31,0.0
LKneeAngles_ax1_phase_40_50_rom,cycle,phase,LKneeAngles,880,880,0.0,31,31,0.0
LKneeAngles_ax1_phase_50_60_mean,cycle,phase,LKneeAngles,880,880,0.0,31,31,0.0
LKneeAngles_ax1_phase_50_60_min,cycle,phase,LKneeAngles,880,880,0.0,31,31,0.0
LKneeAngles_ax1_phase_50_60_max,cycle,phase,LKneeAngles,880,880,0.0,31,31,0.0
LKneeAngles_ax1_phase_50_60_rom,cycle,phase,LKneeAngles,880,880,0.0,31,31,0.0
LKneeAngles_ax1_phase_60_70_mean,cycle,phase,LKneeAngles,880,880,0.0,31,31,0.0
LKneeAngles_ax1_phase_60_70_min,cycle,phase,LKneeAngles,880,880,0.0,31,31,0.0
LKneeAngles_ax1_phase_60_70_max,cycle,phase,LKneeAngles,880,880,0.0,31,31,0.0
LKneeAngles_ax1_phase_60_70_rom,cycle,phase,LKneeAngles,880,880,0.0,31,31,0.0
LKneeAngles_ax1_phase_70_80_mean,cycle,phase,LKneeAngles,880,880,0.0,31,31,0.0
LKneeAngles_ax1_phase_70_80_min,cycle,phase,LKneeAngles,880,880,0.0,31,31,0.0
LKneeAngles_ax1_phase_70_80_max,cycle,phase,LKneeAngles,880,880,0.0,31,31,0.0
LKneeAngles_ax1_phase_70_80_rom,cycle,phase,LKneeAngles,880,880,0.0,31,31,0.0
LKneeAngles_ax1_phase_80_90_mean,cycle,phase,LKneeAngles,880,880,0.0,31,31,0.0
LKneeAngles_ax1_phase_80_90_min,cycle,phase,LKneeAngles,880,880,0.0,31,31,0.0
LKneeAngles_ax1_phase_80_90_max,cycle,phase,LKneeAngles,880,880,0.0,31,31,0.0
LKneeAngles_ax1_phase_80_90_rom,cycle,phase,LKneeAngles,880,880,0.0,31,31,0.0
LKneeAngles_ax1_phase_90_100_mean,cycle,phase,LKneeAngles,880,880,0.0,31,31,0.0
LKneeAngles_ax1_phase_90_100_min,cycle,phase,LKneeAngles,880,880,0.0,31,31,0.0
LKneeAngles_ax1_phase_90_100_max,cycle,phase,LKneeAngles,880,880,0.0,31,31,0.0
LKneeAngles_ax1_phase_90_100_rom,cycle,phase,LKneeAngles,880,880,0.0,31,31,0.0
RKneeAngles_ax1_phase_0_10_mean,cycle,phase,RKneeAngles,880,880,0.0,31,31,0.0
RKneeAngles_ax1_phase_0_10_min,cycle,phase,RKneeAngles,880,880,0.0,31,31,0.0
RKneeAngles_ax1_phase_0_10_max,cycle,phase,RKneeAngles,880,880,0.0,31,31,0.0
RKneeAngles_ax1_phase_0_10_rom,cycle,phase,RKneeAngles,880,880,0.0,31,31,0.0
RKneeAngles_ax1_phase_10_20_mean,cycle,phase,RKneeAngles,880,880,0.0,31,31,0.0
RKneeAngles_ax1_phase_10_20_min,cycle,phase,RKneeAngles,880,880,0.0,31,31,0.0
RKneeAngles_ax1_phase_10_20_max,cycle,phase,RKneeAngles,880,880,0.0,31,31,0.0
RKneeAngles_ax1_phase_10_20_rom,cycle,phase,RKneeAngles,880,880,0.0,31,31,0.0
RKneeAngles_ax1_phase_20_30_mean,cycle,phase,RKneeAngles,880,880,0.0,31,31,0.0
RKneeAngles_ax1_phase_20_30_min,cycle,phase,RKneeAngles,880,880,0.0,31,31,0.0
RKneeAngles_ax1_phase_20_30_max,cycle,phase,RKneeAngles,880,880,0.0,31,31,0.0
RKneeAngles_ax1_phase_20_30_rom,cycle,phase,RKneeAngles,880,880,0.0,31,31,0.0
RKneeAngles_ax1_phase_30_40_mean,cycle,phase,RKneeAngles,880,880,0.0,31,31,0.0
RKneeAngles_ax1_phase_30_40_min,cycle,phase,RKneeAngles,880,880,0.0,31,31,0.0
RKneeAngles_ax1_phase_30_40_max,cycle,phase,RKneeAngles,880,880,0.0,31,31,0.0
RKneeAngles_ax1_phase_30_40_rom,cycle,phase,RKneeAngles,880,880,0.0,31,31,0.0
RKneeAngles_ax1_phase_40_50_mean,cycle,phase,RKneeAngles,880,880,0.0,31,31,0.0
RKneeAngles_ax1_phase_40_50_min,cycle,phase,RKneeAngles,880,880,0.0,31,31,0.0
RKneeAngles_ax1_phase_40_50_max,cycle,phase,RKneeAngles,880,880,0.0,31,31,0.0
RKneeAngles_ax1_phase_40_50_rom,cycle,phase,RKneeAngles,880,880,0.0,31,31,0.0
RKneeAngles_ax1_phase_50_60_mean,cycle,phase,RKneeAngles,880,880,0.0,31,31,0.0
RKneeAngles_ax1_phase_50_60_min,cycle,phase,RKneeAngles,880,880,0.0,31,31,0.0
RKneeAngles_ax1_phase_50_60_max,cycle,phase,RKneeAngles,880,880,0.0,31,31,0.0
RKneeAngles_ax1_phase_50_60_rom,cycle,phase,RKneeAngles,880,880,0.0,31,31,0.0
RKneeAngles_ax1_phase_60_70_mean,cycle,phase,RKneeAngles,880,880,0.0,31,31,0.0
RKneeAngles_ax1_phase_60_70_min,cycle,phase,RKneeAngles,880,880,0.0,31,31,0.0
RKneeAngles_ax1_phase_60_70_max,cycle,phase,RKneeAngles,880,880,0.0,31,31,0.0
RKneeAngles_ax1_phase_60_70_rom,cycle,phase,RKneeAngles,880,880,0.0,31,31,0.0
RKneeAngles_ax1_phase_70_80_mean,cycle,phase,RKneeAngles,880,880,0.0,31,31,0.0
RKneeAngles_ax1_phase_70_80_min,cycle,phase,RKneeAngles,880,880,0.0,31,31,0.0
RKneeAngles_ax1_phase_70_80_max,cycle,phase,RKneeAngles,880,880,0.0,31,31,0.0
RKneeAngles_ax1_phase_70_80_rom,cycle,phase,RKneeAngles,880,880,0.0,31,31,0.0
RKneeAngles_ax1_phase_80_90_mean,cycle,phase,RKneeAngles,880,880,0.0,31,31,0.0
RKneeAngles_ax1_phase_80_90_min,cycle,phase,RKneeAngles,880,880,0.0,31,31,0.0
RKneeAngles_ax1_phase_80_90_max,cycle,phase,RKneeAngles,880,880,0.0,31,31,0.0
RKneeAngles_ax1_phase_80_90_rom,cycle,phase,RKneeAngles,880,880,0.0,31,31,0.0
RKneeAngles_ax1_phase_90_100_mean,cycle,phase,RKneeAngles,880,880,0.0,31,31,0.0
RKneeAngles_ax1_phase_90_100_min,cycle,phase,RKneeAngles,880,880,0.0,31,31,0.0
RKneeAngles_ax1_phase_90_100_max,cycle,phase,RKneeAngles,880,880,0.0,31,31,0.0
RKneeAngles_ax1_phase_90_100_rom,cycle,phase,RKneeAngles,880,880,0.0,31,31,0.0
LAnkleAngles_ax1_phase_0_10_mean,cycle,phase,LAnkleAngles,880,880,0.0,31,31,0.0
LAnkleAngles_ax1_phase_0_10_min,cycle,phase,LAnkleAngles,880,880,0.0,31,31,0.0
LAnkleAngles_ax1_phase_0_10_max,cycle,phase,LAnkleAngles,880,880,0.0,31,31,0.0
LAnkleAngles_ax1_phase_0_10_rom,cycle,phase,LAnkleAngles,880,880,0.0,31,31,0.0
LAnkleAngles_ax1_phase_10_20_mean,cycle,phase,LAnkleAngles,880,880,0.0,31,31,0.0
LAnkleAngles_ax1_phase_10_20_min,cycle,phase,LAnkleAngles,880,880,0.0,31,31,0.0
LAnkleAngles_ax1_phase_10_20_max,cycle,phase,LAnkleAngles,880,880,0.0,31,31,0.0
LAnkleAngles_ax1_phase_10_20_rom,cycle,phase,LAnkleAngles,880,880,0.0,31,31,0.0
LAnkleAngles_ax1_phase_20_30_mean,cycle,phase,LAnkleAngles,880,880,0.0,31,31,0.0
LAnkleAngles_ax1_phase_20_30_min,cycle,phase,LAnkleAngles,880,880,0.0,31,31,0.0
LAnkleAngles_ax1_phase_20_30_max,cycle,phase,LAnkleAngles,880,880,0.0,31,31,0.0
LAnkleAngles_ax1_phase_20_30_rom,cycle,phase,LAnkleAngles,880,880,0.0,31,31,0.0
LAnkleAngles_ax1_phase_30_40_mean,cycle,phase,LAnkleAngles,880,880,0.0,31,31,0.0
LAnkleAngles_ax1_phase_30_40_min,cycle,phase,LAnkleAngles,880,880,0.0,31,31,0.0
LAnkleAngles_ax1_phase_30_40_max,cycle,phase,LAnkleAngles,880,880,0.0,31,31,0.0
LAnkleAngles_ax1_phase_30_40_rom,cycle,phase,LAnkleAngles,880,880,0.0,31,31,0.0
LAnkleAngles_ax1_phase_40_50_mean,cycle,phase,LAnkleAngles,880,880,0.0,31,31,0.0
LAnkleAngles_ax1_phase_40_50_min,cycle,phase,LAnkleAngles,880,880,0.0,31,31,0.0
LAnkleAngles_ax1_phase_40_50_max,cycle,phase,LAnkleAngles,880,880,0.0,31,31,0.0
LAnkleAngles_ax1_phase_40_50_rom,cycle,phase,LAnkleAngles,880,880,0.0,31,31,0.0
LAnkleAngles_ax1_phase_50_60_mean,cycle,phase,LAnkleAngles,880,880,0.0,31,31,0.0
LAnkleAngles_ax1_phase_50_60_min,cycle,phase,LAnkleAngles,880,880,0.0,31,31,0.0
LAnkleAngles_ax1_phase_50_60_max,cycle,phase,LAnkleAngles,880,880,0.0,31,31,0.0
LAnkleAngles_ax1_phase_50_60_rom,cycle,phase,LAnkleAngles,880,880,0.0,31,31,0.0
LAnkleAngles_ax1_phase_60_70_mean,cycle,phase,LAnkleAngles,880,880,0.0,31,31,0.0
LAnkleAngles_ax1_phase_60_70_min,cycle,phase,LAnkleAngles,880,880,0.0,31,31,0.0
LAnkleAngles_ax1_phase_60_70_max,cycle,phase,LAnkleAngles,880,880,0.0,31,31,0.0
LAnkleAngles_ax1_phase_60_70_rom,cycle,phase,LAnkleAngles,880,880,0.0,31,31,0.0
LAnkleAngles_ax1_phase_70_80_mean,cycle,phase,LAnkleAngles,880,880,0.0,31,31,0.0
LAnkleAngles_ax1_phase_70_80_min,cycle,phase,LAnkleAngles,880,880,0.0,31,31,0.0
LAnkleAngles_ax1_phase_70_80_max,cycle,phase,LAnkleAngles,880,880,0.0,31,31,0.0
LAnkleAngles_ax1_phase_70_80_rom,cycle,phase,LAnkleAngles,880,880,0.0,31,31,0.0
LAnkleAngles_ax1_phase_80_90_mean,cycle,phase,LAnkleAngles,880,880,0.0,31,31,0.0
LAnkleAngles_ax1_phase_80_90_min,cycle,phase,LAnkleAngles,880,880,0.0,31,31,0.0
LAnkleAngles_ax1_phase_80_90_max,cycle,phase,LAnkleAngles,880,880,0.0,31,31,0.0
LAnkleAngles_ax1_phase_80_90_rom,cycle,phase,LAnkleAngles,880,880,0.0,31,31,0.0
LAnkleAngles_ax1_phase_90_100_mean,cycle,phase,LAnkleAngles,880,880,0.0,31,31,0.0
LAnkleAngles_ax1_phase_90_100_min,cycle,phase,LAnkleAngles,880,880,0.0,31,31,0.0
LAnkleAngles_ax1_phase_90_100_max,cycle,phase,LAnkleAngles,880,880,0.0,31,31,0.0
LAnkleAngles_ax1_phase_90_100_rom,cycle,phase,LAnkleAngles,880,880,0.0,31,31,0.0
RAnkleAngles_ax1_phase_0_10_mean,cycle,phase,RAnkleAngles,880,880,0.0,31,31,0.0
RAnkleAngles_ax1_phase_0_10_min,cycle,phase,RAnkleAngles,880,880,0.0,31,31,0.0
RAnkleAngles_ax1_phase_0_10_max,cycle,phase,RAnkleAngles,880,880,0.0,31,31,0.0
RAnkleAngles_ax1_phase_0_10_rom,cycle,phase,RAnkleAngles,880,880,0.0,31,31,0.0
RAnkleAngles_ax1_phase_10_20_mean,cycle,phase,RAnkleAngles,880,880,0.0,31,31,0.0
RAnkleAngles_ax1_phase_10_20_min,cycle,phase,RAnkleAngles,880,880,0.0,31,31,0.0
RAnkleAngles_ax1_phase_10_20_max,cycle,phase,RAnkleAngles,880,880,0.0,31,31,0.0
RAnkleAngles_ax1_phase_10_20_rom,cycle,phase,RAnkleAngles,880,880,0.0,31,31,0.0
RAnkleAngles_ax1_phase_20_30_mean,cycle,phase,RAnkleAngles,880,880,0.0,31,31,0.0
RAnkleAngles_ax1_phase_20_30_min,cycle,phase,RAnkleAngles,880,880,0.0,31,31,0.0
RAnkleAngles_ax1_phase_20_30_max,cycle,phase,RAnkleAngles,880,880,0.0,31,31,0.0
RAnkleAngles_ax1_phase_20_30_rom,cycle,phase,RAnkleAngles,880,880,0.0,31,31,0.0
RAnkleAngles_ax1_phase_30_40_mean,cycle,phase,RAnkleAngles,880,880,0.0,31,31,0.0
RAnkleAngles_ax1_phase_30_40_min,cycle,phase,RAnkleAngles,880,880,0.0,31,31,0.0
RAnkleAngles_ax1_phase_30_40_max,cycle,phase,RAnkleAngles,880,880,0.0,31,31,0.0
RAnkleAngles_ax1_phase_30_40_rom,cycle,phase,RAnkleAngles,880,880,0.0,31,31,0.0
RAnkleAngles_ax1_phase_40_50_mean,cycle,phase,RAnkleAngles,880,880,0.0,31,31,0.0
RAnkleAngles_ax1_phase_40_50_min,cycle,phase,RAnkleAngles,880,880,0.0,31,31,0.0
RAnkleAngles_ax1_phase_40_50_max,cycle,phase,RAnkleAngles,880,880,0.0,31,31,0.0
RAnkleAngles_ax1_phase_40_50_rom,cycle,phase,RAnkleAngles,880,880,0.0,31,31,0.0
RAnkleAngles_ax1_phase_50_60_mean,cycle,phase,RAnkleAngles,880,880,0.0,31,31,0.0
RAnkleAngles_ax1_phase_50_60_min,cycle,phase,RAnkleAngles,880,880,0.0,31,31,0.0
RAnkleAngles_ax1_phase_50_60_max,cycle,phase,RAnkleAngles,880,880,0.0,31,31,0.0
RAnkleAngles_ax1_phase_50_60_rom,cycle,phase,RAnkleAngles,880,880,0.0,31,31,0.0
RAnkleAngles_ax1_phase_60_70_mean,cycle,phase,RAnkleAngles,880,880,0.0,31,31,0.0
RAnkleAngles_ax1_phase_60_70_min,cycle,phase,RAnkleAngles,880,880,0.0,31,31,0.0
RAnkleAngles_ax1_phase_60_70_max,cycle,phase,RAnkleAngles,880,880,0.0,31,31,0.0
RAnkleAngles_ax1_phase_60_70_rom,cycle,phase,RAnkleAngles,880,880,0.0,31,31,0.0
RAnkleAngles_ax1_phase_70_80_mean,cycle,phase,RAnkleAngles,880,880,0.0,31,31,0.0
RAnkleAngles_ax1_phase_70_80_min,cycle,phase,RAnkleAngles,880,880,0.0,31,31,0.0
RAnkleAngles_ax1_phase_70_80_max,cycle,phase,RAnkleAngles,880,880,0.0,31,31,0.0
RAnkleAngles_ax1_phase_70_80_rom,cycle,phase,RAnkleAngles,880,880,0.0,31,31,0.0
RAnkleAngles_ax1_phase_80_90_mean,cycle,phase,RAnkleAngles,880,880,0.0,31,31,0.0
RAnkleAngles_ax1_phase_80_90_min,cycle,phase,RAnkleAngles,880,880,0.0,31,31,0.0
RAnkleAngles_ax1_phase_80_90_max,cycle,phase,RAnkleAngles,880,880,0.0,31,31,0.0
RAnkleAngles_ax1_phase_80_90_rom,cycle,phase,RAnkleAngles,880,880,0.0,31,31,0.0
RAnkleAngles_ax1_phase_90_100_mean,cycle,phase,RAnkleAngles,880,880,0.0,31,31,0.0
RAnkleAngles_ax1_phase_90_100_min,cycle,phase,RAnkleAngles,880,880,0.0,31,31,0.0
RAnkleAngles_ax1_phase_90_100_max,cycle,phase,RAnkleAngles,880,880,0.0,31,31,0.0
RAnkleAngles_ax1_phase_90_100_rom,cycle,phase,RAnkleAngles,880,880,0.0,31,31,0.0
coord_left_hip_knee_ax1_corr,cycle,coordination,LHipAngles|LKneeAngles,880,880,0.0,31,31,0.0
coord_left_hip_knee_ax1_lag_pct,cycle,coordination,LHipAngles|LKneeAngles,880,880,0.0,31,31,0.0
coord_left_knee_ankle_ax1_corr,cycle,coordination,LKneeAngles|LAnkleAngles,880,880,0.0,31,31,0.0
coord_left_knee_ankle_ax1_lag_pct,cycle,coordination,LKneeAngles|LAnkleAngles,880,880,0.0,31,31,0.0
coord_right_hip_knee_ax1_corr,cycle,coordination,RHipAngles|RKneeAngles,880,880,0.0,31,31,0.0
coord_right_hip_knee_ax1_lag_pct,cycle,coordination,RHipAngles|RKneeAngles,880,880,0.0,31,31,0.0
coord_right_knee_ankle_ax1_corr,cycle,coordination,RKneeAngles|RAnkleAngles,880,880,0.0,31,31,0.0
coord_right_knee_ankle_ax1_lag_pct,cycle,coordination,RKneeAngles|RAnkleAngles,880,880,0.0,31,31,0.0
COM_msjerk,cycle,smoothness,CentreOfMass,880,880,0.0,31,31,0.0
LKneeAngles_ax1_msjerk,cycle,smoothness,LKneeAngles,880,880,0.0,31,31,0.0
RKneeAngles_ax1_msjerk,cycle,smoothness,RKneeAngles,880,880,0.0,31,31,0.0
sym_HipAngles_ax1_rom_absdiff,subject,symmetry,LHipAngles|RHipAngles,,,,31,31,0.0
sym_HipAngles_ax1_rom_si,subject,symmetry,LHipAngles|RHipAngles,,,,31,31,0.0
sym_HipAngles_ax1_max_absdiff,subject,symmetry,LHipAngles|RHipAngles,,,,31,31,0.0
sym_HipAngles_ax1_max_si,subject,symmetry,LHipAngles|RHipAngles,,,,31,31,0.0
sym_HipAngles_ax1_tmax_pct_absdiff,subject,symmetry,LHipAngles|RHipAngles,,,,31,31,0.0
sym_HipAngles_ax1_tmax_pct_si,subject,symmetry,LHipAngles|RHipAngles,,,,31,31,0.0
sym_KneeAngles_ax1_rom_absdiff,subject,symmetry,LKneeAngles|RKneeAngles,,,,31,31,0.0
sym_KneeAngles_ax1_rom_si,subject,symmetry,LKneeAngles|RKneeAngles,,,,31,31,0.0
sym_KneeAngles_ax1_max_absdiff,subject,symmetry,LKneeAngles|RKneeAngles,,,,31,31,0.0
sym_KneeAngles_ax1_max_si,subject,symmetry,LKneeAngles|RKneeAngles,,,,31,31,0.0
sym_KneeAngles_ax1_tmax_pct_absdiff,subject,symmetry,LKneeAngles|RKneeAngles,,,,31,31,0.0
sym_KneeAngles_ax1_tmax_pct_si,subject,symmetry,LKneeAngles|RKneeAngles,,,,31,31,0.0
sym_AnkleAngles_ax1_rom_absdiff,subject,symmetry,LAnkleAngles|RAnkleAngles,,,,31,31,0.0
sym_AnkleAngles_ax1_rom_si,subject,symmetry,LAnkleAngles|RAnkleAngles,,,,31,31,0.0
sym_AnkleAngles_ax1_max_absdiff,subject,symmetry,LAnkleAngles|RAnkleAngles,,,,31,31,0.0
sym_AnkleAngles_ax1_max_si,subject,symmetry,LAnkleAngles|RAnkleAngles,,,,31,31,0.0
sym_AnkleAngles_ax1_tmax_pct_absdiff,subject,symmetry,LAnkleAngles|RAnkleAngles,,,,31,31,0.0
sym_AnkleAngles_ax1_tmax_pct_si,subject,symmetry,LAnkleAngles|RAnkleAngles,,,,31,31,0.0
sym_AbsAnkleAngle_ax1_rom_absdiff,subject,symmetry,LAbsAnkleAngle|RAbsAnkleAngle,,,,31,31,0.0
sym_AbsAnkleAngle_ax1_rom_si,subject,symmetry,LAbsAnkleAngle|RAbsAnkleAngle,,,,31,31,0.0
sym_AbsAnkleAngle_ax1_max_absdiff,subject,symmetry,LAbsAnkleAngle|RAbsAnkleAngle,,,,31,31,0.0
sym_AbsAnkleAngle_ax1_max_si,subject,symmetry,LAbsAnkleAngle|RAbsAnkleAngle,,,,31,31,0.0
sym_AbsAnkleAngle_ax1_tmax_pct_absdiff,subject,symmetry,LAbsAnkleAngle|RAbsAnkleAngle,,,,31,31,0.0
sym_AbsAnkleAngle_ax1_tmax_pct_si,subject,symmetry,LAbsAnkleAngle|RAbsAnkleAngle,,,,31,31,0.0
sym_FootProgressAngles_ax1_rom_absdiff,subject,symmetry,LFootProgressAngles|RFootProgressAngles,,,,31,31,0.0
sym_FootProgressAngles_ax1_rom_si,subject,symmetry,LFootProgressAngles|RFootProgressAngles,,,,31,31,0.0
sym_FootProgressAngles_ax1_max_absdiff,subject,symmetry,LFootProgressAngles|RFootProgressAngles,,,,31,31,0.0
sym_FootProgressAngles_ax1_max_si,subject,symmetry,LFootProgressAngles|RFootProgressAngles,,,,31,31,0.0
sym_FootProgressAngles_ax1_tmax_pct_absdiff,subject,symmetry,LFootProgressAngles|RFootProgressAngles,,,,31,31,0.0
sym_FootProgressAngles_ax1_tmax_pct_si,subject,symmetry,LFootProgressAngles|RFootProgressAngles,,,,31,31,0.0
sym_HJC_ax1_excursion_absdiff,subject,symmetry,LHJC|RHJC,,,,31,31,0.0
sym_HJC_ax1_excursion_si,subject,symmetry,LHJC|RHJC,,,,31,31,0.0
sym_HJC_path3d_absdiff,subject,symmetry,LHJC|RHJC,,,,31,31,0.0
sym_HJC_path3d_si,subject,symmetry,LHJC|RHJC,,,,31,31,0.0
sym_KJC_ax1_excursion_absdiff,subject,symmetry,LKJC|RKJC,,,,31,31,0.0
sym_KJC_ax1_excursion_si,subject,symmetry,LKJC|RKJC,,,,31,31,0.0
sym_KJC_path3d_absdiff,subject,symmetry,LKJC|RKJC,,,,31,31,0.0
sym_KJC_path3d_si,subject,symmetry,LKJC|RKJC,,,,31,31,0.0
sym_AJC_ax1_excursion_absdiff,subject,symmetry,LAJC|RAJC,,,,31,31,0.0
sym_AJC_ax1_excursion_si,subject,symmetry,LAJC|RAJC,,,,31,31,0.0
sym_AJC_path3d_absdiff,subject,symmetry,LAJC|RAJC,,,,31,31,0.0
sym_AJC_path3d_si,subject,symmetry,LAJC|RAJC,,,,31,31,0.0
sym_HEE_ax1_excursion_absdiff,subject,symmetry,LHEE|RHEE,,,,31,31,0.0
sym_HEE_ax1_excursion_si,subject,symmetry,LHEE|RHEE,,,,31,31,0.0
sym_HEE_path3d_absdiff,subject,symmetry,LHEE|RHEE,,,,31,31,0.0
sym_HEE_path3d_si,subject,symmetry,LHEE|RHEE,,,,31,31,0.0
sym_TOE_ax1_excursion_absdiff,subject,symmetry,LTOE|RTOE,,,,31,31,0.0
sym_TOE_ax1_excursion_si,subject,symmetry,LTOE|RTOE,,,,31,31,0.0
sym_TOE_path3d_absdiff,subject,symmetry,LTOE|RTOE,,,,31,31,0.0
sym_TOE_path3d_si,subject,symmetry,LTOE|RTOE,,,,31,31,0.0
sym_ASI_ax1_excursion_absdiff,subject,symmetry,LASI|RASI,,,,31,31,0.0
sym_ASI_ax1_excursion_si,subject,symmetry,LASI|RASI,,,,31,31,0.0
sym_ASI_path3d_absdiff,subject,symmetry,LASI|RASI,,,,31,31,0.0
sym_ASI_path3d_si,subject,symmetry,LASI|RASI,,,,31,31,0.0
sym_PSI_ax1_excursion_absdiff,subject,symmetry,LPSI|RPSI,,,,31,31,0.0
sym_PSI_ax1_excursion_si,subject,symmetry,LPSI|RPSI,,,,31,31,0.0
sym_PSI_path3d_absdiff,subject,symmetry,LPSI|RPSI,,,,31,31,0.0
sym_PSI_path3d_si,subject,symmetry,LPSI|RPSI,,,,31,31,0.0
var_cycle_duration_s_sd,subject,variability,cycle_duration_s,,,,31,31,0.0
var_cycle_duration_s_cv,subject,variability,cycle_duration_s,,,,31,31,0.0
var_cycle_duration_s_mad,subject,variability,cycle_duration_s,,,,31,31,0.0
var_stance_pct_sd,subject,variability,stance_pct,,,,31,31,0.0
var_stance_pct_cv,subject,variability,stance_pct,,,,31,31,0.0
var_stance_pct_mad,subject,variability,stance_pct,,,,31,31,0.0
var_LKneeAngles_ax1_rom_sd,subject,variability,LKneeAngles_ax1_rom,,,,31,31,0.0
var_LKneeAngles_ax1_rom_cv,subject,variability,LKneeAngles_ax1_rom,,,,31,31,0.0
var_LKneeAngles_ax1_rom_mad,subject,variability,LKneeAngles_ax1_rom,,,,31,31,0.0
var_RKneeAngles_ax1_rom_sd,subject,variability,RKneeAngles_ax1_rom,,,,31,31,0.0
var_RKneeAngles_ax1_rom_cv,subject,variability,RKneeAngles_ax1_rom,,,,31,31,0.0
var_RKneeAngles_ax1_rom_mad,subject,variability,RKneeAngles_ax1_rom,,,,31,31,0.0
var_LHipAngles_ax1_rom_sd,subject,variability,LHipAngles_ax1_rom,,,,31,31,0.0
var_LHipAngles_ax1_rom_cv,subject,variability,LHipAngles_ax1_rom,,,,31,31,0.0
var_LHipAngles_ax1_rom_mad,subject,variability,LHipAngles_ax1_rom,,,,31,31,0.0
var_RHipAngles_ax1_rom_sd,subject,variability,RHipAngles_ax1_rom,,,,31,31,0.0
var_RHipAngles_ax1_rom_cv,subject,variability,RHipAngles_ax1_rom,,,,31,31,0.0
var_RHipAngles_ax1_rom_mad,subject,variability,RHipAngles_ax1_rom,,,,31,31,0.0
var_LAnkleAngles_ax1_rom_sd,subject,variability,LAnkleAngles_ax1_rom,,,,31,31,0.0
var_LAnkleAngles_ax1_rom_cv,subject,variability,LAnkleAngles_ax1_rom,,,,31,31,0.0
var_LAnkleAngles_ax1_rom_mad,subject,variability,LAnkleAngles_ax1_rom,,,,31,31,0.0
var_RAnkleAngles_ax1_rom_sd,subject,variability,RAnkleAngles_ax1_rom,,,,31,31,0.0
var_RAnkleAngles_ax1_rom_cv,subject,variability,RAnkleAngles_ax1_rom,,,,31,31,0.0
var_RAnkleAngles_ax1_rom_mad,subject,variability,RAnkleAngles_ax1_rom,,,,31,31,0.0
var_LKneeAngles_ax1_tmax_pct_sd,subject,variability,LKneeAngles_ax1_tmax_pct,,,,31,31,0.0
var_LKneeAngles_ax1_tmax_pct_cv,subject,variability,LKneeAngles_ax1_tmax_pct,,,,31,31,0.0
var_LKneeAngles_ax1_tmax_pct_mad,subject,variability,LKneeAngles_ax1_tmax_pct,,,,31,31,0.0
var_RKneeAngles_ax1_tmax_pct_sd,subject,variability,RKneeAngles_ax1_tmax_pct,,,,31,31,0.0
var_RKneeAngles_ax1_tmax_pct_cv,subject,variability,RKneeAngles_ax1_tmax_pct,,,,31,31,0.0
var_RKneeAngles_ax1_tmax_pct_mad,subject,variability,RKneeAngles_ax1_tmax_pct,,,,31,31,0.0
var_CentreOfMass_path3d_sd,subject,variability,CentreOfMass_path3d,,,,31,31,0.0
var_CentreOfMass_path3d_cv,subject,variability,CentreOfMass_path3d,,,,31,31,0.0
var_CentreOfMass_path3d_mad,subject,variability,CentreOfMass_path3d,,,,31,31,0.0
