phase,curve,aggregation,test_type,feature,observed,null_mean,raw_p,fdr_q
mid_stance,LFootProgressAngles_ax1,mean,abnormality_jaccard,mid_stance__LFootProgressAngles_ax1__mean,1.0,0.6019572545489843,0.0279,1.0
swing,LKneeAngles_ax1,rom,abnormality_jaccard,swing__LKneeAngles_ax1__rom,1.0,0.6154453680662183,0.0288,1.0
mid_stance,LAnkleAngles_ax1,rom,abnormality_jaccard,mid_stance__LAnkleAngles_ax1__rom,1.0,0.6094638875652271,0.0327,1.0
swing,RAnkleAngles_ax1,rom,abnormality_jaccard,swing__RAnkleAngles_ax1__rom,0.8823529411764706,0.5941638281475206,0.0472,1.0
loading_response,CentreOfMass_ax1,mean,abnormality_jaccard,loading_response__CentreOfMass_ax1__mean,0.8823529411764706,0.6029661789708383,0.0672,1.0
pre_swing,RAnkleAngles_ax1,rom,abnormality_jaccard,pre_swing__RAnkleAngles_ax1__rom,0.8823529411764706,0.5969038080278615,0.0709,1.0
loading_response,LAnkleAngles_ax1,rom,abnormality_jaccard,loading_response__LAnkleAngles_ax1__rom,0.8823529411764706,0.6132848578975545,0.0736,1.0
pre_swing,LAnkleAngles_ax1,mean,abnormality_jaccard,pre_swing__LAnkleAngles_ax1__mean,0.8823529411764706,0.6139981645223346,0.0794,1.0
loading_response,LAnkleAngles_ax1,mean,abnormality_jaccard,loading_response__LAnkleAngles_ax1__mean,0.8823529411764706,0.6025617267609114,0.0809,1.0
pre_swing,RFootProgressAngles_ax1,rom,abnormality_jaccard,pre_swing__RFootProgressAngles_ax1__rom,0.8823529411764706,0.6095594853603007,0.0846,1.0
pre_swing,LAnkleAngles_ax1,rom,abnormality_jaccard,pre_swing__LAnkleAngles_ax1__rom,0.8823529411764706,0.6216754028344011,0.0871,1.0
loading_response,RKneeAngles_ax1,mean,abnormality_jaccard,loading_response__RKneeAngles_ax1__mean,0.7794117647058824,0.5952418771288893,0.1208,1.0
terminal_stance,LFootProgressAngles_ax1,rom,abnormality_jaccard,terminal_stance__LFootProgressAngles_ax1__rom,0.7794117647058824,0.5988804762829224,0.136,1.0
swing,RFootProgressAngles_ax1,rom,abnormality_jaccard,swing__RFootProgressAngles_ax1__rom,0.7794117647058824,0.599127559814805,0.1414,1.0
swing,LAnkleAngles_ax1,mean,abnormality_jaccard,swing__LAnkleAngles_ax1__mean,0.7794117647058824,0.5911900013530765,0.1466,1.0
loading_response,LASI_ax1,mean,abnormality_jaccard,loading_response__LASI_ax1__mean,0.7794117647058824,0.6068915715100921,0.1691,1.0
loading_response,RAnkleAngles_ax1,mean,abnormality_jaccard,loading_response__RAnkleAngles_ax1__mean,0.7794117647058824,0.606228269885812,0.1735,1.0
loading_response,RASI_ax1,mean,abnormality_jaccard,loading_response__RASI_ax1__mean,0.7794117647058824,0.6024352435243524,0.1786,1.0
terminal_stance,RHipAngles_ax1,rom,abnormality_jaccard,terminal_stance__RHipAngles_ax1__rom,0.7794117647058824,0.6102227869845808,0.1803,1.0
mid_stance,LAnkleAngles_ax1,rom,deviation_cosine,mid_stance__LAnkleAngles_ax1__rom,0.38235294117647056,0.11214356729790625,0.1838,1.0
mid_stance,RKneeAngles_ax1,mean,abnormality_jaccard,mid_stance__RKneeAngles_ax1__mean,0.7794117647058824,0.6044545631033692,0.1849,1.0
loading_response,RFootProgressAngles_ax1,mean,abnormality_jaccard,loading_response__RFootProgressAngles_ax1__mean,0.7794117647058824,0.6105301706641253,0.192,1.0
mid_stance,LKneeAngles_ax1,rom,abnormality_jaccard,mid_stance__LKneeAngles_ax1__rom,0.7794117647058824,0.6135113511351135,0.1959,1.0
mid_stance,LHipAngles_ax1,mean,deviation_cosine,mid_stance__LHipAngles_ax1__mean,0.11764705882352941,0.02260520169664025,0.2002,1.0
pre_swing,RHipAngles_ax1,rom,deviation_cosine,pre_swing__RHipAngles_ax1__rom,0.23529411764705882,0.0881558744109705,0.2214,1.0
swing,RHipAngles_ax1,mean,deviation_cosine,swing__RHipAngles_ax1__mean,0.11764705882352941,0.02482895348358365,0.2264,1.0
terminal_stance,LAnkleAngles_ax1,rom,deviation_cosine,terminal_stance__LAnkleAngles_ax1__rom,0.23529411764705882,0.07621644517392916,0.2462,1.0
mid_stance,RKneeAngles_ax1,rom,abnormality_jaccard,mid_stance__RKneeAngles_ax1__rom,0.6911764705882353,0.5936549537306672,0.2481,1.0
terminal_stance,RAnkleAngles_ax1,mean,abnormality_jaccard,terminal_stance__RAnkleAngles_ax1__mean,0.6911764705882353,0.6003865092391593,0.2782,1.0
mid_stance,RFootProgressAngles_ax1,rom,deviation_cosine,mid_stance__RFootProgressAngles_ax1__rom,0.029411764705882353,-0.008709694498861652,0.2793,1.0
swing,CentreOfMass_ax1,mean,deviation_cosine,swing__CentreOfMass_ax1__mean,0.11764705882352941,0.054734885253231204,0.2866,1.0
terminal_stance,LFootProgressAngles_ax1,mean,deviation_cosine,terminal_stance__LFootProgressAngles_ax1__mean,0.23529411764705882,0.10909620373802087,0.2885,1.0
loading_response,LHipAngles_ax1,mean,deviation_cosine,loading_response__LHipAngles_ax1__mean,0.029411764705882353,-2.0590294323551883e-05,0.2906,1.0
mid_stance,RAnkleAngles_ax1,mean,abnormality_jaccard,mid_stance__RAnkleAngles_ax1__mean,0.6911764705882353,0.6039530423630598,0.2939,1.0
swing,LASI_ax1,mean,deviation_cosine,swing__LASI_ax1__mean,0.11764705882352941,0.05229052316996405,0.2949,1.0
loading_response,LHipAngles_ax1,rom,abnormality_jaccard,loading_response__LHipAngles_ax1__rom,0.6911764705882353,0.6047737126653842,0.2963,1.0
swing,LFootProgressAngles_ax1,mean,deviation_cosine,swing__LFootProgressAngles_ax1__mean,0.029411764705882353,-0.006121200355329651,0.3066,1.0
swing,RAnkleAngles_ax1,rom,deviation_cosine,swing__RAnkleAngles_ax1__rom,0.11764705882352941,0.05296706141202356,0.3066,1.0
mid_stance,RHipAngles_ax1,mean,deviation_cosine,mid_stance__RHipAngles_ax1__mean,0.11764705882352941,0.0495461310836966,0.3134,1.0
mid_stance,LFootProgressAngles_ax1,rom,abnormality_jaccard,mid_stance__LFootProgressAngles_ax1__rom,0.6911764705882353,0.609440355800286,0.3172,1.0
loading_response,LFootProgressAngles_ax1,mean,deviation_cosine,loading_response__LFootProgressAngles_ax1__mean,0.029411764705882353,-0.0030561879717383514,0.3178,1.0
pre_swing,LFootProgressAngles_ax1,mean,abnormality_jaccard,pre_swing__LFootProgressAngles_ax1__mean,0.6911764705882353,0.6128730520110834,0.3205,1.0
loading_response,LHipAngles_ax1,mean,abnormality_jaccard,loading_response__LHipAngles_ax1__mean,0.6911764705882353,0.6119229570015825,0.3208,1.0
swing,LFootProgressAngles_ax1,mean,abnormality_jaccard,swing__LFootProgressAngles_ax1__mean,0.6911764705882353,0.6167396151379845,0.3243,1.0
loading_response,LFootProgressAngles_ax1,rom,abnormality_jaccard,loading_response__LFootProgressAngles_ax1__rom,0.6911764705882353,0.6114037874375673,0.3301,1.0
mid_stance,LHipAngles_ax1,rom,abnormality_jaccard,mid_stance__LHipAngles_ax1__rom,0.6911764705882353,0.6186280392745156,0.3304,1.0
terminal_stance,RKneeAngles_ax1,mean,abnormality_jaccard,terminal_stance__RKneeAngles_ax1__mean,0.6911764705882353,0.6077019466652548,0.3323,1.0
swing,LHipAngles_ax1,rom,deviation_cosine,swing__LHipAngles_ax1__rom,0.11764705882352941,0.069889341875364,0.3344,1.0
terminal_stance,LHipAngles_ax1,rom,deviation_cosine,terminal_stance__LHipAngles_ax1__rom,0.029411764705882353,0.00723895919003665,0.3366,1.0
terminal_stance,RKneeAngles_ax1,mean,deviation_cosine,terminal_stance__RKneeAngles_ax1__mean,0.029411764705882353,0.0033650423865915985,0.3399,1.0
pre_swing,LFootProgressAngles_ax1,mean,deviation_cosine,pre_swing__LFootProgressAngles_ax1__mean,0.029411764705882353,-0.004147473570886501,0.3408,1.0
pre_swing,LHipAngles_ax1,rom,abnormality_jaccard,pre_swing__LHipAngles_ax1__rom,0.6911764705882353,0.6149570839436885,0.3459,1.0
mid_stance,RKneeAngles_ax1,mean,deviation_cosine,mid_stance__RKneeAngles_ax1__mean,0.029411764705882353,-0.0043886741615338015,0.3464,1.0
swing,RFootProgressAngles_ax1,rom,deviation_cosine,swing__RFootProgressAngles_ax1__rom,0.029411764705882353,0.0007971385373831493,0.3574,1.0
terminal_stance,LFootProgressAngles_ax1,mean,abnormality_jaccard,terminal_stance__LFootProgressAngles_ax1__mean,0.6911764705882353,0.6218901301894895,0.3574,1.0
terminal_stance,LHipAngles_ax1,mean,deviation_cosine,terminal_stance__LHipAngles_ax1__mean,0.029411764705882353,0.003729784743180199,0.3586,1.0
pre_swing,LASI_ax1,rom,deviation_cosine,pre_swing__LASI_ax1__rom,0.029411764705882353,0.036738968014448495,0.369,1.0
pre_swing,RFootProgressAngles_ax1,rom,deviation_cosine,pre_swing__RFootProgressAngles_ax1__rom,0.029411764705882353,0.002120800315325649,0.3694,1.0
pre_swing,LFootProgressAngles_ax1,rom,deviation_cosine,pre_swing__LFootProgressAngles_ax1__rom,0.029411764705882353,0.004397498573386749,0.3727,1.0
pre_swing,RHipAngles_ax1,mean,deviation_cosine,pre_swing__RHipAngles_ax1__mean,0.029411764705882353,0.00901560744309725,0.3735,1.0
loading_response,RASI_ax1,rom,deviation_cosine,loading_response__RASI_ax1__rom,0.029411764705882353,0.0122129860044828,0.3859,1.0
loading_response,RFootProgressAngles_ax1,rom,deviation_cosine,loading_response__RFootProgressAngles_ax1__rom,0.029411764705882353,0.005162280933975749,0.3892,1.0
mid_stance,CentreOfMass_ax3,rom,abnormality_jaccard,mid_stance__CentreOfMass_ax3__rom,0.6176470588235294,0.591337074883959,0.3914,1.0
terminal_stance,RFootProgressAngles_ax1,rom,deviation_cosine,terminal_stance__RFootProgressAngles_ax1__rom,0.029411764705882353,0.004874016813446049,0.3958,1.0
terminal_stance,RHipAngles_ax1,mean,deviation_cosine,terminal_stance__RHipAngles_ax1__mean,0.029411764705882353,0.020034356376814152,0.3961,1.0
pre_swing,RFootProgressAngles_ax1,mean,abnormality_jaccard,pre_swing__RFootProgressAngles_ax1__mean,0.6176470588235294,0.5934652288758286,0.3974,1.0
loading_response,RHipAngles_ax1,rom,deviation_cosine,loading_response__RHipAngles_ax1__rom,0.029411764705882353,0.02168746286393345,0.4158,1.0
terminal_stance,RHipAngles_ax1,mean,abnormality_jaccard,terminal_stance__RHipAngles_ax1__mean,0.6176470588235294,0.5961081402257873,0.4169,1.0
loading_response,LKneeAngles_ax1,mean,deviation_cosine,loading_response__LKneeAngles_ax1__mean,0.11764705882352941,0.08032273815616855,0.4184,1.0
loading_response,LASI_ax1,rom,deviation_cosine,loading_response__LASI_ax1__rom,0.029411764705882353,0.0231846714083173,0.4225,1.0
swing,LHipAngles_ax1,rom,abnormality_jaccard,swing__LHipAngles_ax1__rom,0.6176470588235294,0.5934446385815052,0.423,1.0
loading_response,RKneeAngles_ax1,rom,deviation_cosine,loading_response__RKneeAngles_ax1__rom,0.029411764705882353,0.0230258319949642,0.43,1.0
loading_response,CentreOfMass_ax1,rom,deviation_cosine,loading_response__CentreOfMass_ax1__rom,0.029411764705882353,0.028452845284528454,0.4302,1.0
swing,LFootProgressAngles_ax1,rom,deviation_cosine,swing__LFootProgressAngles_ax1__rom,0.029411764705882353,0.010215727455098451,0.4351,1.0
mid_stance,RHipAngles_ax1,mean,abnormality_jaccard,mid_stance__RHipAngles_ax1__mean,0.6176470588235294,0.606397404446327,0.4367,1.0
terminal_stance,LFootProgressAngles_ax1,rom,deviation_cosine,terminal_stance__LFootProgressAngles_ax1__rom,0.029411764705882353,0.010612825988481202,0.4371,1.0
pre_swing,RFootProgressAngles_ax1,mean,deviation_cosine,pre_swing__RFootProgressAngles_ax1__mean,0.029411764705882353,0.00830965449486125,0.4379,1.0
swing,LKneeAngles_ax1,rom,deviation_cosine,swing__LKneeAngles_ax1__rom,0.029411764705882353,0.009080319796685549,0.4383,1.0
swing,RAnkleAngles_ax1,mean,abnormality_jaccard,swing__RAnkleAngles_ax1__mean,0.6176470588235294,0.6048957836960166,0.4388,1.0
terminal_stance,LKneeAngles_ax1,mean,abnormality_jaccard,terminal_stance__LKneeAngles_ax1__mean,0.6176470588235294,0.6037618467729126,0.4395,1.0
pre_swing,RHipAngles_ax1,mean,abnormality_jaccard,pre_swing__RHipAngles_ax1__mean,0.6176470588235294,0.6000658889418352,0.4429,1.0
mid_stance,LAnkleAngles_ax1,mean,abnormality_jaccard,mid_stance__LAnkleAngles_ax1__mean,0.6176470588235294,0.5986539830453633,0.4486,1.0
loading_response,CentreOfMass_ax3,rom,abnormality_jaccard,loading_response__CentreOfMass_ax3__rom,0.6176470588235294,0.6089211862362708,0.4531,1.0
pre_swing,RKneeAngles_ax1,mean,abnormality_jaccard,pre_swing__RKneeAngles_ax1__mean,0.6176470588235294,0.6049516716377521,0.4541,1.0
loading_response,LKneeAngles_ax1,mean,abnormality_jaccard,loading_response__LKneeAngles_ax1__mean,0.6176470588235294,0.6012233576298807,0.4549,1.0
terminal_stance,RKneeAngles_ax1,rom,deviation_cosine,terminal_stance__RKneeAngles_ax1__rom,0.029411764705882353,0.01022749333756905,0.455,1.0
pre_swing,LKneeAngles_ax1,rom,abnormality_jaccard,pre_swing__LKneeAngles_ax1__rom,0.6176470588235294,0.6069062788631804,0.4624,1.0
mid_stance,RHipAngles_ax1,rom,abnormality_jaccard,mid_stance__RHipAngles_ax1__rom,0.6176470588235294,0.6119067789131853,0.4626,1.0
terminal_stance,LHipAngles_ax1,mean,abnormality_jaccard,terminal_stance__LHipAngles_ax1__mean,0.6176470588235294,0.6036765441250008,0.4628,1.0
swing,LFootProgressAngles_ax1,rom,abnormality_jaccard,swing__LFootProgressAngles_ax1__rom,0.6176470588235294,0.6087020466752557,0.4637,1.0
terminal_stance,LKneeAngles_ax1,rom,abnormality_jaccard,terminal_stance__LKneeAngles_ax1__rom,0.6176470588235294,0.6064091703287976,0.4639,1.0
terminal_stance,RFootProgressAngles_ax1,rom,abnormality_jaccard,terminal_stance__RFootProgressAngles_ax1__rom,0.6176470588235294,0.6075048681338722,0.465,1.0
mid_stance,LKneeAngles_ax1,mean,abnormality_jaccard,mid_stance__LKneeAngles_ax1__mean,0.6176470588235294,0.6116096903808028,0.4651,1.0
loading_response,LFootProgressAngles_ax1,mean,abnormality_jaccard,loading_response__LFootProgressAngles_ax1__mean,0.6176470588235294,0.6033721019160739,0.4669,1.0
terminal_stance,RASI_ax1,rom,abnormality_jaccard,terminal_stance__RASI_ax1__rom,0.6176470588235294,0.6090285499138148,0.467,1.0
mid_stance,RFootProgressAngles_ax1,mean,deviation_cosine,mid_stance__RFootProgressAngles_ax1__mean,0.029411764705882353,0.010942270697658,0.472,1.0
pre_swing,LKneeAngles_ax1,rom,deviation_cosine,pre_swing__LKneeAngles_ax1__rom,0.029411764705882353,0.049231393727608055,0.4738,1.0
pre_swing,RASI_ax1,mean,abnormality_jaccard,pre_swing__RASI_ax1__mean,0.6176470588235294,0.6130583646599954,0.4855,1.0
mid_stance,RAnkleAngles_ax1,mean,deviation_cosine,mid_stance__RAnkleAngles_ax1__mean,0.029411764705882353,0.02382297053234735,0.489,1.0
swing,RASI_ax1,mean,deviation_cosine,swing__RASI_ax1__mean,0.029411764705882353,0.06638605036974285,0.5045,1.0
swing,RAnkleAngles_ax1,mean,deviation_cosine,swing__RAnkleAngles_ax1__mean,-0.029411764705882353,0.0013413106016483972,0.5127,1.0
swing,RKneeAngles_ax1,mean,abnormality_jaccard,swing__RKneeAngles_ax1__mean,0.6176470588235294,0.6201737820840908,0.5153,1.0
loading_response,LHipAngles_ax1,rom,deviation_cosine,loading_response__LHipAngles_ax1__rom,0.029411764705882353,0.041518857768129754,0.517,1.0
loading_response,RHipAngles_ax1,mean,abnormality_jaccard,loading_response__RHipAngles_ax1__mean,0.5588235294117647,0.5954007165422425,0.5559,1.0
mid_stance,RAnkleAngles_ax1,rom,deviation_cosine,mid_stance__RAnkleAngles_ax1__rom,0.029411764705882353,0.0739603372101916,0.5576,1.0
loading_response,RFootProgressAngles_ax1,mean,deviation_cosine,loading_response__RFootProgressAngles_ax1__mean,-0.029411764705882353,-0.006962460951977552,0.5654,1.0
loading_response,RKneeAngles_ax1,rom,abnormality_jaccard,loading_response__RKneeAngles_ax1__rom,0.5588235294117647,0.5939976350576234,0.5733,1.0
terminal_stance,RKneeAngles_ax1,rom,abnormality_jaccard,terminal_stance__RKneeAngles_ax1__rom,0.5588235294117647,0.5913003065012384,0.578,1.0
swing,RKneeAngles_ax1,rom,abnormality_jaccard,swing__RKneeAngles_ax1__rom,0.5588235294117647,0.5985377949559662,0.5795,1.0
swing,LKneeAngles_ax1,mean,deviation_cosine,swing__LKneeAngles_ax1__mean,-0.029411764705882353,-0.0021384491390315516,0.5801,1.0
swing,RASI_ax1,mean,abnormality_jaccard,swing__RASI_ax1__mean,0.5588235294117647,0.6017940029297046,0.5866,1.0
terminal_stance,LHipAngles_ax1,rom,abnormality_jaccard,terminal_stance__LHipAngles_ax1__rom,0.5588235294117647,0.6043692604554574,0.5873,1.0
swing,LASI_ax1,mean,abnormality_jaccard,swing__LASI_ax1__mean,0.5588235294117647,0.6064797656236212,0.6027,1.0
mid_stance,RAnkleAngles_ax1,rom,abnormality_jaccard,mid_stance__RAnkleAngles_ax1__rom,0.5588235294117647,0.6070857085708571,0.6071,1.0
pre_swing,LHipAngles_ax1,mean,abnormality_jaccard,pre_swing__LHipAngles_ax1__mean,0.5588235294117647,0.6047060588411781,0.6084,1.0
terminal_stance,RHipAngles_ax1,rom,deviation_cosine,terminal_stance__RHipAngles_ax1__rom,0.029411764705882353,0.0495520140249319,0.6202,1.0
swing,RFootProgressAngles_ax1,mean,deviation_cosine,swing__RFootProgressAngles_ax1__mean,-0.029411764705882353,0.0041592394533571,0.6275,1.0
terminal_stance,RFootProgressAngles_ax1,mean,abnormality_jaccard,terminal_stance__RFootProgressAngles_ax1__mean,0.5588235294117647,0.6159954230717188,0.6286,1.0
swing,LHipAngles_ax1,mean,abnormality_jaccard,swing__LHipAngles_ax1__mean,0.5588235294117647,0.600496814387321,0.6294,1.0
terminal_stance,CentreOfMass_ax3,rom,abnormality_jaccard,terminal_stance__CentreOfMass_ax3__rom,0.5588235294117647,0.6156924515981009,0.6343,1.0
loading_response,LASI_ax1,mean,deviation_cosine,loading_response__LASI_ax1__mean,-0.029411764705882353,0.04230128895242465,0.6356,1.0
mid_stance,RASI_ax1,mean,abnormality_jaccard,mid_stance__RASI_ax1__mean,0.5588235294117647,0.6115861586158616,0.6356,1.0
pre_swing,LASI_ax1,mean,abnormality_jaccard,pre_swing__LASI_ax1__mean,0.5588235294117647,0.6089373643246678,0.6365,1.0
swing,LAnkleAngles_ax1,rom,deviation_cosine,swing__LAnkleAngles_ax1__rom,-0.029411764705882353,0.0610237494337669,0.6373,1.0
pre_swing,LHipAngles_ax1,mean,deviation_cosine,pre_swing__LHipAngles_ax1__mean,-0.029411764705882353,-0.0018443020772665516,0.6436,1.0
terminal_stance,CentreOfMass_ax3,rom,deviation_cosine,terminal_stance__CentreOfMass_ax3__rom,-0.029411764705882353,0.0233670425866116,0.6593,1.0
swing,RASI_ax1,rom,deviation_cosine,swing__RASI_ax1__rom,-0.029411764705882353,0.019187212838930955,0.6611,1.0
mid_stance,LFootProgressAngles_ax1,mean,deviation_cosine,mid_stance__LFootProgressAngles_ax1__mean,-0.029411764705882353,-4.412205926475065e-05,0.6626,1.0
swing,LHipAngles_ax1,mean,deviation_cosine,swing__LHipAngles_ax1__mean,-0.029411764705882353,0.018631274892195102,0.6636,1.0
swing,RKneeAngles_ax1,rom,deviation_cosine,swing__RKneeAngles_ax1__rom,-0.029411764705882353,-0.002991475618150051,0.6643,1.0
mid_stance,RKneeAngles_ax1,rom,deviation_cosine,mid_stance__RKneeAngles_ax1__rom,-0.029411764705882353,0.00905678803174435,0.665,1.0
terminal_stance,LKneeAngles_ax1,rom,deviation_cosine,terminal_stance__LKneeAngles_ax1__rom,-0.029411764705882353,0.0065006500650064995,0.6653,1.0
pre_swing,CentreOfMass_ax1,mean,deviation_cosine,pre_swing__CentreOfMass_ax1__mean,-0.029411764705882353,0.03251207473688545,0.6682,1.0
pre_swing,RKneeAngles_ax1,mean,deviation_cosine,pre_swing__RKneeAngles_ax1__mean,-0.029411764705882353,0.02120506168263885,0.6776,1.0
mid_stance,RHipAngles_ax1,rom,deviation_cosine,mid_stance__RHipAngles_ax1__rom,-0.029411764705882353,0.04182771218298301,0.6781,1.0
loading_response,LKneeAngles_ax1,rom,deviation_cosine,loading_response__LKneeAngles_ax1__rom,-0.029411764705882353,0.02954118941305895,0.6791,1.0
swing,RHipAngles_ax1,rom,deviation_cosine,swing__RHipAngles_ax1__rom,-0.029411764705882353,0.0414688527676297,0.6874,1.0
mid_stance,CentreOfMass_ax3,rom,deviation_cosine,mid_stance__CentreOfMass_ax3__rom,-0.029411764705882353,0.03249442591317955,0.6935,1.0
loading_response,RAnkleAngles_ax1,rom,deviation_cosine,loading_response__RAnkleAngles_ax1__rom,-0.029411764705882353,0.0064830012413006,0.7012,1.0
loading_response,RKneeAngles_ax1,mean,deviation_cosine,loading_response__RKneeAngles_ax1__mean,-0.029411764705882353,0.013739609255043151,0.7014,1.0
loading_response,LAnkleAngles_ax1,mean,deviation_cosine,loading_response__LAnkleAngles_ax1__mean,-0.029411764705882353,0.02751745762811575,0.7108,1.0
loading_response,RHipAngles_ax1,mean,deviation_cosine,loading_response__RHipAngles_ax1__mean,-0.029411764705882353,0.014598518675396948,0.7123,1.0
terminal_stance,LAnkleAngles_ax1,rom,abnormality_jaccard,terminal_stance__LAnkleAngles_ax1__rom,0.5147058823529411,0.601446909396822,0.7147,1.0
mid_stance,CentreOfMass_ax3,mean,deviation_cosine,mid_stance__CentreOfMass_ax3__mean,-0.029411764705882353,0.09518598918715401,0.7266,1.0
pre_swing,LAnkleAngles_ax1,rom,deviation_cosine,pre_swing__LAnkleAngles_ax1__rom,-0.029411764705882353,0.009962760981980552,0.7267,1.0
loading_response,CentreOfMass_ax3,mean,deviation_cosine,loading_response__CentreOfMass_ax3__mean,-0.029411764705882353,0.0870734132236753,0.7288,1.0
pre_swing,RHipAngles_ax1,rom,abnormality_jaccard,pre_swing__RHipAngles_ax1__rom,0.5147058823529411,0.5982583552472894,0.7301,1.0
loading_response,CentreOfMass_ax3,rom,deviation_cosine,loading_response__CentreOfMass_ax3__rom,-0.029411764705882353,0.029944170887677,0.732,1.0
pre_swing,RAnkleAngles_ax1,mean,abnormality_jaccard,pre_swing__RAnkleAngles_ax1__mean,0.5147058823529411,0.6034353435343535,0.7357,1.0
mid_stance,RASI_ax1,rom,abnormality_jaccard,mid_stance__RASI_ax1__rom,0.5147058823529411,0.6026014366142497,0.7403,1.0
terminal_stance,RAnkleAngles_ax1,rom,abnormality_jaccard,terminal_stance__RAnkleAngles_ax1__rom,0.5147058823529411,0.6030750133836913,0.7404,1.0
pre_swing,CentreOfMass_ax3,mean,deviation_cosine,pre_swing__CentreOfMass_ax3__mean,-0.029411764705882353,0.0865439485124983,0.7416,1.0
swing,LASI_ax1,rom,abnormality_jaccard,swing__LASI_ax1__rom,0.5147058823529411,0.6026735026443821,0.7453,1.0
swing,CentreOfMass_ax1,mean,abnormality_jaccard,swing__CentreOfMass_ax1__mean,0.5147058823529411,0.6103522116917574,0.7471,1.0
terminal_stance,CentreOfMass_ax1,rom,abnormality_jaccard,terminal_stance__CentreOfMass_ax1__rom,0.5147058823529411,0.6050252084031933,0.748,1.0
swing,CentreOfMass_ax1,rom,abnormality_jaccard,swing__CentreOfMass_ax1__rom,0.5147058823529411,0.6000879499714677,0.7482,1.0
pre_swing,CentreOfMass_ax1,mean,abnormality_jaccard,pre_swing__CentreOfMass_ax1__mean,0.5147058823529411,0.6007703711547625,0.7528,1.0
terminal_stance,LKneeAngles_ax1,mean,deviation_cosine,terminal_stance__LKneeAngles_ax1__mean,-0.029411764705882353,0.049446121082696505,0.7535,1.0
loading_response,RASI_ax1,rom,abnormality_jaccard,loading_response__RASI_ax1__rom,0.5147058823529411,0.621340075183989,0.7612,1.0
swing,CentreOfMass_ax3,rom,deviation_cosine,swing__CentreOfMass_ax3__rom,-0.029411764705882353,0.029041139408058452,0.7615,1.0
swing,LAnkleAngles_ax1,rom,abnormality_jaccard,swing__LAnkleAngles_ax1__rom,0.5147058823529411,0.6127245077448922,0.7617,1.0
pre_swing,CentreOfMass_ax1,rom,deviation_cosine,pre_swing__CentreOfMass_ax1__rom,-0.029411764705882353,0.049425530788372946,0.7633,1.0
swing,CentreOfMass_ax3,mean,abnormality_jaccard,swing__CentreOfMass_ax3__mean,0.5147058823529411,0.6078960837260197,0.7702,1.0
pre_swing,LASI_ax1,mean,deviation_cosine,pre_swing__LASI_ax1__mean,-0.029411764705882353,0.0453986575128101,0.7725,1.0
mid_stance,LKneeAngles_ax1,mean,deviation_cosine,mid_stance__LKneeAngles_ax1__mean,-0.029411764705882353,-0.0001411905896472004,0.7731,1.0
terminal_stance,RFootProgressAngles_ax1,mean,deviation_cosine,terminal_stance__RFootProgressAngles_ax1__mean,-0.029411764705882353,0.055711453498291,0.8006,1.0
loading_response,RASI_ax1,mean,deviation_cosine,loading_response__RASI_ax1__mean,-0.029411764705882353,0.0521993375808169,0.8261,1.0
swing,LASI_ax1,rom,deviation_cosine,swing__LASI_ax1__rom,-0.029411764705882353,0.08754110705188166,0.8282,1.0
swing,CentreOfMass_ax3,rom,abnormality_jaccard,swing__CentreOfMass_ax3__rom,0.4852941176470588,0.6029617667649118,0.8563,1.0
mid_stance,LASI_ax1,rom,abnormality_jaccard,mid_stance__LASI_ax1__rom,0.4852941176470588,0.5891339133913391,0.859,1.0
terminal_stance,LAnkleAngles_ax1,mean,abnormality_jaccard,terminal_stance__LAnkleAngles_ax1__mean,0.4852941176470588,0.5900987157539284,0.8627,1.0
swing,RFootProgressAngles_ax1,mean,abnormality_jaccard,swing__RFootProgressAngles_ax1__mean,0.4852941176470588,0.5998599859985999,0.865,1.0
mid_stance,RFootProgressAngles_ax1,rom,abnormality_jaccard,mid_stance__RFootProgressAngles_ax1__rom,0.4852941176470588,0.6071798356306218,0.8653,1.0
mid_stance,RFootProgressAngles_ax1,mean,abnormality_jaccard,mid_stance__RFootProgressAngles_ax1__mean,0.4852941176470588,0.6058620567939147,0.8657,1.0
pre_swing,LFootProgressAngles_ax1,rom,abnormality_jaccard,pre_swing__LFootProgressAngles_ax1__rom,0.4852941176470588,0.5982377649529659,0.8658,1.0
mid_stance,LHipAngles_ax1,mean,abnormality_jaccard,mid_stance__LHipAngles_ax1__mean,0.4852941176470588,0.5889309519187212,0.8727,1.0
pre_swing,LKneeAngles_ax1,mean,abnormality_jaccard,pre_swing__LKneeAngles_ax1__mean,0.4852941176470588,0.5984304312784219,0.8738,1.0
swing,RHipAngles_ax1,rom,abnormality_jaccard,swing__RHipAngles_ax1__rom,0.4852941176470588,0.609868339775154,0.8759,1.0
pre_swing,RASI_ax1,rom,abnormality_jaccard,pre_swing__RASI_ax1__rom,0.4852941176470588,0.6119450180312148,0.877,1.0
loading_response,LKneeAngles_ax1,rom,abnormality_jaccard,loading_response__LKneeAngles_ax1__rom,0.4852941176470588,0.6021455086685139,0.8815,1.0
pre_swing,CentreOfMass_ax3,mean,abnormality_jaccard,pre_swing__CentreOfMass_ax3__mean,0.4852941176470588,0.6015101510151015,0.8823,1.0
swing,RHipAngles_ax1,mean,abnormality_jaccard,swing__RHipAngles_ax1__mean,0.4852941176470588,0.595858115223287,0.8828,1.0
loading_response,CentreOfMass_ax3,mean,abnormality_jaccard,loading_response__CentreOfMass_ax3__mean,0.4852941176470588,0.6012733626303807,0.883,1.0
loading_response,LASI_ax1,rom,abnormality_jaccard,loading_response__LASI_ax1__rom,0.4852941176470588,0.6108331421377431,0.8877,1.0
loading_response,RAnkleAngles_ax1,rom,abnormality_jaccard,loading_response__RAnkleAngles_ax1__rom,0.4852941176470588,0.6201605454663113,0.8915,1.0
pre_swing,LASI_ax1,rom,abnormality_jaccard,pre_swing__LASI_ax1__rom,0.4852941176470588,0.6120067889141856,0.8917,1.0
terminal_stance,CentreOfMass_ax3,mean,abnormality_jaccard,terminal_stance__CentreOfMass_ax3__mean,0.4852941176470588,0.6100918915420954,0.8943,1.0
loading_response,CentreOfMass_ax1,rom,abnormality_jaccard,loading_response__CentreOfMass_ax1__rom,0.4852941176470588,0.6209665084155475,0.8972,1.0
mid_stance,CentreOfMass_ax3,mean,abnormality_jaccard,mid_stance__CentreOfMass_ax3__mean,0.4852941176470588,0.6110434572869051,0.8977,1.0
loading_response,CentreOfMass_ax1,mean,deviation_cosine,loading_response__CentreOfMass_ax1__mean,-0.058823529411764705,0.05671743644952731,1.0,1.0
loading_response,RHipAngles_ax1,rom,abnormality_jaccard,loading_response__RHipAngles_ax1__rom,0.47058823529411764,0.6063812263579298,1.0,1.0
loading_response,RAnkleAngles_ax1,mean,deviation_cosine,loading_response__RAnkleAngles_ax1__mean,-0.058823529411764705,-0.0029591194413559016,1.0,1.0
terminal_stance,RAnkleAngles_ax1,mean,deviation_cosine,terminal_stance__RAnkleAngles_ax1__mean,-0.058823529411764705,0.0236611896483766,1.0,1.0
terminal_stance,LAnkleAngles_ax1,mean,deviation_cosine,terminal_stance__LAnkleAngles_ax1__mean,-0.058823529411764705,0.017154656642134797,1.0,1.0
terminal_stance,RAnkleAngles_ax1,rom,deviation_cosine,terminal_stance__RAnkleAngles_ax1__rom,-0.058823529411764705,0.03404752239929875,1.0,1.0
mid_stance,LASI_ax1,rom,deviation_cosine,mid_stance__LASI_ax1__rom,-0.058823529411764705,0.05581440496990875,1.0,1.0
mid_stance,CentreOfMass_ax1,rom,abnormality_jaccard,mid_stance__CentreOfMass_ax1__rom,0.47058823529411764,0.5978524323020538,1.0,1.0
mid_stance,LAnkleAngles_ax1,mean,deviation_cosine,mid_stance__LAnkleAngles_ax1__mean,-0.058823529411764705,-0.001206002953236501,1.0,1.0
mid_stance,LFootProgressAngles_ax1,rom,deviation_cosine,mid_stance__LFootProgressAngles_ax1__rom,-0.058823529411764705,-0.0003000300030003011,1.0,1.0
mid_stance,LASI_ax1,mean,deviation_cosine,mid_stance__LASI_ax1__mean,-0.058823529411764705,0.0400863615773342,1.0,1.0
mid_stance,RASI_ax1,rom,deviation_cosine,mid_stance__RASI_ax1__rom,-0.058823529411764705,0.05175223404693411,1.0,1.0
mid_stance,RASI_ax1,mean,deviation_cosine,mid_stance__RASI_ax1__mean,-0.058823529411764705,0.04217186424524805,1.0,1.0
mid_stance,LASI_ax1,mean,abnormality_jaccard,mid_stance__LASI_ax1__mean,0.47058823529411764,0.5966037780248613,1.0,1.0
mid_stance,CentreOfMass_ax1,mean,deviation_cosine,mid_stance__CentreOfMass_ax1__mean,-0.058823529411764705,0.054958437020172606,1.0,1.0
mid_stance,CentreOfMass_ax1,mean,abnormality_jaccard,mid_stance__CentreOfMass_ax1__mean,0.47058823529411764,0.6000835377655412,1.0,1.0
mid_stance,CentreOfMass_ax1,rom,deviation_cosine,mid_stance__CentreOfMass_ax1__rom,-0.058823529411764705,0.08868828059276515,1.0,1.0
mid_stance,LHipAngles_ax1,rom,deviation_cosine,mid_stance__LHipAngles_ax1__rom,-0.058823529411764705,0.0178017801780178,1.0,1.0
mid_stance,LKneeAngles_ax1,rom,deviation_cosine,mid_stance__LKneeAngles_ax1__rom,-0.058823529411764705,-0.002150215021502151,1.0,1.0
loading_response,RFootProgressAngles_ax1,rom,abnormality_jaccard,loading_response__RFootProgressAngles_ax1__rom,0.47058823529411764,0.590554643699664,1.0,1.0
loading_response,LFootProgressAngles_ax1,rom,deviation_cosine,loading_response__LFootProgressAngles_ax1__rom,-0.058823529411764705,-0.0029973585593853517,1.0,1.0
loading_response,LAnkleAngles_ax1,rom,deviation_cosine,loading_response__LAnkleAngles_ax1__rom,-0.058823529411764705,0.032635616502826745,1.0,1.0
terminal_stance,CentreOfMass_ax1,mean,abnormality_jaccard,terminal_stance__CentreOfMass_ax1__mean,0.47058823529411764,0.6223048775465782,1.0,1.0
terminal_stance,RASI_ax1,mean,abnormality_jaccard,terminal_stance__RASI_ax1__mean,0.47058823529411764,0.6133054481918779,1.0,1.0
terminal_stance,RASI_ax1,mean,deviation_cosine,terminal_stance__RASI_ax1__mean,-0.058823529411764705,0.0362859815393304,1.0,1.0
terminal_stance,RASI_ax1,rom,deviation_cosine,terminal_stance__RASI_ax1__rom,-0.058823529411764705,0.00769782860639005,1.0,1.0
terminal_stance,CentreOfMass_ax1,mean,deviation_cosine,terminal_stance__CentreOfMass_ax1__mean,-0.058823529411764705,0.03267679709147385,1.0,1.0
terminal_stance,LASI_ax1,rom,abnormality_jaccard,terminal_stance__LASI_ax1__rom,0.47058823529411764,0.6031676697081472,1.0,1.0
terminal_stance,CentreOfMass_ax3,mean,deviation_cosine,terminal_stance__CentreOfMass_ax3__mean,-0.058823529411764705,0.08357012171805414,1.0,1.0
terminal_stance,LASI_ax1,mean,deviation_cosine,terminal_stance__LASI_ax1__mean,-0.058823529411764705,0.0261379079084379,1.0,1.0
terminal_stance,CentreOfMass_ax1,rom,deviation_cosine,terminal_stance__CentreOfMass_ax1__rom,-0.058823529411764705,0.01571627751010395,1.0,1.0
pre_swing,LHipAngles_ax1,rom,deviation_cosine,pre_swing__LHipAngles_ax1__rom,-0.058823529411764705,0.06804503979809746,1.0,1.0
pre_swing,LKneeAngles_ax1,mean,deviation_cosine,pre_swing__LKneeAngles_ax1__mean,-0.058823529411764705,0.0387862315643329,1.0,1.0
pre_swing,RKneeAngles_ax1,rom,deviation_cosine,pre_swing__RKneeAngles_ax1__rom,-0.058823529411764705,0.01143349629080555,1.0,1.0
pre_swing,RKneeAngles_ax1,rom,abnormality_jaccard,pre_swing__RKneeAngles_ax1__rom,0.47058823529411764,0.5972170746486413,1.0,1.0
pre_swing,CentreOfMass_ax3,rom,abnormality_jaccard,pre_swing__CentreOfMass_ax3__rom,0.47058823529411764,0.6080299206391226,1.0,1.0
pre_swing,CentreOfMass_ax3,rom,deviation_cosine,pre_swing__CentreOfMass_ax3__rom,-0.058823529411764705,0.010877558344069699,1.0,1.0
pre_swing,CentreOfMass_ax1,rom,abnormality_jaccard,pre_swing__CentreOfMass_ax1__rom,0.47058823529411764,0.6097874493331686,1.0,1.0
pre_swing,RASI_ax1,rom,deviation_cosine,pre_swing__RASI_ax1__rom,-0.058823529411764705,0.021878658454080702,1.0,1.0
pre_swing,RASI_ax1,mean,deviation_cosine,pre_swing__RASI_ax1__mean,-0.058823529411764705,0.054052464069936405,1.0,1.0
pre_swing,RAnkleAngles_ax1,rom,deviation_cosine,pre_swing__RAnkleAngles_ax1__rom,-0.058823529411764705,0.021002100210021003,1.0,1.0
pre_swing,LAnkleAngles_ax1,mean,deviation_cosine,pre_swing__LAnkleAngles_ax1__mean,-0.058823529411764705,0.009383291270303499,1.0,1.0
pre_swing,RAnkleAngles_ax1,mean,deviation_cosine,pre_swing__RAnkleAngles_ax1__mean,-0.058823529411764705,-0.010489284222539903,1.0,1.0
terminal_stance,LASI_ax1,mean,abnormality_jaccard,terminal_stance__LASI_ax1__mean,0.47058823529411764,0.618986898689869,1.0,1.0
terminal_stance,LASI_ax1,rom,deviation_cosine,terminal_stance__LASI_ax1__rom,-0.058823529411764705,0.04540159898342775,1.0,1.0
swing,LKneeAngles_ax1,mean,abnormality_jaccard,swing__LKneeAngles_ax1__mean,0.47058823529411764,0.6132260284852015,1.0,1.0
swing,RKneeAngles_ax1,mean,deviation_cosine,swing__RKneeAngles_ax1__mean,-0.058823529411764705,-0.02171099462887465,1.0,1.0
swing,LAnkleAngles_ax1,mean,deviation_cosine,swing__LAnkleAngles_ax1__mean,-0.058823529411764705,0.07206014719118972,1.0,1.0
swing,RASI_ax1,rom,abnormality_jaccard,swing__RASI_ax1__rom,0.47058823529411764,0.6140952330527172,1.0,1.0
swing,CentreOfMass_ax1,rom,deviation_cosine,swing__CentreOfMass_ax1__rom,-0.058823529411764705,0.0259320049652024,1.0,1.0
swing,CentreOfMass_ax3,mean,deviation_cosine,swing__CentreOfMass_ax3__mean,-0.058823529411764705,0.08329950642123035,1.0,1.0
