feature,n_valid,n_unique,passed,reasons
LHipAngles_ax1_min__median,31,31,True,
LHipAngles_ax1_max__median,31,31,True,
LHipAngles_ax1_mean__median,31,31,True,
LHipAngles_ax1_median__median,31,31,True,
LHipAngles_ax1_std__median,31,31,True,
LHipAngles_ax1_rom__median,31,31,True,
LHipAngles_ax1_tmin_pct__median,31,15,True,
LHipAngles_ax1_tmax_pct__median,31,17,True,
LHipAngles_ax1_peak_vel__median,31,31,True,
LHipAngles_ax1_tpeak_vel_pct__median,31,18,True,
LHipAngles_ax1_vel_rms__median,31,31,True,
LHipAngles_ax1_peak_acc__median,31,31,True,
LHipAngles_ax1_acc_rms__median,31,31,True,
LHipAngles_ax2_min__median,31,31,True,
LHipAngles_ax2_max__median,31,31,True,
LHipAngles_ax2_mean__median,31,31,True,
LHipAngles_ax2_median__median,31,31,True,
LHipAngles_ax2_std__median,31,31,True,
LHipAngles_ax2_rom__median,31,31,True,
LHipAngles_ax2_tmin_pct__median,31,18,True,
LHipAngles_ax2_tmax_pct__median,31,21,True,
LHipAngles_ax2_peak_vel__median,31,31,True,
LHipAngles_ax2_tpeak_vel_pct__median,31,20,True,
LHipAngles_ax2_vel_rms__median,31,31,True,
LHipAngles_ax2_peak_acc__median,31,31,True,
LHipAngles_ax2_acc_rms__median,31,31,True,
LHipAngles_ax3_min__median,31,31,True,
LHipAngles_ax3_max__median,31,31,True,
LHipAngles_ax3_mean__median,31,31,True,
LHipAngles_ax3_median__median,31,31,True,
LHipAngles_ax3_std__median,31,31,True,
LHipAngles_ax3_rom__median,31,31,True,
LHipAngles_ax3_tmin_pct__median,31,11,True,
LHipAngles_ax3_tmax_pct__median,31,25,True,
LHipAngles_ax3_peak_vel__median,31,31,True,
LHipAngles_ax3_tpeak_vel_pct__median,31,22,True,
LHipAngles_ax3_vel_rms__median,31,31,True,
LHipAngles_ax3_peak_acc__median,31,31,True,
LHipAngles_ax3_acc_rms__median,31,31,True,
RHipAngles_ax1_min__median,31,31,True,
RHipAngles_ax1_max__median,31,31,True,
RHipAngles_ax1_mean__median,31,31,True,
RHipAngles_ax1_median__median,31,31,True,
RHipAngles_ax1_std__median,31,31,True,
RHipAngles_ax1_rom__median,31,31,True,
RHipAngles_ax1_tmin_pct__median,31,16,True,
RHipAngles_ax1_tmax_pct__median,31,17,True,
RHipAngles_ax1_peak_vel__median,31,31,True,
RHipAngles_ax1_tpeak_vel_pct__median,31,19,True,
RHipAngles_ax1_vel_rms__median,31,31,True,
RHipAngles_ax1_peak_acc__median,31,31,True,
RHipAngles_ax1_acc_rms__median,31,31,True,
RHipAngles_ax2_min__median,31,31,True,
RHipAngles_ax2_max__median,31,31,True,
RHipAngles_ax2_mean__median,31,31,True,
RHipAngles_ax2_median__median,31,31,True,
RHipAngles_ax2_std__median,31,31,True,
RHipAngles_ax2_rom__median,31,31,True,
RHipAngles_ax2_tmin_pct__median,31,20,True,
RHipAngles_ax2_tmax_pct__median,31,19,True,
RHipAngles_ax2_peak_vel__median,31,31,True,
RHipAngles_ax2_tpeak_vel_pct__median,31,20,True,
RHipAngles_ax2_vel_rms__median,31,31,True,
RHipAngles_ax2_peak_acc__median,31,31,True,
RHipAngles_ax2_acc_rms__median,31,31,True,
RHipAngles_ax3_min__median,31,31,True,
RHipAngles_ax3_max__median,31,31,True,
RHipAngles_ax3_mean__median,31,31,True,
RHipAngles_ax3_median__median,31,31,True,
RHipAngles_ax3_std__median,31,31,True,
RHipAngles_ax3_rom__median,31,31,True,
RHipAngles_ax3_tmin_pct__median,31,11,True,
RHipAngles_ax3_tmax_pct__median,31,26,True,
RHipAngles_ax3_peak_vel__median,31,31,True,
RHipAngles_ax3_tpeak_vel_pct__median,31,16,True,
RHipAngles_ax3_vel_rms__median,31,31,True,
RHipAngles_ax3_peak_acc__median,31,31,True,
RHipAngles_ax3_acc_rms__median,31,31,True,
LKneeAngles_ax1_min__median,31,31,True,
LKneeAngles_ax1_max__median,31,31,True,
LKneeAngles_ax1_mean__median,31,31,True,
LKneeAngles_ax1_median__median,31,31,True,
LKneeAngles_ax1_std__median,31,31,True,
LKneeAngles_ax1_rom__median,31,31,True,
LKneeAngles_ax1_tmin_pct__median,31,12,True,
LKneeAngles_ax1_tmax_pct__median,31,14,True,
LKneeAngles_ax1_peak_vel__median,31,31,True,
LKneeAngles_ax1_tpeak_vel_pct__median,31,17,True,
LKneeAngles_ax1_vel_rms__median,31,31,True,
LKneeAngles_ax1_peak_acc__median,31,31,True,
LKneeAngles_ax1_acc_rms__median,31,31,True,
LKneeAngles_ax2_min__median,31,31,True,
LKneeAngles_ax2_max__median,31,31,True,
LKneeAngles_ax2_mean__median,31,31,True,
LKneeAngles_ax2_median__median,31,31,True,
LKneeAngles_ax2_std__median,31,31,True,
LKneeAngles_ax2_rom__median,31,31,True,
LKneeAngles_ax2_tmin_pct__median,31,22,True,
LKneeAngles_ax2_tmax_pct__median,31,27,True,
LKneeAngles_ax2_peak_vel__median,31,31,True,
LKneeAngles_ax2_tpeak_vel_pct__median,31,24,True,
LKneeAngles_ax2_vel_rms__median,31,31,True,
LKneeAngles_ax2_peak_acc__median,31,31,True,
LKneeAngles_ax2_acc_rms__median,31,31,True,
LKneeAngles_ax3_min__median,31,31,True,
LKneeAngles_ax3_max__median,31,31,True,
LKneeAngles_ax3_mean__median,31,31,True,
LKneeAngles_ax3_median__median,31,31,True,
LKneeAngles_ax3_std__median,31,31,True,
LKneeAngles_ax3_rom__median,31,31,True,
LKneeAngles_ax3_tmin_pct__median,31,15,True,
LKneeAngles_ax3_tmax_pct__median,31,27,True,
LKneeAngles_ax3_peak_vel__median,31,31,True,
LKneeAngles_ax3_tpeak_vel_pct__median,31,22,True,
LKneeAngles_ax3_vel_rms__median,31,31,True,
LKneeAngles_ax3_peak_acc__median,31,31,True,
LKneeAngles_ax3_acc_rms__median,31,31,True,
RKneeAngles_ax1_min__median,31,31,True,
RKneeAngles_ax1_max__median,31,31,True,
RKneeAngles_ax1_mean__median,31,31,True,
RKneeAngles_ax1_median__median,31,31,True,
RKneeAngles_ax1_std__median,31,31,True,
RKneeAngles_ax1_rom__median,31,31,True,
RKneeAngles_ax1_tmin_pct__median,31,11,True,
RKneeAngles_ax1_tmax_pct__median,31,14,True,
RKneeAngles_ax1_peak_vel__median,31,31,True,
RKneeAngles_ax1_tpeak_vel_pct__median,31,15,True,
RKneeAngles_ax1_vel_rms__median,31,31,True,
RKneeAngles_ax1_peak_acc__median,31,31,True,
RKneeAngles_ax1_acc_rms__median,31,31,True,
RKneeAngles_ax2_min__median,31,31,True,
RKneeAngles_ax2_max__median,31,31,True,
RKneeAngles_ax2_mean__median,31,31,True,
RKneeAngles_ax2_median__median,31,31,True,
RKneeAngles_ax2_std__median,31,31,True,
RKneeAngles_ax2_rom__median,31,31,True,
RKneeAngles_ax2_tmin_pct__median,31,25,True,
RKneeAngles_ax2_tmax_pct__median,31,24,True,
RKneeAngles_ax2_peak_vel__median,31,31,True,
RKneeAngles_ax2_tpeak_vel_pct__median,31,28,True,
RKneeAngles_ax2_vel_rms__median,31,31,True,
RKneeAngles_ax2_peak_acc__median,31,31,True,
RKneeAngles_ax2_acc_rms__median,31,31,True,
RKneeAngles_ax3_min__median,31,31,True,
RKneeAngles_ax3_max__median,31,31,True,
RKneeAngles_ax3_mean__median,31,31,True,
RKneeAngles_ax3_median__median,31,31,True,
RKneeAngles_ax3_std__median,31,31,True,
RKneeAngles_ax3_rom__median,31,31,True,
RKneeAngles_ax3_tmin_pct__median,31,21,True,
RKneeAngles_ax3_tmax_pct__median,31,23,True,
RKneeAngles_ax3_peak_vel__median,31,31,True,
RKneeAngles_ax3_tpeak_vel_pct__median,31,20,True,
RKneeAngles_ax3_vel_rms__median,31,31,True,
RKneeAngles_ax3_peak_acc__median,31,31,True,
RKneeAngles_ax3_acc_rms__median,31,31,True,
LAnkleAngles_ax1_min__median,31,31,True,
LAnkleAngles_ax1_max__median,31,31,True,
LAnkleAngles_ax1_mean__median,31,31,True,
LAnkleAngles_ax1_median__median,31,31,True,
LAnkleAngles_ax1_std__median,31,31,True,
LAnkleAngles_ax1_rom__median,31,31,True,
LAnkleAngles_ax1_tmin_pct__median,31,16,True,
LAnkleAngles_ax1_tmax_pct__median,31,11,True,
LAnkleAngles_ax1_peak_vel__median,31,31,True,
LAnkleAngles_ax1_tpeak_vel_pct__median,31,14,True,
LAnkleAngles_ax1_vel_rms__median,31,31,True,
LAnkleAngles_ax1_peak_acc__median,31,31,True,
LAnkleAngles_ax1_acc_rms__median,31,31,True,
LAnkleAngles_ax2_min__median,31,31,True,
LAnkleAngles_ax2_max__median,31,31,True,
LAnkleAngles_ax2_mean__median,31,31,True,
LAnkleAngles_ax2_median__median,31,31,True,
LAnkleAngles_ax2_std__median,31,31,True,
LAnkleAngles_ax2_rom__median,31,31,True,
LAnkleAngles_ax2_tmin_pct__median,31,18,True,
LAnkleAngles_ax2_tmax_pct__median,31,22,True,
LAnkleAngles_ax2_peak_vel__median,31,31,True,
LAnkleAngles_ax2_tpeak_vel_pct__median,31,23,True,
LAnkleAngles_ax2_vel_rms__median,31,31,True,
LAnkleAngles_ax2_peak_acc__median,31,31,True,
LAnkleAngles_ax2_acc_rms__median,31,31,True,
LAnkleAngles_ax3_min__median,31,31,True,
LAnkleAngles_ax3_max__median,31,31,True,
LAnkleAngles_ax3_mean__median,31,31,True,
LAnkleAngles_ax3_median__median,31,31,True,
LAnkleAngles_ax3_std__median,31,31,True,
LAnkleAngles_ax3_rom__median,31,31,True,
LAnkleAngles_ax3_tmin_pct__median,31,22,False,duplicated:LAnkleAngles_ax2_tmax_pct__median
LAnkleAngles_ax3_tmax_pct__median,31,18,False,duplicated:LAnkleAngles_ax2_tmin_pct__median
LAnkleAngles_ax3_peak_vel__median,31,31,True,
LAnkleAngles_ax3_tpeak_vel_pct__median,31,21,True,
LAnkleAngles_ax3_vel_rms__median,31,31,True,
LAnkleAngles_ax3_peak_acc__median,31,31,True,
LAnkleAngles_ax3_acc_rms__median,31,31,True,
RAnkleAngles_ax1_min__median,31,31,True,
RAnkleAngles_ax1_max__median,31,31,True,
RAnkleAngles_ax1_mean__median,31,31,True,
RAnkleAngles_ax1_median__median,31,31,True,
RAnkleAngles_ax1_std__median,31,31,True,
RAnkleAngles_ax1_rom__median,31,31,True,
RAnkleAngles_ax1_tmin_pct__median,31,15,True,
RAnkleAngles_ax1_tmax_pct__median,31,12,True,
RAnkleAngles_ax1_peak_vel__median,31,31,True,
RAnkleAngles_ax1_tpeak_vel_pct__median,31,18,True,
RAnkleAngles_ax1_vel_rms__median,31,31,True,
RAnkleAngles_ax1_peak_acc__median,31,31,True,
RAnkleAngles_ax1_acc_rms__median,31,31,True,
RAnkleAngles_ax2_min__median,31,31,True,
RAnkleAngles_ax2_max__median,31,31,True,
RAnkleAngles_ax2_mean__median,31,31,True,
RAnkleAngles_ax2_median__median,31,31,True,
RAnkleAngles_ax2_std__median,31,31,True,
RAnkleAngles_ax2_rom__median,31,31,True,
RAnkleAngles_ax2_tmin_pct__median,31,17,True,
RAnkleAngles_ax2_tmax_pct__median,31,26,True,
RAnkleAngles_ax2_peak_vel__median,31,31,True,
RAnkleAngles_ax2_tpeak_vel_pct__median,31,21,True,
RAnkleAngles_ax2_vel_rms__median,31,31,True,
RAnkleAngles_ax2_peak_acc__median,31,31,True,
RAnkleAngles_ax2_acc_rms__median,31,31,True,
RAnkleAngles_ax3_min__median,31,31,True,
RAnkleAngles_ax3_max__median,31,31,True,
RAnkleAngles_ax3_mean__median,31,31,True,
RAnkleAngles_ax3_median__median,31,31,True,
RAnkleAngles_ax3_std__median,31,31,True,
RAnkleAngles_ax3_rom__median,31,31,True,
RAnkleAngles_ax3_tmin_pct__median,31,26,False,duplicated:RAnkleAngles_ax2_tmax_pct__median
RAnkleAngles_ax3_tmax_pct__median,31,17,True,
RAnkleAngles_ax3_peak_vel__median,31,31,True,
RAnkleAngles_ax3_tpeak_vel_pct__median,31,21,True,
RAnkleAngles_ax3_vel_rms__median,31,31,True,
RAnkleAngles_ax3_peak_acc__median,31,31,True,
RAnkleAngles_ax3_acc_rms__median,31,31,True,
LAbsAnkleAngle_ax1_min__median,31,31,True,
LAbsAnkleAngle_ax1_max__median,31,31,True,
LAbsAnkleAngle_ax1_mean__median,31,31,True,
LAbsAnkleAngle_ax1_median__median,31,31,True,
LAbsAnkleAngle_ax1_std__median,31,31,True,
LAbsAnkleAngle_ax1_rom__median,31,31,True,
LAbsAnkleAngle_ax1_tmin_pct__median,31,16,True,
LAbsAnkleAngle_ax1_tmax_pct__median,31,13,True,
LAbsAnkleAngle_ax1_peak_vel__median,31,31,True,
LAbsAnkleAngle_ax1_tpeak_vel_pct__median,31,14,True,
LAbsAnkleAngle_ax1_vel_rms__median,31,31,True,
LAbsAnkleAngle_ax1_peak_acc__median,31,31,True,
LAbsAnkleAngle_ax1_acc_rms__median,31,31,True,
LAbsAnkleAngle_ax2_min__median,31,1,False,constant|near_constant
LAbsAnkleAngle_ax2_max__median,31,1,False,constant|near_constant
LAbsAnkleAngle_ax2_mean__median,31,1,False,constant|near_constant
LAbsAnkleAngle_ax2_median__median,31,1,False,constant|near_constant
LAbsAnkleAngle_ax2_std__median,31,1,False,constant|near_constant
LAbsAnkleAngle_ax2_rom__median,31,1,False,constant|near_constant
LAbsAnkleAngle_ax2_tmin_pct__median,31,1,False,constant|near_constant
LAbsAnkleAngle_ax2_tmax_pct__median,31,1,False,constant|near_constant
LAbsAnkleAngle_ax2_peak_vel__median,31,1,False,constant|near_constant
LAbsAnkleAngle_ax2_tpeak_vel_pct__median,31,1,False,constant|near_constant
LAbsAnkleAngle_ax2_vel_rms__median,31,1,False,constant|near_constant
LAbsAnkleAngle_ax2_peak_acc__median,31,1,False,constant|near_constant
LAbsAnkleAngle_ax2_acc_rms__median,31,1,False,constant|near_constant
LAbsAnkleAngle_ax3_min__median,31,1,False,constant|near_constant
LAbsAnkleAngle_ax3_max__median,31,1,False,constant|near_constant
LAbsAnkleAngle_ax3_mean__median,31,1,False,constant|near_constant
LAbsAnkleAngle_ax3_median__median,31,1,False,constant|near_constant
LAbsAnkleAngle_ax3_std__median,31,1,False,constant|near_constant
LAbsAnkleAngle_ax3_rom__median,31,1,False,constant|near_constant
LAbsAnkleAngle_ax3_tmin_pct__median,31,1,False,constant|near_constant
LAbsAnkleAngle_ax3_tmax_pct__median,31,1,False,constant|near_constant
LAbsAnkleAngle_ax3_peak_vel__median,31,1,False,constant|near_constant
LAbsAnkleAngle_ax3_tpeak_vel_pct__median,31,1,False,constant|near_constant
LAbsAnkleAngle_ax3_vel_rms__median,31,1,False,constant|near_constant
LAbsAnkleAngle_ax3_peak_acc__median,31,1,False,constant|near_constant
LAbsAnkleAngle_ax3_acc_rms__median,31,1,False,constant|near_constant
RAbsAnkleAngle_ax1_min__median,31,31,True,
RAbsAnkleAngle_ax1_max__median,31,31,True,
RAbsAnkleAngle_ax1_mean__median,31,31,True,
RAbsAnkleAngle_ax1_median__median,31,31,True,
RAbsAnkleAngle_ax1_std__median,31,31,True,
RAbsAnkleAngle_ax1_rom__median,31,31,True,
RAbsAnkleAngle_ax1_tmin_pct__median,31,16,True,
RAbsAnkleAngle_ax1_tmax_pct__median,31,11,True,
RAbsAnkleAngle_ax1_peak_vel__median,31,31,True,
RAbsAnkleAngle_ax1_tpeak_vel_pct__median,31,17,True,
RAbsAnkleAngle_ax1_vel_rms__median,31,31,True,
RAbsAnkleAngle_ax1_peak_acc__median,31,31,True,
RAbsAnkleAngle_ax1_acc_rms__median,31,31,True,
RAbsAnkleAngle_ax2_min__median,31,1,False,constant|near_constant
RAbsAnkleAngle_ax2_max__median,31,1,False,constant|near_constant
RAbsAnkleAngle_ax2_mean__median,31,1,False,constant|near_constant
RAbsAnkleAngle_ax2_median__median,31,1,False,constant|near_constant
RAbsAnkleAngle_ax2_std__median,31,1,False,constant|near_constant
RAbsAnkleAngle_ax2_rom__median,31,1,False,constant|near_constant
RAbsAnkleAngle_ax2_tmin_pct__median,31,1,False,constant|near_constant
RAbsAnkleAngle_ax2_tmax_pct__median,31,1,False,constant|near_constant
RAbsAnkleAngle_ax2_peak_vel__median,31,1,False,constant|near_constant
RAbsAnkleAngle_ax2_tpeak_vel_pct__median,31,1,False,constant|near_constant
RAbsAnkleAngle_ax2_vel_rms__median,31,1,False,constant|near_constant
RAbsAnkleAngle_ax2_peak_acc__median,31,1,False,constant|near_constant
RAbsAnkleAngle_ax2_acc_rms__median,31,1,False,constant|near_constant
RAbsAnkleAngle_ax3_min__median,31,1,False,constant|near_constant
RAbsAnkleAngle_ax3_max__median,31,1,False,constant|near_constant
RAbsAnkleAngle_ax3_mean__median,31,1,False,constant|near_constant
RAbsAnkleAngle_ax3_median__median,31,1,False,constant|near_constant
RAbsAnkleAngle_ax3_std__median,31,1,False,constant|near_constant
RAbsAnkleAngle_ax3_rom__median,31,1,False,constant|near_constant
RAbsAnkleAngle_ax3_tmin_pct__median,31,1,False,constant|near_constant
RAbsAnkleAngle_ax3_tmax_pct__median,31,1,False,constant|near_constant
RAbsAnkleAngle_ax3_peak_vel__median,31,1,False,constant|near_constant
RAbsAnkleAngle_ax3_tpeak_vel_pct__median,31,1,False,constant|near_constant
RAbsAnkleAngle_ax3_vel_rms__median,31,1,False,constant|near_constant
RAbsAnkleAngle_ax3_peak_acc__median,31,1,False,constant|near_constant
RAbsAnkleAngle_ax3_acc_rms__median,31,1,False,constant|near_constant
LFootProgressAngles_ax1_min__median,31,31,True,
LFootProgressAngles_ax1_max__median,31,31,True,
LFootProgressAngles_ax1_mean__median,31,31,True,
LFootProgressAngles_ax1_median__median,31,31,True,
LFootProgressAngles_ax1_std__median,31,31,True,
LFootProgressAngles_ax1_rom__median,31,31,True,
LFootProgressAngles_ax1_tmin_pct__median,31,6,True,
LFootProgressAngles_ax1_tmax_pct__median,31,18,True,
LFootProgressAngles_ax1_peak_vel__median,31,31,True,
LFootProgressAngles_ax1_tpeak_vel_pct__median,31,16,True,
LFootProgressAngles_ax1_vel_rms__median,31,31,True,
LFootProgressAngles_ax1_peak_acc__median,31,31,True,
LFootProgressAngles_ax1_acc_rms__median,31,31,True,
LFootProgressAngles_ax2_min__median,31,31,True,
LFootProgressAngles_ax2_max__median,31,31,True,
LFootProgressAngles_ax2_mean__median,31,31,True,
LFootProgressAngles_ax2_median__median,31,31,True,
LFootProgressAngles_ax2_std__median,31,31,True,
LFootProgressAngles_ax2_rom__median,31,31,True,
LFootProgressAngles_ax2_tmin_pct__median,31,16,True,
LFootProgressAngles_ax2_tmax_pct__median,31,20,True,
LFootProgressAngles_ax2_peak_vel__median,31,31,True,
LFootProgressAngles_ax2_tpeak_vel_pct__median,31,21,True,
LFootProgressAngles_ax2_vel_rms__median,31,31,True,
LFootProgressAngles_ax2_peak_acc__median,31,31,True,
LFootProgressAngles_ax2_acc_rms__median,31,31,True,
LFootProgressAngles_ax3_min__median,31,31,True,
LFootProgressAngles_ax3_max__median,31,31,True,
LFootProgressAngles_ax3_mean__median,31,31,True,
LFootProgressAngles_ax3_median__median,31,31,True,
LFootProgressAngles_ax3_std__median,31,31,True,
LFootProgressAngles_ax3_rom__median,31,31,True,
LFootProgressAngles_ax3_tmin_pct__median,31,24,True,
LFootProgressAngles_ax3_tmax_pct__median,31,20,True,
LFootProgressAngles_ax3_peak_vel__median,31,31,True,
LFootProgressAngles_ax3_tpeak_vel_pct__median,31,24,True,
LFootProgressAngles_ax3_vel_rms__median,31,31,True,
LFootProgressAngles_ax3_peak_acc__median,31,31,True,
LFootProgressAngles_ax3_acc_rms__median,31,31,True,
RFootProgressAngles_ax1_min__median,31,31,True,
RFootProgressAngles_ax1_max__median,31,31,True,
RFootProgressAngles_ax1_mean__median,31,31,True,
RFootProgressAngles_ax1_median__median,31,31,True,
RFootProgressAngles_ax1_std__median,31,31,True,
RFootProgressAngles_ax1_rom__median,31,31,True,
RFootProgressAngles_ax1_tmin_pct__median,31,5,True,
RFootProgressAngles_ax1_tmax_pct__median,31,16,True,
RFootProgressAngles_ax1_peak_vel__median,31,31,True,
RFootProgressAngles_ax1_tpeak_vel_pct__median,31,18,True,
RFootProgressAngles_ax1_vel_rms__median,31,31,True,
RFootProgressAngles_ax1_peak_acc__median,31,31,True,
RFootProgressAngles_ax1_acc_rms__median,31,31,True,
RFootProgressAngles_ax2_min__median,31,31,True,
RFootProgressAngles_ax2_max__median,31,31,True,
RFootProgressAngles_ax2_mean__median,31,31,True,
RFootProgressAngles_ax2_median__median,31,31,True,
RFootProgressAngles_ax2_std__median,31,31,True,
RFootProgressAngles_ax2_rom__median,31,31,True,
RFootProgressAngles_ax2_tmin_pct__median,31,22,True,
RFootProgressAngles_ax2_tmax_pct__median,31,24,True,
RFootProgressAngles_ax2_peak_vel__median,31,31,True,
RFootProgressAngles_ax2_tpeak_vel_pct__median,31,22,True,
RFootProgressAngles_ax2_vel_rms__median,31,31,True,
RFootProgressAngles_ax2_peak_acc__median,31,31,True,
RFootProgressAngles_ax2_acc_rms__median,31,31,True,
RFootProgressAngles_ax3_min__median,31,31,True,
RFootProgressAngles_ax3_max__median,31,31,True,
RFootProgressAngles_ax3_mean__median,31,31,True,
RFootProgressAngles_ax3_median__median,31,31,True,
RFootProgressAngles_ax3_std__median,31,31,True,
RFootProgressAngles_ax3_rom__median,31,31,True,
RFootProgressAngles_ax3_tmin_pct__median,31,24,True,
RFootProgressAngles_ax3_tmax_pct__median,31,23,True,
RFootProgressAngles_ax3_peak_vel__median,31,31,True,
RFootProgressAngles_ax3_tpeak_vel_pct__median,31,23,True,
RFootProgressAngles_ax3_vel_rms__median,31,31,True,
RFootProgressAngles_ax3_peak_acc__median,31,31,True,
RFootProgressAngles_ax3_acc_rms__median,31,31,True,
cycle_duration_s__median,31,18,True,
stance_pct__median,31,28,True,
swing_pct__median,31,28,True,
stance_duration_s__median,31,21,True,
swing_duration_s__median,31,18,True,
foot_off_pct__median,31,28,False,duplicated:stance_pct__median
opposite_contact_pct__median,31,7,False,near_constant
opposite_foot_off_pct__median,31,27,True,
mid_stance_pct__median,31,25,True,
LASI_ax1_excursion__median,31,31,True,
LASI_ax2_excursion__median,31,31,True,
LASI_ax3_excursion__median,31,31,True,
LASI_path3d__median,31,31,True,
RASI_ax1_excursion__median,31,31,True,
RASI_ax2_excursion__median,31,31,True,
RASI_ax3_excursion__median,31,31,True,
RASI_path3d__median,31,31,True,
LPSI_ax1_excursion__median,31,31,True,
LPSI_ax2_excursion__median,31,31,True,
LPSI_ax3_excursion__median,31,31,True,
LPSI_path3d__median,31,31,True,
RPSI_ax1_excursion__median,31,31,True,
RPSI_ax2_excursion__median,31,31,True,
RPSI_ax3_excursion__median,31,30,True,
RPSI_path3d__median,31,31,True,
LHJC_ax1_excursion__median,31,31,True,
LHJC_ax2_excursion__median,31,31,True,
LHJC_ax3_excursion__median,31,31,True,
LHJC_path3d__median,31,31,True,
RHJC_ax1_excursion__median,31,31,True,
RHJC_ax2_excursion__median,31,31,True,
RHJC_ax3_excursion__median,31,31,True,
RHJC_path3d__median,31,31,True,
LKJC_ax1_excursion__median,31,31,True,
LKJC_ax2_excursion__median,31,31,True,
LKJC_ax3_excursion__median,31,31,True,
LKJC_path3d__median,31,31,True,
RKJC_ax1_excursion__median,31,31,True,
RKJC_ax2_excursion__median,31,31,True,
RKJC_ax3_excursion__median,31,31,True,
RKJC_path3d__median,31,31,True,
LAJC_ax1_excursion__median,31,31,True,
LAJC_ax2_excursion__median,31,31,True,
LAJC_ax3_excursion__median,31,31,True,
LAJC_path3d__median,31,31,True,
RAJC_ax1_excursion__median,31,31,True,
RAJC_ax2_excursion__median,31,31,True,
RAJC_ax3_excursion__median,31,31,True,
RAJC_path3d__median,31,31,True,
LHEE_ax1_excursion__median,31,31,True,
LHEE_ax2_excursion__median,31,31,True,
LHEE_ax3_excursion__median,31,31,True,
LHEE_path3d__median,31,31,True,
RHEE_ax1_excursion__median,31,31,True,
RHEE_ax2_excursion__median,31,31,True,
RHEE_ax3_excursion__median,31,31,True,
RHEE_path3d__median,31,31,True,
LTOE_ax1_excursion__median,31,31,True,
LTOE_ax2_excursion__median,31,31,True,
LTOE_ax3_excursion__median,31,31,True,
LTOE_path3d__median,31,31,True,
RTOE_ax1_excursion__median,31,31,True,
RTOE_ax2_excursion__median,31,31,True,
RTOE_ax3_excursion__median,31,31,True,
RTOE_path3d__median,31,31,True,
CentreOfMass_ax1_excursion__median,31,31,True,
CentreOfMass_ax2_excursion__median,31,31,True,
CentreOfMass_ax3_excursion__median,31,31,True,
CentreOfMass_path3d__median,31,31,True,
CentreOfMassFloor_ax1_excursion__median,31,31,False,duplicated:CentreOfMass_ax1_excursion__median
CentreOfMassFloor_ax2_excursion__median,31,31,False,duplicated:CentreOfMass_ax2_excursion__median
CentreOfMassFloor_ax3_excursion__median,31,1,False,constant|near_constant
CentreOfMassFloor_path3d__median,31,31,True,
LHipAngles_ax1_phase_0_10_mean__median,31,31,True,
LHipAngles_ax1_phase_0_10_min__median,31,31,True,
LHipAngles_ax1_phase_0_10_max__median,31,31,True,
LHipAngles_ax1_phase_0_10_rom__median,31,31,True,
LHipAngles_ax1_phase_10_20_mean__median,31,31,True,
LHipAngles_ax1_phase_10_20_min__median,31,31,True,
LHipAngles_ax1_phase_10_20_max__median,31,31,True,
LHipAngles_ax1_phase_10_20_rom__median,31,31,True,
LHipAngles_ax1_phase_20_30_mean__median,31,31,True,
LHipAngles_ax1_phase_20_30_min__median,31,31,True,
LHipAngles_ax1_phase_20_30_max__median,31,31,True,
LHipAngles_ax1_phase_20_30_rom__median,31,31,True,
LHipAngles_ax1_phase_30_40_mean__median,31,31,True,
LHipAngles_ax1_phase_30_40_min__median,31,31,True,
LHipAngles_ax1_phase_30_40_max__median,31,31,True,
LHipAngles_ax1_phase_30_40_rom__median,31,31,True,
LHipAngles_ax1_phase_40_50_mean__median,31,31,True,
LHipAngles_ax1_phase_40_50_min__median,31,31,True,
LHipAngles_ax1_phase_40_50_max__median,31,31,True,
LHipAngles_ax1_phase_40_50_rom__median,31,31,True,
LHipAngles_ax1_phase_50_60_mean__median,31,31,True,
LHipAngles_ax1_phase_50_60_min__median,31,31,True,
LHipAngles_ax1_phase_50_60_max__median,31,31,True,
LHipAngles_ax1_phase_50_60_rom__median,31,31,True,
LHipAngles_ax1_phase_60_70_mean__median,31,31,True,
LHipAngles_ax1_phase_60_70_min__median,31,31,True,
LHipAngles_ax1_phase_60_70_max__median,31,31,True,
LHipAngles_ax1_phase_60_70_rom__median,31,31,True,
LHipAngles_ax1_phase_70_80_mean__median,31,31,True,
LHipAngles_ax1_phase_70_80_min__median,31,31,True,
LHipAngles_ax1_phase_70_80_max__median,31,31,True,
LHipAngles_ax1_phase_70_80_rom__median,31,31,True,
LHipAngles_ax1_phase_80_90_mean__median,31,31,True,
LHipAngles_ax1_phase_80_90_min__median,31,31,True,
LHipAngles_ax1_phase_80_90_max__median,31,31,True,
LHipAngles_ax1_phase_80_90_rom__median,31,31,True,
LHipAngles_ax1_phase_90_100_mean__median,31,31,True,
LHipAngles_ax1_phase_90_100_min__median,31,31,True,
LHipAngles_ax1_phase_90_100_max__median,31,31,True,
LHipAngles_ax1_phase_90_100_rom__median,31,31,True,
RHipAngles_ax1_phase_0_10_mean__median,31,31,True,
RHipAngles_ax1_phase_0_10_min__median,31,31,True,
RHipAngles_ax1_phase_0_10_max__median,31,31,True,
RHipAngles_ax1_phase_0_10_rom__median,31,31,True,
RHipAngles_ax1_phase_10_20_mean__median,31,31,True,
RHipAngles_ax1_phase_10_20_min__median,31,31,True,
RHipAngles_ax1_phase_10_20_max__median,31,31,True,
RHipAngles_ax1_phase_10_20_rom__median,31,31,True,
RHipAngles_ax1_phase_20_30_mean__median,31,31,True,
RHipAngles_ax1_phase_20_30_min__median,31,31,True,
RHipAngles_ax1_phase_20_30_max__median,31,31,True,
RHipAngles_ax1_phase_20_30_rom__median,31,31,True,
RHipAngles_ax1_phase_30_40_mean__median,31,31,True,
RHipAngles_ax1_phase_30_40_min__median,31,31,True,
RHipAngles_ax1_phase_30_40_max__median,31,31,True,
RHipAngles_ax1_phase_30_40_rom__median,31,31,True,
RHipAngles_ax1_phase_40_50_mean__median,31,31,True,
RHipAngles_ax1_phase_40_50_min__median,31,31,True,
RHipAngles_ax1_phase_40_50_max__median,31,31,True,
RHipAngles_ax1_phase_40_50_rom__median,31,31,True,
RHipAngles_ax1_phase_50_60_mean__median,31,31,True,
RHipAngles_ax1_phase_50_60_min__median,31,31,True,
RHipAngles_ax1_phase_50_60_max__median,31,31,True,
RHipAngles_ax1_phase_50_60_rom__median,31,31,True,
RHipAngles_ax1_phase_60_70_mean__median,31,31,True,
RHipAngles_ax1_phase_60_70_min__median,31,31,True,
RHipAngles_ax1_phase_60_70_max__median,31,31,True,
RHipAngles_ax1_phase_60_70_rom__median,31,31,True,
RHipAngles_ax1_phase_70_80_mean__median,31,31,True,
RHipAngles_ax1_phase_70_80_min__median,31,31,True,
RHipAngles_ax1_phase_70_80_max__median,31,31,True,
RHipAngles_ax1_phase_70_80_rom__median,31,31,True,
RHipAngles_ax1_phase_80_90_mean__median,31,31,True,
RHipAngles_ax1_phase_80_90_min__median,31,31,True,
RHipAngles_ax1_phase_80_90_max__median,31,31,True,
RHipAngles_ax1_phase_80_90_rom__median,31,31,True,
RHipAngles_ax1_phase_90_100_mean__median,31,31,True,
RHipAngles_ax1_phase_90_100_min__median,31,31,True,
RHipAngles_ax1_phase_90_100_max__median,31,31,True,
RHipAngles_ax1_phase_90_100_rom__median,31,31,True,
LKneeAngles_ax1_phase_0_10_mean__median,31,31,True,
LKneeAngles_ax1_phase_0_10_min__median,31,31,True,
LKneeAngles_ax1_phase_0_10_max__median,31,31,True,
LKneeAngles_ax1_phase_0_10_rom__median,31,31,True,
LKneeAngles_ax1_phase_10_20_mean__median,31,31,True,
LKneeAngles_ax1_phase_10_20_min__median,31,31,True,
LKneeAngles_ax1_phase_10_20_max__median,31,31,True,
LKneeAngles_ax1_phase_10_20_rom__median,31,31,True,
LKneeAngles_ax1_phase_20_30_mean__median,31,31,True,
LKneeAngles_ax1_phase_20_30_min__median,31,31,True,
LKneeAngles_ax1_phase_20_30_max__median,31,31,True,
LKneeAngles_ax1_phase_20_30_rom__median,31,31,True,
LKneeAngles_ax1_phase_30_40_mean__median,31,31,True,
LKneeAngles_ax1_phase_30_40_min__median,31,31,True,
LKneeAngles_ax1_phase_30_40_max__median,31,31,True,
LKneeAngles_ax1_phase_30_40_rom__median,31,31,True,
LKneeAngles_ax1_phase_40_50_mean__median,31,31,True,
LKneeAngles_ax1_phase_40_50_min__median,31,31,True,
LKneeAngles_ax1_phase_40_50_max__median,31,31,True,
LKneeAngles_ax1_phase_40_50_rom__median,31,31,True,
LKneeAngles_ax1_phase_50_60_mean__median,31,31,True,
LKneeAngles_ax1_phase_50_60_min__median,31,31,True,
LKneeAngles_ax1_phase_50_60_max__median,31,31,True,
LKneeAngles_ax1_phase_50_60_rom__median,31,31,True,
LKneeAngles_ax1_phase_60_70_mean__median,31,31,True,
LKneeAngles_ax1_phase_60_70_min__median,31,31,True,
LKneeAngles_ax1_phase_60_70_max__median,31,31,True,
LKneeAngles_ax1_phase_60_70_rom__median,31,31,True,
LKneeAngles_ax1_phase_70_80_mean__median,31,31,True,
LKneeAngles_ax1_phase_70_80_min__median,31,31,True,
LKneeAngles_ax1_phase_70_80_max__median,31,31,True,
LKneeAngles_ax1_phase_70_80_rom__median,31,31,True,
LKneeAngles_ax1_phase_80_90_mean__median,31,31,True,
LKneeAngles_ax1_phase_80_90_min__median,31,31,True,
LKneeAngles_ax1_phase_80_90_max__median,31,31,True,
LKneeAngles_ax1_phase_80_90_rom__median,31,31,True,
LKneeAngles_ax1_phase_90_100_mean__median,31,31,True,
LKneeAngles_ax1_phase_90_100_min__median,31,31,True,
LKneeAngles_ax1_phase_90_100_max__median,31,31,True,
LKneeAngles_ax1_phase_90_100_rom__median,31,31,True,
RKneeAngles_ax1_phase_0_10_mean__median,31,31,True,
RKneeAngles_ax1_phase_0_10_min__median,31,31,True,
RKneeAngles_ax1_phase_0_10_max__median,31,31,True,
RKneeAngles_ax1_phase_0_10_rom__median,31,31,True,
RKneeAngles_ax1_phase_10_20_mean__median,31,31,True,
RKneeAngles_ax1_phase_10_20_min__median,31,31,True,
RKneeAngles_ax1_phase_10_20_max__median,31,31,True,
RKneeAngles_ax1_phase_10_20_rom__median,31,31,True,
RKneeAngles_ax1_phase_20_30_mean__median,31,31,True,
RKneeAngles_ax1_phase_20_30_min__median,31,31,True,
RKneeAngles_ax1_phase_20_30_max__median,31,31,True,
RKneeAngles_ax1_phase_20_30_rom__median,31,31,True,
RKneeAngles_ax1_phase_30_40_mean__median,31,31,True,
RKneeAngles_ax1_phase_30_40_min__median,31,31,True,
RKneeAngles_ax1_phase_30_40_max__median,31,31,True,
RKneeAngles_ax1_phase_30_40_rom__median,31,31,True,
RKneeAngles_ax1_phase_40_50_mean__median,31,31,True,
RKneeAngles_ax1_phase_40_50_min__median,31,31,True,
RKneeAngles_ax1_phase_40_50_max__median,31,31,True,
RKneeAngles_ax1_phase_40_50_rom__median,31,31,True,
RKneeAngles_ax1_phase_50_60_mean__median,31,31,True,
RKneeAngles_ax1_phase_50_60_min__median,31,31,True,
RKneeAngles_ax1_phase_50_60_max__median,31,31,True,
RKneeAngles_ax1_phase_50_60_rom__median,31,31,True,
RKneeAngles_ax1_phase_60_70_mean__median,31,31,True,
RKneeAngles_ax1_phase_60_70_min__median,31,31,True,
RKneeAngles_ax1_phase_60_70_max__median,31,31,True,
RKneeAngles_ax1_phase_60_70_rom__median,31,31,True,
RKneeAngles_ax1_phase_70_80_mean__median,31,31,True,
RKneeAngles_ax1_phase_70_80_min__median,31,31,True,
RKneeAngles_ax1_phase_70_80_max__median,31,31,True,
RKneeAngles_ax1_phase_70_80_rom__median,31,31,True,
RKneeAngles_ax1_phase_80_90_mean__median,31,31,True,
RKneeAngles_ax1_phase_80_90_min__median,31,31,True,
RKneeAngles_ax1_phase_80_90_max__median,31,31,True,
RKneeAngles_ax1_phase_80_90_rom__median,31,31,True,
RKneeAngles_ax1_phase_90_100_mean__median,31,31,True,
RKneeAngles_ax1_phase_90_100_min__median,31,31,True,
RKneeAngles_ax1_phase_90_100_max__median,31,31,True,
RKneeAngles_ax1_phase_90_100_rom__median,31,31,True,
LAnkleAngles_ax1_phase_0_10_mean__median,31,31,True,
LAnkleAngles_ax1_phase_0_10_min__median,31,31,True,
LAnkleAngles_ax1_phase_0_10_max__median,31,31,True,
LAnkleAngles_ax1_phase_0_10_rom__median,31,31,True,
LAnkleAngles_ax1_phase_10_20_mean__median,31,31,True,
LAnkleAngles_ax1_phase_10_20_min__median,31,31,True,
LAnkleAngles_ax1_phase_10_20_max__median,31,31,True,
LAnkleAngles_ax1_phase_10_20_rom__median,31,31,True,
LAnkleAngles_ax1_phase_20_30_mean__median,31,31,True,
LAnkleAngles_ax1_phase_20_30_min__median,31,31,True,
LAnkleAngles_ax1_phase_20_30_max__median,31,31,True,
LAnkleAngles_ax1_phase_20_30_rom__median,31,31,True,
LAnkleAngles_ax1_phase_30_40_mean__median,31,31,True,
LAnkleAngles_ax1_phase_30_40_min__median,31,31,True,
LAnkleAngles_ax1_phase_30_40_max__median,31,31,True,
LAnkleAngles_ax1_phase_30_40_rom__median,31,31,True,
LAnkleAngles_ax1_phase_40_50_mean__median,31,31,True,
LAnkleAngles_ax1_phase_40_50_min__median,31,31,True,
LAnkleAngles_ax1_phase_40_50_max__median,31,31,True,
LAnkleAngles_ax1_phase_40_50_rom__median,31,31,True,
LAnkleAngles_ax1_phase_50_60_mean__median,31,31,True,
LAnkleAngles_ax1_phase_50_60_min__median,31,31,True,
LAnkleAngles_ax1_phase_50_60_max__median,31,31,True,
LAnkleAngles_ax1_phase_50_60_rom__median,31,31,True,
LAnkleAngles_ax1_phase_60_70_mean__median,31,31,True,
LAnkleAngles_ax1_phase_60_70_min__median,31,31,True,
LAnkleAngles_ax1_phase_60_70_max__median,31,31,True,
LAnkleAngles_ax1_phase_60_70_rom__median,31,31,True,
LAnkleAngles_ax1_phase_70_80_mean__median,31,31,True,
LAnkleAngles_ax1_phase_70_80_min__median,31,31,True,
LAnkleAngles_ax1_phase_70_80_max__median,31,31,True,
LAnkleAngles_ax1_phase_70_80_rom__median,31,31,True,
LAnkleAngles_ax1_phase_80_90_mean__median,31,31,True,
LAnkleAngles_ax1_phase_80_90_min__median,31,31,True,
LAnkleAngles_ax1_phase_80_90_max__median,31,31,True,
LAnkleAngles_ax1_phase_80_90_rom__median,31,31,True,
LAnkleAngles_ax1_phase_90_100_mean__median,31,31,True,
LAnkleAngles_ax1_phase_90_100_min__median,31,31,True,
LAnkleAngles_ax1_phase_90_100_max__median,31,31,True,
LAnkleAngles_ax1_phase_90_100_rom__median,31,31,True,
RAnkleAngles_ax1_phase_0_10_mean__median,31,31,True,
RAnkleAngles_ax1_phase_0_10_min__median,31,31,True,
RAnkleAngles_ax1_phase_0_10_max__median,31,31,True,
RAnkleAngles_ax1_phase_0_10_rom__median,31,31,True,
RAnkleAngles_ax1_phase_10_20_mean__median,31,31,True,
RAnkleAngles_ax1_phase_10_20_min__median,31,31,True,
RAnkleAngles_ax1_phase_10_20_max__median,31,31,True,
RAnkleAngles_ax1_phase_10_20_rom__median,31,31,True,
RAnkleAngles_ax1_phase_20_30_mean__median,31,31,True,
RAnkleAngles_ax1_phase_20_30_min__median,31,31,True,
RAnkleAngles_ax1_phase_20_30_max__median,31,31,True,
RAnkleAngles_ax1_phase_20_30_rom__median,31,31,True,
RAnkleAngles_ax1_phase_30_40_mean__median,31,31,True,
RAnkleAngles_ax1_phase_30_40_min__median,31,31,True,
RAnkleAngles_ax1_phase_30_40_max__median,31,31,True,
RAnkleAngles_ax1_phase_30_40_rom__median,31,31,True,
RAnkleAngles_ax1_phase_40_50_mean__median,31,31,True,
RAnkleAngles_ax1_phase_40_50_min__median,31,31,True,
RAnkleAngles_ax1_phase_40_50_max__median,31,31,True,
RAnkleAngles_ax1_phase_40_50_rom__median,31,31,True,
RAnkleAngles_ax1_phase_50_60_mean__median,31,31,True,
RAnkleAngles_ax1_phase_50_60_min__median,31,31,True,
RAnkleAngles_ax1_phase_50_60_max__median,31,31,True,
RAnkleAngles_ax1_phase_50_60_rom__median,31,31,True,
RAnkleAngles_ax1_phase_60_70_mean__median,31,31,True,
RAnkleAngles_ax1_phase_60_70_min__median,31,31,True,
RAnkleAngles_ax1_phase_60_70_max__median,31,31,True,
RAnkleAngles_ax1_phase_60_70_rom__median,31,31,True,
RAnkleAngles_ax1_phase_70_80_mean__median,31,31,True,
RAnkleAngles_ax1_phase_70_80_min__median,31,31,True,
RAnkleAngles_ax1_phase_70_80_max__median,31,31,True,
RAnkleAngles_ax1_phase_70_80_rom__median,31,31,True,
RAnkleAngles_ax1_phase_80_90_mean__median,31,31,True,
RAnkleAngles_ax1_phase_80_90_min__median,31,31,True,
RAnkleAngles_ax1_phase_80_90_max__median,31,31,True,
RAnkleAngles_ax1_phase_80_90_rom__median,31,31,True,
RAnkleAngles_ax1_phase_90_100_mean__median,31,31,True,
RAnkleAngles_ax1_phase_90_100_min__median,31,31,True,
RAnkleAngles_ax1_phase_90_100_max__median,31,31,True,
RAnkleAngles_ax1_phase_90_100_rom__median,31,31,True,
coord_left_hip_knee_ax1_corr__median,31,31,True,
coord_left_hip_knee_ax1_lag_pct__median,31,2,False,near_constant
coord_left_knee_ankle_ax1_corr__median,31,31,True,
coord_left_knee_ankle_ax1_lag_pct__median,31,8,True,
coord_right_hip_knee_ax1_corr__median,31,31,True,
coord_right_hip_knee_ax1_lag_pct__median,31,3,False,near_constant
coord_right_knee_ankle_ax1_corr__median,31,31,True,
coord_right_knee_ankle_ax1_lag_pct__median,31,9,True,
COM_msjerk__median,31,31,True,
LKneeAngles_ax1_msjerk__median,31,31,True,
RKneeAngles_ax1_msjerk__median,31,31,True,
sym_HipAngles_ax1_rom_absdiff,31,31,True,
sym_HipAngles_ax1_rom_si,31,31,True,
sym_HipAngles_ax1_max_absdiff,31,31,True,
sym_HipAngles_ax1_max_si,31,31,True,
sym_HipAngles_ax1_tmax_pct_absdiff,31,17,True,
sym_HipAngles_ax1_tmax_pct_si,31,24,True,
sym_KneeAngles_ax1_rom_absdiff,31,31,True,
sym_KneeAngles_ax1_rom_si,31,31,True,
sym_KneeAngles_ax1_max_absdiff,31,31,True,
sym_KneeAngles_ax1_max_si,31,31,True,
sym_KneeAngles_ax1_tmax_pct_absdiff,31,4,True,
sym_KneeAngles_ax1_tmax_pct_si,31,13,True,
sym_AnkleAngles_ax1_rom_absdiff,31,31,True,
sym_AnkleAngles_ax1_rom_si,31,31,True,
sym_AnkleAngles_ax1_max_absdiff,31,31,True,
sym_AnkleAngles_ax1_max_si,31,31,True,
sym_AnkleAngles_ax1_tmax_pct_absdiff,31,10,True,
sym_AnkleAngles_ax1_tmax_pct_si,31,22,True,
sym_AbsAnkleAngle_ax1_rom_absdiff,31,31,True,
sym_AbsAnkleAngle_ax1_rom_si,31,31,True,
sym_AbsAnkleAngle_ax1_max_absdiff,31,31,True,
sym_AbsAnkleAngle_ax1_max_si,31,31,True,
sym_AbsAnkleAngle_ax1_tmax_pct_absdiff,31,10,True,
sym_AbsAnkleAngle_ax1_tmax_pct_si,31,22,True,
sym_FootProgressAngles_ax1_rom_absdiff,31,31,True,
sym_FootProgressAngles_ax1_rom_si,31,31,True,
sym_FootProgressAngles_ax1_max_absdiff,31,31,True,
sym_FootProgressAngles_ax1_max_si,31,31,True,
sym_FootProgressAngles_ax1_tmax_pct_absdiff,31,4,True,
sym_FootProgressAngles_ax1_tmax_pct_si,31,13,True,
sym_HJC_ax1_excursion_absdiff,31,31,True,
sym_HJC_ax1_excursion_si,31,31,True,
sym_HJC_path3d_absdiff,31,31,True,
sym_HJC_path3d_si,31,31,True,
sym_KJC_ax1_excursion_absdiff,31,31,True,
sym_KJC_ax1_excursion_si,31,31,True,
sym_KJC_path3d_absdiff,31,31,True,
sym_KJC_path3d_si,31,31,True,
sym_AJC_ax1_excursion_absdiff,31,31,True,
sym_AJC_ax1_excursion_si,31,31,True,
sym_AJC_path3d_absdiff,31,31,True,
sym_AJC_path3d_si,31,31,True,
sym_HEE_ax1_excursion_absdiff,31,31,True,
sym_HEE_ax1_excursion_si,31,31,True,
sym_HEE_path3d_absdiff,31,31,True,
sym_HEE_path3d_si,31,31,True,
sym_TOE_ax1_excursion_absdiff,31,31,True,
sym_TOE_ax1_excursion_si,31,31,True,
sym_TOE_path3d_absdiff,31,31,True,
sym_TOE_path3d_si,31,31,True,
sym_ASI_ax1_excursion_absdiff,31,31,True,
sym_ASI_ax1_excursion_si,31,31,True,
sym_ASI_path3d_absdiff,31,31,True,
sym_ASI_path3d_si,31,31,True,
sym_PSI_ax1_excursion_absdiff,31,31,True,
sym_PSI_ax1_excursion_si,31,31,True,
sym_PSI_path3d_absdiff,31,31,True,
sym_PSI_path3d_si,31,31,True,
var_cycle_duration_s_sd,31,31,True,
var_cycle_duration_s_cv,31,31,True,
var_cycle_duration_s_mad,31,12,True,
var_stance_pct_sd,31,31,True,
var_stance_pct_cv,31,31,True,
var_stance_pct_mad,31,31,True,
var_LKneeAngles_ax1_rom_sd,31,31,True,
var_LKneeAngles_ax1_rom_cv,31,31,True,
var_LKneeAngles_ax1_rom_mad,31,31,True,
var_RKneeAngles_ax1_rom_sd,31,31,True,
var_RKneeAngles_ax1_rom_cv,31,31,True,
var_RKneeAngles_ax1_rom_mad,31,31,True,
var_LHipAngles_ax1_rom_sd,31,31,True,
var_LHipAngles_ax1_rom_cv,31,31,True,
var_LHipAngles_ax1_rom_mad,31,31,True,
var_RHipAngles_ax1_rom_sd,31,31,True,
var_RHipAngles_ax1_rom_cv,31,31,True,
var_RHipAngles_ax1_rom_mad,31,31,True,
var_LAnkleAngles_ax1_rom_sd,31,31,True,
var_LAnkleAngles_ax1_rom_cv,31,31,True,
var_LAnkleAngles_ax1_rom_mad,31,31,True,
var_RAnkleAngles_ax1_rom_sd,31,31,True,
var_RAnkleAngles_ax1_rom_cv,31,31,True,
var_RAnkleAngles_ax1_rom_mad,31,31,True,
var_LKneeAngles_ax1_tmax_pct_sd,31,31,True,
var_LKneeAngles_ax1_tmax_pct_cv,31,31,True,
var_LKneeAngles_ax1_tmax_pct_mad,31,11,True,
var_RKneeAngles_ax1_tmax_pct_sd,31,31,True,
var_RKneeAngles_ax1_tmax_pct_cv,31,31,True,
var_RKneeAngles_ax1_tmax_pct_mad,31,9,True,
var_CentreOfMass_path3d_sd,31,31,True,
var_CentreOfMass_path3d_cv,31,31,True,
var_CentreOfMass_path3d_mad,31,31,True,
