cluster_id,representative,n_members,members,max_abs_spearman
1,RHipAngles_ax1_median__median,20,RHipAngles_ax1_median__median|RHipAngles_ax1_mean__median|RHipAngles_ax1_min__median|RHipAngles_ax1_max__median|LHipAngles_ax1_mean__median|LHipAngles_ax1_max__median|LHipAngles_ax1_min__median|LHipAngles_ax1_median__median|RHipAngles_ax1_phase_70_80_mean__median|RHipAngles_ax1_phase_70_80_max__median|RHipAngles_ax1_phase_20_30_max__median|RHipAngles_ax1_phase_20_30_mean__median|RHipAngles_ax1_phase_70_80_min__median|RHipAngles_ax1_phase_20_30_min__median|LHipAngles_ax1_phase_70_80_mean__median|LHipAngles_ax1_phase_70_80_min__median|LHipAngles_ax1_phase_70_80_max__median|LHipAngles_ax1_phase_20_30_min__median|LHipAngles_ax1_phase_20_30_mean__median|LHipAngles_ax1_phase_20_30_max__median,0.9959677419354839
2,LHipAngles_ax1_rom__median,2,LHipAngles_ax1_rom__median|LHipAngles_ax1_std__median,0.9391129032258064
3,LHipAngles_ax1_tmin_pct__median,1,LHipAngles_ax1_tmin_pct__median,0.0
4,LHipAngles_ax1_tmax_pct__median,1,LHipAngles_ax1_tmax_pct__median,0.0
5,LHipAngles_ax1_peak_vel__median,1,LHipAngles_ax1_peak_vel__median,0.0
6,RKneeAngles_ax1_phase_90_100_rom__median,117,RKneeAngles_ax1_phase_90_100_rom__median|LKneeAngles_ax1_phase_40_50_rom__median|LKneeAngles_ax1_phase_10_20_rom__median|RKneeAngles_ax1_phase_60_70_rom__median|RKneeAngles_ax1_phase_10_20_rom__median|LKneeAngles_ax1_phase_90_100_rom__median|RKneeAngles_ax1_phase_40_50_rom__median|RKneeAngles_ax1_phase_80_90_rom__median|LAnkleAngles_ax1_phase_20_30_rom__median|LHipAngles_ax1_phase_60_70_rom__median|LHipAngles_ax1_phase_20_30_rom__median|RHipAngles_ax1_phase_10_20_rom__median|RKneeAngles_ax1_tmax_pct__median|RAbsAnkleAngle_ax1_tmin_pct__median|RFootProgressAngles_ax1_tmax_pct__median|LKneeAngles_ax1_tmax_pct__median|RAnkleAngles_ax1_tpeak_vel_pct__median|LFootProgressAngles_ax1_tpeak_vel_pct__median|RAnkleAngles_ax1_tmin_pct__median|LHipAngles_ax2_tmax_pct__median|LAbsAnkleAngle_ax1_tmin_pct__median|LAnkleAngles_ax1_tpeak_vel_pct__median|LAbsAnkleAngle_ax1_tpeak_vel_pct__median|RAbsAnkleAngle_ax1_tpeak_vel_pct__median|LFootProgressAngles_ax1_tmax_pct__median|RHipAngles_ax2_tmin_pct__median|RHipAngles_ax2_tmax_pct__median|LHipAngles_ax1_tpeak_vel_pct__median|LAnkleAngles_ax1_tmin_pct__median|LKneeAngles_ax1_tpeak_vel_pct__median|RHipAngles_ax1_tpeak_vel_pct__median|RFootProgressAngles_ax1_tpeak_vel_pct__median|RKneeAngles_ax1_phase_30_40_max__median|RKneeAngles_ax1_phase_20_30_mean__median|RKneeAngles_ax1_phase_20_30_max__median|RKneeAngles_ax1_phase_80_90_max__median|LKneeAngles_ax1_phase_80_90_max__median|LKneeAngles_ax1_phase_70_80_mean__median|LKneeAngles_ax1_phase_30_40_max__median|RKneeAngles_ax1_phase_20_30_min__median|LKneeAngles_ax1_phase_70_80_max__median|RKneeAngles_ax1_phase_70_80_max__median|RKneeAngles_ax1_phase_70_80_mean__median|LKneeAngles_ax1_phase_20_30_max__median|LKneeAngles_ax1_phase_20_30_mean__median|LKneeAngles_ax1_phase_70_80_min__median|LHipAngles_ax1_phase_90_100_min__median|LKneeAngles_ax1_phase_20_30_min__median|RHipAngles_ax1_phase_0_10_mean__median|RHipAngles_ax1_phase_0_10_max__median|LHipAngles_ax1_phase_0_10_mean__median|LHipAngles_ax1_phase_0_10_min__median|RHipAngles_ax1_phase_0_10_min__median|RKneeAngles_ax1_phase_30_40_mean__median|LKneeAngles_ax1_phase_30_40_mean__median|LHipAngles_ax1_phase_0_10_max__median|LHipAngles_ax1_phase_90_100_mean__median|LHipAngles_ax1_phase_50_60_min__median|RKneeAngles_ax1_phase_70_80_min__median|LHipAngles_ax1_phase_50_60_mean__median|RHipAngles_ax1_phase_50_60_mean__median|RKneeAngles_ax1_phase_80_90_mean__median|LHipAngles_ax1_phase_50_60_max__median|RHipAngles_ax1_phase_50_60_min__median|RHipAngles_ax1_phase_50_60_max__median|RHipAngles_ax1_phase_90_100_min__median|LHipAngles_ax1_phase_40_50_min__median|LKneeAngles_ax1_phase_80_90_mean__median|RHipAngles_ax1_phase_40_50_min__median|RKneeAngles_ax1_phase_10_20_max__median|RHipAngles_ax1_phase_90_100_mean__median|LHipAngles_ax1_phase_90_100_max__median|RHipAngles_ax1_phase_40_50_mean__median|LHipAngles_ax1_phase_40_50_mean__median|RHipAngles_ax1_phase_90_100_max__median|LHipAngles_ax1_phase_10_20_min__median|LKneeAngles_ax1_phase_60_70_max__median|RHipAngles_ax1_phase_10_20_min__median|RHipAngles_ax1_phase_40_50_max__median|LHipAngles_ax1_phase_10_20_mean__median|LHipAngles_ax1_phase_60_70_min__median|LKneeAngles_ax1_phase_10_20_max__median|LHipAngles_ax1_phase_40_50_max__median|RKneeAngles_ax1_phase_60_70_max__median|LHipAngles_ax1_phase_60_70_mean__median|RHipAngles_ax1_phase_60_70_min__median|RHipAngles_ax1_phase_10_20_mean__median|RHipAngles_ax1_phase_80_90_min__median|RHipAngles_ax1_phase_60_70_mean__median|RHipAngles_ax1_phase_80_90_mean__median|RHipAngles_ax1_phase_30_40_min__median|LHipAngles_ax1_phase_80_90_min__median|LHipAngles_ax1_phase_10_20_max__median|LKneeAngles_ax1_phase_30_40_min__median|RKneeAngles_ax1_phase_80_90_min__median|RHipAngles_ax1_phase_30_40_mean__median|RHipAngles_ax1_phase_10_20_max__median|RHipAngles_ax1_phase_80_90_max__median|RHipAngles_ax1_phase_60_70_max__median|LHipAngles_ax1_phase_60_70_max__median|LHipAngles_ax1_phase_30_40_min__median|LHipAngles_ax1_phase_80_90_mean__median|RKneeAngles_ax1_phase_30_40_min__median|LHipAngles_ax1_phase_30_40_mean__median|RHipAngles_ax1_phase_30_40_max__median|LHipAngles_ax1_phase_30_40_max__median|RKneeAngles_ax1_phase_10_20_mean__median|LKneeAngles_ax1_phase_80_90_min__median|LHipAngles_ax1_phase_80_90_max__median|LKneeAngles_ax1_phase_40_50_max__median|RKneeAngles_ax1_phase_90_100_max__median|LKneeAngles_ax1_phase_60_70_mean__median|LKneeAngles_ax1_phase_90_100_max__median|LAnkleAngles_ax1_phase_20_30_min__median|RKneeAngles_ax1_phase_60_70_mean__median|RKneeAngles_ax1_phase_40_50_max__median|LAnkleAngles_ax1_phase_20_30_mean__median,0.9991935483870967
7,LHipAngles_ax1_vel_rms__median,1,LHipAngles_ax1_vel_rms__median,0.0
8,RHipAngles_ax1_peak_acc__median,2,RHipAngles_ax1_peak_acc__median|LHipAngles_ax1_peak_acc__median,0.9455645161290323
9,RKneeAngles_ax1_peak_acc__median,6,RKneeAngles_ax1_peak_acc__median|RKneeAngles_ax1_acc_rms__median|RHipAngles_ax1_acc_rms__median|LHipAngles_ax1_acc_rms__median|RKneeAngles_ax1_peak_vel__median|RKneeAngles_ax1_vel_rms__median,0.9657258064516129
10,LHipAngles_ax2_min__median,1,LHipAngles_ax2_min__median,0.0
11,LHipAngles_ax2_max__median,3,LHipAngles_ax2_max__median|LHipAngles_ax2_median__median|LHipAngles_ax2_mean__median,0.9875
12,LHipAngles_ax2_std__median,1,LHipAngles_ax2_std__median,0.0
13,LHipAngles_ax2_rom__median,1,LHipAngles_ax2_rom__median,0.0
14,LHipAngles_ax2_tmin_pct__median,1,LHipAngles_ax2_tmin_pct__median,0.0
15,LHipAngles_ax2_peak_vel__median,1,LHipAngles_ax2_peak_vel__median,0.0
16,LHipAngles_ax2_tpeak_vel_pct__median,1,LHipAngles_ax2_tpeak_vel_pct__median,0.0
17,LHipAngles_ax2_vel_rms__median,2,LHipAngles_ax2_vel_rms__median|RHipAngles_ax2_vel_rms__median,0.9560483870967742
18,LHipAngles_ax2_peak_acc__median,4,LHipAngles_ax2_peak_acc__median|RHipAngles_ax2_peak_acc__median|LHipAngles_ax2_acc_rms__median|RHipAngles_ax2_acc_rms__median,0.9290322580645162
19,LHipAngles_ax3_mean__median,8,LHipAngles_ax3_mean__median|LHipAngles_ax3_median__median|LHipAngles_ax3_max__median|LHipAngles_ax3_min__median|LKneeAngles_ax2_min__median|LKneeAngles_ax2_max__median|LKneeAngles_ax2_mean__median|LKneeAngles_ax2_median__median,0.9959677419354839
20,LHipAngles_ax3_rom__median,2,LHipAngles_ax3_rom__median|LHipAngles_ax3_std__median,0.9532258064516129
21,LHipAngles_ax3_tmin_pct__median,1,LHipAngles_ax3_tmin_pct__median,0.0
22,LHipAngles_ax3_tmax_pct__median,1,LHipAngles_ax3_tmax_pct__median,0.0
23,LHipAngles_ax3_peak_acc__median,4,LHipAngles_ax3_peak_acc__median|LHipAngles_ax3_acc_rms__median|LHipAngles_ax3_peak_vel__median|LHipAngles_ax3_vel_rms__median,0.9846774193548387
24,LHipAngles_ax3_tpeak_vel_pct__median,1,LHipAngles_ax3_tpeak_vel_pct__median,0.0
25,RHipAngles_ax1_rom__median,2,RHipAngles_ax1_rom__median|RHipAngles_ax1_std__median,0.959274193548387
26,RHipAngles_ax1_tmin_pct__median,1,RHipAngles_ax1_tmin_pct__median,0.0
27,RHipAngles_ax1_tmax_pct__median,1,RHipAngles_ax1_tmax_pct__median,0.0
28,RHipAngles_ax1_peak_vel__median,1,RHipAngles_ax1_peak_vel__median,0.0
29,RHipAngles_ax1_vel_rms__median,1,RHipAngles_ax1_vel_rms__median,0.0
30,RHipAngles_ax2_min__median,1,RHipAngles_ax2_min__median,0.0
31,RHipAngles_ax2_max__median,1,RHipAngles_ax2_max__median,0.0
32,RHipAngles_ax2_mean__median,2,RHipAngles_ax2_mean__median|RHipAngles_ax2_median__median,0.9814516129032258
33,RHipAngles_ax2_rom__median,2,RHipAngles_ax2_rom__median|RHipAngles_ax2_std__median,0.9024193548387097
34,RHipAngles_ax2_peak_vel__median,1,RHipAngles_ax2_peak_vel__median,0.0
35,RHipAngles_ax2_tpeak_vel_pct__median,1,RHipAngles_ax2_tpeak_vel_pct__median,0.0
36,RHipAngles_ax3_min__median,8,RHipAngles_ax3_min__median|RHipAngles_ax3_max__median|RHipAngles_ax3_mean__median|RKneeAngles_ax2_min__median|RHipAngles_ax3_median__median|RKneeAngles_ax2_max__median|RKneeAngles_ax2_mean__median|RKneeAngles_ax2_median__median,0.9911290322580645
37,RHipAngles_ax3_rom__median,2,RHipAngles_ax3_rom__median|RHipAngles_ax3_std__median,0.942741935483871
38,RHipAngles_ax3_tmin_pct__median,1,RHipAngles_ax3_tmin_pct__median,0.0
39,RHipAngles_ax3_tmax_pct__median,1,RHipAngles_ax3_tmax_pct__median,0.0
40,RHipAngles_ax3_peak_acc__median,4,RHipAngles_ax3_peak_acc__median|RHipAngles_ax3_acc_rms__median|RHipAngles_ax3_peak_vel__median|RHipAngles_ax3_vel_rms__median,0.9721774193548387
41,RHipAngles_ax3_tpeak_vel_pct__median,1,RHipAngles_ax3_tpeak_vel_pct__median,0.0
42,LKneeAngles_ax1_median__median,14,LKneeAngles_ax1_median__median|LKneeAngles_ax1_min__median|LKneeAngles_ax1_mean__median|LKneeAngles_ax1_phase_90_100_mean__median|LKneeAngles_ax1_phase_50_60_mean__median|LKneeAngles_ax1_phase_10_20_min__median|LKneeAngles_ax1_phase_0_10_min__median|LKneeAngles_ax1_phase_0_10_max__median|LKneeAngles_ax1_phase_0_10_mean__median|LKneeAngles_ax1_phase_90_100_min__median|LKneeAngles_ax1_phase_50_60_min__median|LKneeAngles_ax1_phase_40_50_min__median|LKneeAngles_ax1_phase_60_70_min__median|LKneeAngles_ax1_phase_50_60_max__median,0.9818548387096774
43,LKneeAngles_ax1_max__median,1,LKneeAngles_ax1_max__median,0.0
44,LKneeAngles_ax1_std__median,1,LKneeAngles_ax1_std__median,0.0
45,LKneeAngles_ax1_rom__median,1,LKneeAngles_ax1_rom__median,0.0
46,LKneeAngles_ax1_tmin_pct__median,1,LKneeAngles_ax1_tmin_pct__median,0.0
47,LKneeAngles_ax1_peak_vel__median,1,LKneeAngles_ax1_peak_vel__median,0.0
48,LKneeAngles_ax1_vel_rms__median,1,LKneeAngles_ax1_vel_rms__median,0.0
49,LKneeAngles_ax1_peak_acc__median,1,LKneeAngles_ax1_peak_acc__median,0.0
50,LKneeAngles_ax1_acc_rms__median,1,LKneeAngles_ax1_acc_rms__median,0.0
51,LKneeAngles_ax2_rom__median,4,LKneeAngles_ax2_rom__median|LKneeAngles_ax2_peak_vel__median|LKneeAngles_ax2_vel_rms__median|LKneeAngles_ax2_std__median,0.9552419354838709
52,LKneeAngles_ax2_tmin_pct__median,1,LKneeAngles_ax2_tmin_pct__median,0.0
53,LKneeAngles_ax2_tmax_pct__median,1,LKneeAngles_ax2_tmax_pct__median,0.0
54,LKneeAngles_ax2_tpeak_vel_pct__median,1,LKneeAngles_ax2_tpeak_vel_pct__median,0.0
55,LKneeAngles_ax2_peak_acc__median,2,LKneeAngles_ax2_peak_acc__median|LKneeAngles_ax2_acc_rms__median,0.9661290322580646
56,LKneeAngles_ax3_max__median,4,LKneeAngles_ax3_max__median|LKneeAngles_ax3_mean__median|LKneeAngles_ax3_min__median|LKneeAngles_ax3_median__median,0.9806451612903225
57,LKneeAngles_ax3_rom__median,2,LKneeAngles_ax3_rom__median|LKneeAngles_ax3_std__median,0.9112903225806451
58,LKneeAngles_ax3_tmin_pct__median,1,LKneeAngles_ax3_tmin_pct__median,0.0
59,LKneeAngles_ax3_tmax_pct__median,1,LKneeAngles_ax3_tmax_pct__median,0.0
60,LKneeAngles_ax3_peak_vel__median,2,LKneeAngles_ax3_peak_vel__median|LKneeAngles_ax3_vel_rms__median,0.9471774193548387
61,LKneeAngles_ax3_tpeak_vel_pct__median,1,LKneeAngles_ax3_tpeak_vel_pct__median,0.0
62,LKneeAngles_ax3_peak_acc__median,2,LKneeAngles_ax3_peak_acc__median|LKneeAngles_ax3_acc_rms__median,0.964516129032258
63,RKneeAngles_ax1_min__median,1,RKneeAngles_ax1_min__median,0.0
64,RKneeAngles_ax1_max__median,1,RKneeAngles_ax1_max__median,0.0
65,RKneeAngles_ax1_median__median,2,RKneeAngles_ax1_median__median|RKneeAngles_ax1_mean__median,0.9467741935483871
66,RKneeAngles_ax1_std__median,1,RKneeAngles_ax1_std__median,0.0
67,RKneeAngles_ax1_rom__median,1,RKneeAngles_ax1_rom__median,0.0
68,RKneeAngles_ax1_tmin_pct__median,1,RKneeAngles_ax1_tmin_pct__median,0.0
69,RKneeAngles_ax1_tpeak_vel_pct__median,1,RKneeAngles_ax1_tpeak_vel_pct__median,0.0
70,RKneeAngles_ax2_rom__median,2,RKneeAngles_ax2_rom__median|RKneeAngles_ax2_std__median,0.9786290322580645
71,RKneeAngles_ax2_tmin_pct__median,1,RKneeAngles_ax2_tmin_pct__median,0.0
72,RKneeAngles_ax2_tmax_pct__median,1,RKneeAngles_ax2_tmax_pct__median,0.0
73,RKneeAngles_ax2_peak_vel__median,2,RKneeAngles_ax2_peak_vel__median|RKneeAngles_ax2_vel_rms__median,0.932258064516129
74,RKneeAngles_ax2_tpeak_vel_pct__median,1,RKneeAngles_ax2_tpeak_vel_pct__median,0.0
75,RKneeAngles_ax2_peak_acc__median,2,RKneeAngles_ax2_peak_acc__median|RKneeAngles_ax2_acc_rms__median,0.975
76,RKneeAngles_ax3_max__median,4,RKneeAngles_ax3_max__median|RKneeAngles_ax3_mean__median|RKneeAngles_ax3_median__median|RKneeAngles_ax3_min__median,0.9935483870967742
77,RKneeAngles_ax3_std__median,1,RKneeAngles_ax3_std__median,0.0
78,RKneeAngles_ax3_rom__median,1,RKneeAngles_ax3_rom__median,0.0
79,RKneeAngles_ax3_tmin_pct__median,1,RKneeAngles_ax3_tmin_pct__median,0.0
80,RKneeAngles_ax3_tmax_pct__median,1,RKneeAngles_ax3_tmax_pct__median,0.0
81,RKneeAngles_ax3_peak_vel__median,2,RKneeAngles_ax3_peak_vel__median|RKneeAngles_ax3_vel_rms__median,0.9379032258064516
82,RKneeAngles_ax3_tpeak_vel_pct__median,1,RKneeAngles_ax3_tpeak_vel_pct__median,0.0
83,RKneeAngles_ax3_peak_acc__median,2,RKneeAngles_ax3_peak_acc__median|RKneeAngles_ax3_acc_rms__median,0.9620967741935483
84,LAnkleAngles_ax1_min__median,2,LAnkleAngles_ax1_min__median|LAbsAnkleAngle_ax1_min__median,0.969758064516129
85,LAnkleAngles_ax1_max__median,2,LAnkleAngles_ax1_max__median|LAbsAnkleAngle_ax1_max__median,0.9334677419354839
86,LAbsAnkleAngle_ax1_mean__median,4,LAbsAnkleAngle_ax1_mean__median|LAnkleAngles_ax1_median__median|LAnkleAngles_ax1_mean__median|LAbsAnkleAngle_ax1_median__median,0.9887096774193549
87,LAnkleAngles_ax1_rom__median,4,LAnkleAngles_ax1_rom__median|LAbsAnkleAngle_ax1_rom__median|LAnkleAngles_ax1_std__median|LAbsAnkleAngle_ax1_std__median,0.9669354838709677
88,LAnkleAngles_ax1_tmax_pct__median,2,LAnkleAngles_ax1_tmax_pct__median|LAbsAnkleAngle_ax1_tmax_pct__median,0.9541201938777393
89,LAnkleAngles_ax1_peak_vel__median,4,LAnkleAngles_ax1_peak_vel__median|LAbsAnkleAngle_ax1_peak_vel__median|LAnkleAngles_ax1_vel_rms__median|LAbsAnkleAngle_ax1_vel_rms__median,0.9508064516129032
90,LAnkleAngles_ax1_peak_acc__median,7,LAnkleAngles_ax1_peak_acc__median|LAbsAnkleAngle_ax1_peak_acc__median|LFootProgressAngles_ax1_peak_acc__median|LAnkleAngles_ax1_acc_rms__median|LAbsAnkleAngle_ax1_acc_rms__median|LFootProgressAngles_ax1_acc_rms__median|LFootProgressAngles_ax1_vel_rms__median,0.9415322580645161
91,LAnkleAngles_ax3_min__median,8,LAnkleAngles_ax3_min__median|LAnkleAngles_ax3_max__median|LAnkleAngles_ax3_mean__median|LAnkleAngles_ax3_median__median|LAnkleAngles_ax2_min__median|LAnkleAngles_ax2_mean__median|LAnkleAngles_ax2_median__median|LAnkleAngles_ax2_max__median,0.9959677419354839
92,LAnkleAngles_ax2_rom__median,6,LAnkleAngles_ax2_rom__median|LAnkleAngles_ax2_peak_acc__median|LAnkleAngles_ax2_acc_rms__median|LAnkleAngles_ax2_peak_vel__median|LAnkleAngles_ax2_vel_rms__median|LAnkleAngles_ax2_std__median,0.9745967741935484
93,LAnkleAngles_ax2_tmin_pct__median,1,LAnkleAngles_ax2_tmin_pct__median,0.0
94,LAnkleAngles_ax2_tmax_pct__median,1,LAnkleAngles_ax2_tmax_pct__median,0.0
95,LAnkleAngles_ax2_tpeak_vel_pct__median,1,LAnkleAngles_ax2_tpeak_vel_pct__median,0.0
96,LAnkleAngles_ax3_rom__median,2,LAnkleAngles_ax3_rom__median|LAnkleAngles_ax3_std__median,0.9326612903225806
97,LAnkleAngles_ax3_peak_vel__median,2,LAnkleAngles_ax3_peak_vel__median|LAnkleAngles_ax3_vel_rms__median,0.9467741935483871
98,LAnkleAngles_ax3_tpeak_vel_pct__median,1,LAnkleAngles_ax3_tpeak_vel_pct__median,0.0
99,LAnkleAngles_ax3_peak_acc__median,2,LAnkleAngles_ax3_peak_acc__median|LAnkleAngles_ax3_acc_rms__median,0.9528225806451613
100,RAnkleAngles_ax1_min__median,2,RAnkleAngles_ax1_min__median|RAbsAnkleAngle_ax1_min__median,0.9870967741935484
101,RAnkleAngles_ax1_max__median,2,RAnkleAngles_ax1_max__median|RAbsAnkleAngle_ax1_max__median,0.9620967741935483
102,RAnkleAngles_ax1_mean__median,2,RAnkleAngles_ax1_mean__median|RAbsAnkleAngle_ax1_mean__median,0.9814516129032258
103,RAnkleAngles_ax1_median__median,2,RAnkleAngles_ax1_median__median|RAbsAnkleAngle_ax1_median__median,0.9923387096774193
104,RAnkleAngles_ax1_rom__median,6,RAnkleAngles_ax1_rom__median|RAbsAnkleAngle_ax1_rom__median|RAnkleAngles_ax1_vel_rms__median|RAbsAnkleAngle_ax1_vel_rms__median|RAnkleAngles_ax1_std__median|RAbsAnkleAngle_ax1_std__median,0.9745967741935484
105,RAbsAnkleAngle_ax1_tmax_pct__median,2,RAbsAnkleAngle_ax1_tmax_pct__median|RAnkleAngles_ax1_tmax_pct__median,0.9281208468595213
106,RAnkleAngles_ax1_peak_vel__median,3,RAnkleAngles_ax1_peak_vel__median|RAbsAnkleAngle_ax1_peak_vel__median|RFootProgressAngles_ax1_peak_vel__median,0.9637096774193549
107,RAbsAnkleAngle_ax1_peak_acc__median,5,RAbsAnkleAngle_ax1_peak_acc__median|RFootProgressAngles_ax1_peak_acc__median|RAnkleAngles_ax1_peak_acc__median|RAnkleAngles_ax1_acc_rms__median|RAbsAnkleAngle_ax1_acc_rms__median,0.9600806451612903
108,RAnkleAngles_ax3_max__median,8,RAnkleAngles_ax3_max__median|RAnkleAngles_ax3_mean__median|RAnkleAngles_ax3_min__median|RAnkleAngles_ax3_median__median|RAnkleAngles_ax2_min__median|RAnkleAngles_ax2_max__median|RAnkleAngles_ax2_mean__median|RAnkleAngles_ax2_median__median,0.9854838709677419
109,RAnkleAngles_ax2_rom__median,4,RAnkleAngles_ax2_rom__median|RAnkleAngles_ax2_peak_vel__median|RAnkleAngles_ax2_vel_rms__median|RAnkleAngles_ax2_std__median,0.975
110,RAnkleAngles_ax2_tmin_pct__median,2,RAnkleAngles_ax2_tmin_pct__median|RAnkleAngles_ax3_tmax_pct__median,0.9970501939157271
111,RAnkleAngles_ax2_tmax_pct__median,1,RAnkleAngles_ax2_tmax_pct__median,0.0
112,RAnkleAngles_ax3_tpeak_vel_pct__median,2,RAnkleAngles_ax3_tpeak_vel_pct__median|RAnkleAngles_ax2_tpeak_vel_pct__median,0.9106727784087322
113,RAnkleAngles_ax2_peak_acc__median,2,RAnkleAngles_ax2_peak_acc__median|RAnkleAngles_ax2_acc_rms__median,0.9383064516129033
114,RAnkleAngles_ax3_rom__median,2,RAnkleAngles_ax3_rom__median|RAnkleAngles_ax3_std__median,0.9524193548387097
115,RAnkleAngles_ax3_peak_vel__median,2,RAnkleAngles_ax3_peak_vel__median|RAnkleAngles_ax3_vel_rms__median,0.9649193548387097
116,RAnkleAngles_ax3_peak_acc__median,2,RAnkleAngles_ax3_peak_acc__median|RAnkleAngles_ax3_acc_rms__median,0.9625
117,LFootProgressAngles_ax1_min__median,1,LFootProgressAngles_ax1_min__median,0.0
118,LFootProgressAngles_ax1_max__median,1,LFootProgressAngles_ax1_max__median,0.0
119,LFootProgressAngles_ax1_mean__median,1,LFootProgressAngles_ax1_mean__median,0.0
120,LFootProgressAngles_ax1_median__median,1,LFootProgressAngles_ax1_median__median,0.0
121,LFootProgressAngles_ax1_std__median,1,LFootProgressAngles_ax1_std__median,0.0
122,LFootProgressAngles_ax1_rom__median,1,LFootProgressAngles_ax1_rom__median,0.0
123,LFootProgressAngles_ax1_tmin_pct__median,1,LFootProgressAngles_ax1_tmin_pct__median,0.0
124,LFootProgressAngles_ax1_peak_vel__median,1,LFootProgressAngles_ax1_peak_vel__median,0.0
125,LFootProgressAngles_ax2_min__median,1,LFootProgressAngles_ax2_min__median,0.0
126,LFootProgressAngles_ax2_rom__median,5,LFootProgressAngles_ax2_rom__median|LFootProgressAngles_ax2_peak_vel__median|LFootProgressAngles_ax2_vel_rms__median|LFootProgressAngles_ax2_max__median|LFootProgressAngles_ax2_std__median,0.9721774193548387
127,LFootProgressAngles_ax2_mean__median,1,LFootProgressAngles_ax2_mean__median,0.0
128,LFootProgressAngles_ax2_median__median,1,LFootProgressAngles_ax2_median__median,0.0
129,LFootProgressAngles_ax2_tmin_pct__median,1,LFootProgressAngles_ax2_tmin_pct__median,0.0
130,LFootProgressAngles_ax2_tmax_pct__median,1,LFootProgressAngles_ax2_tmax_pct__median,0.0
131,LFootProgressAngles_ax2_tpeak_vel_pct__median,1,LFootProgressAngles_ax2_tpeak_vel_pct__median,0.0
132,LFootProgressAngles_ax2_peak_acc__median,2,LFootProgressAngles_ax2_peak_acc__median|LFootProgressAngles_ax2_acc_rms__median,0.9516129032258065
133,LFootProgressAngles_ax3_min__median,1,LFootProgressAngles_ax3_min__median,0.0
134,LFootProgressAngles_ax3_mean__median,3,LFootProgressAngles_ax3_mean__median|LFootProgressAngles_ax3_median__median|LFootProgressAngles_ax3_max__median,0.9790322580645161
135,LFootProgressAngles_ax3_rom__median,2,LFootProgressAngles_ax3_rom__median|LFootProgressAngles_ax3_std__median,0.9504032258064516
136,LFootProgressAngles_ax3_tmin_pct__median,1,LFootProgressAngles_ax3_tmin_pct__median,0.0
137,LFootProgressAngles_ax3_tmax_pct__median,1,LFootProgressAngles_ax3_tmax_pct__median,0.0
138,LFootProgressAngles_ax3_peak_vel__median,2,LFootProgressAngles_ax3_peak_vel__median|LFootProgressAngles_ax3_vel_rms__median,0.927016129032258
139,LFootProgressAngles_ax3_tpeak_vel_pct__median,1,LFootProgressAngles_ax3_tpeak_vel_pct__median,0.0
140,LFootProgressAngles_ax3_peak_acc__median,1,LFootProgressAngles_ax3_peak_acc__median,0.0
141,LFootProgressAngles_ax3_acc_rms__median,1,LFootProgressAngles_ax3_acc_rms__median,0.0
142,RFootProgressAngles_ax1_min__median,1,RFootProgressAngles_ax1_min__median,0.0
143,RFootProgressAngles_ax1_max__median,1,RFootProgressAngles_ax1_max__median,0.0
144,RFootProgressAngles_ax1_mean__median,1,RFootProgressAngles_ax1_mean__median,0.0
145,RFootProgressAngles_ax1_median__median,1,RFootProgressAngles_ax1_median__median,0.0
146,RFootProgressAngles_ax1_std__median,1,RFootProgressAngles_ax1_std__median,0.0
147,RFootProgressAngles_ax1_rom__median,1,RFootProgressAngles_ax1_rom__median,0.0
148,RFootProgressAngles_ax1_tmin_pct__median,1,RFootProgressAngles_ax1_tmin_pct__median,0.0
149,RFootProgressAngles_ax1_acc_rms__median,2,RFootProgressAngles_ax1_acc_rms__median|RFootProgressAngles_ax1_vel_rms__median,0.9116935483870968
150,RFootProgressAngles_ax2_min__median,1,RFootProgressAngles_ax2_min__median,0.0
151,RFootProgressAngles_ax2_max__median,1,RFootProgressAngles_ax2_max__median,0.0
152,RFootProgressAngles_ax2_mean__median,1,RFootProgressAngles_ax2_mean__median,0.0
153,RFootProgressAngles_ax2_median__median,1,RFootProgressAngles_ax2_median__median,0.0
154,RFootProgressAngles_ax2_rom__median,6,RFootProgressAngles_ax2_rom__median|RFootProgressAngles_ax2_peak_acc__median|RFootProgressAngles_ax2_acc_rms__median|RFootProgressAngles_ax2_peak_vel__median|RFootProgressAngles_ax2_vel_rms__median|RFootProgressAngles_ax2_std__median,0.9862903225806452
155,RFootProgressAngles_ax2_tmin_pct__median,1,RFootProgressAngles_ax2_tmin_pct__median,0.0
156,RFootProgressAngles_ax2_tmax_pct__median,1,RFootProgressAngles_ax2_tmax_pct__median,0.0
157,RFootProgressAngles_ax2_tpeak_vel_pct__median,1,RFootProgressAngles_ax2_tpeak_vel_pct__median,0.0
158,RFootProgressAngles_ax3_min__median,1,RFootProgressAngles_ax3_min__median,0.0
159,RFootProgressAngles_ax3_median__median,3,RFootProgressAngles_ax3_median__median|RFootProgressAngles_ax3_mean__median|RFootProgressAngles_ax3_max__median,0.9689516129032258
160,RFootProgressAngles_ax3_rom__median,4,RFootProgressAngles_ax3_rom__median|RFootProgressAngles_ax3_peak_vel__median|RFootProgressAngles_ax3_vel_rms__median|RFootProgressAngles_ax3_std__median,0.9625
161,RFootProgressAngles_ax3_tmin_pct__median,1,RFootProgressAngles_ax3_tmin_pct__median,0.0
162,RFootProgressAngles_ax3_tmax_pct__median,1,RFootProgressAngles_ax3_tmax_pct__median,0.0
163,RFootProgressAngles_ax3_tpeak_vel_pct__median,1,RFootProgressAngles_ax3_tpeak_vel_pct__median,0.0
164,RFootProgressAngles_ax3_peak_acc__median,2,RFootProgressAngles_ax3_peak_acc__median|RFootProgressAngles_ax3_acc_rms__median,0.9354838709677419
165,cycle_duration_s__median,3,cycle_duration_s__median|stance_duration_s__median|swing_duration_s__median,0.9550815661218125
166,opposite_foot_off_pct__median,3,opposite_foot_off_pct__median|swing_pct__median|stance_pct__median,1.0
167,mid_stance_pct__median,1,mid_stance_pct__median,0.0
168,LASI_path3d__median,31,LASI_path3d__median|LKJC_ax1_excursion__median|LPSI_path3d__median|CentreOfMass_path3d__median|LHJC_path3d__median|LASI_ax1_excursion__median|LKJC_path3d__median|RTOE_path3d__median|LHJC_ax1_excursion__median|RAJC_ax1_excursion__median|RHJC_path3d__median|LAJC_ax1_excursion__median|RPSI_path3d__median|LPSI_ax1_excursion__median|CentreOfMassFloor_path3d__median|RKJC_ax1_excursion__median|CentreOfMass_ax1_excursion__median|RTOE_ax1_excursion__median|RHEE_ax1_excursion__median|LTOE_ax1_excursion__median|LHEE_ax1_excursion__median|RASI_path3d__median|LAJC_path3d__median|RPSI_ax1_excursion__median|RHJC_ax1_excursion__median|RASI_ax1_excursion__median|RAJC_path3d__median|LTOE_path3d__median|RKJC_path3d__median|RHEE_path3d__median|LHEE_path3d__median,0.9995967741935484
169,LASI_ax2_excursion__median,4,LASI_ax2_excursion__median|RASI_ax2_excursion__median|LHJC_ax2_excursion__median|RHJC_ax2_excursion__median,0.9907258064516129
170,LASI_ax3_excursion__median,6,LASI_ax3_excursion__median|RASI_ax3_excursion__median|RHJC_ax3_excursion__median|RPSI_ax3_excursion__median|LHJC_ax3_excursion__median|CentreOfMass_ax3_excursion__median,0.9701612903225807
171,RPSI_ax2_excursion__median,2,RPSI_ax2_excursion__median|LPSI_ax2_excursion__median,0.9883064516129032
172,LPSI_ax3_excursion__median,1,LPSI_ax3_excursion__median,0.0
173,LKJC_ax2_excursion__median,1,LKJC_ax2_excursion__median,0.0
174,LKJC_ax3_excursion__median,1,LKJC_ax3_excursion__median,0.0
175,RKJC_ax2_excursion__median,1,RKJC_ax2_excursion__median,0.0
176,RKJC_ax3_excursion__median,1,RKJC_ax3_excursion__median,0.0
177,LAJC_ax2_excursion__median,1,LAJC_ax2_excursion__median,0.0
178,LAJC_ax3_excursion__median,1,LAJC_ax3_excursion__median,0.0
179,RAJC_ax2_excursion__median,1,RAJC_ax2_excursion__median,0.0
180,RAJC_ax3_excursion__median,1,RAJC_ax3_excursion__median,0.0
181,LHEE_ax2_excursion__median,1,LHEE_ax2_excursion__median,0.0
182,RHEE_ax3_excursion__median,2,RHEE_ax3_excursion__median|LHEE_ax3_excursion__median,0.9439516129032258
183,RHEE_ax2_excursion__median,1,RHEE_ax2_excursion__median,0.0
184,LTOE_ax2_excursion__median,1,LTOE_ax2_excursion__median,0.0
185,LTOE_ax3_excursion__median,1,LTOE_ax3_excursion__median,0.0
186,RTOE_ax2_excursion__median,1,RTOE_ax2_excursion__median,0.0
187,RTOE_ax3_excursion__median,1,RTOE_ax3_excursion__median,0.0
188,CentreOfMass_ax2_excursion__median,1,CentreOfMass_ax2_excursion__median,0.0
189,LHipAngles_ax1_phase_0_10_rom__median,1,LHipAngles_ax1_phase_0_10_rom__median,0.0
190,LHipAngles_ax1_phase_10_20_rom__median,1,LHipAngles_ax1_phase_10_20_rom__median,0.0
191,LHipAngles_ax1_phase_30_40_rom__median,1,LHipAngles_ax1_phase_30_40_rom__median,0.0
192,LHipAngles_ax1_phase_40_50_rom__median,1,LHipAngles_ax1_phase_40_50_rom__median,0.0
193,LHipAngles_ax1_phase_50_60_rom__median,1,LHipAngles_ax1_phase_50_60_rom__median,0.0
194,LHipAngles_ax1_phase_70_80_rom__median,1,LHipAngles_ax1_phase_70_80_rom__median,0.0
195,LHipAngles_ax1_phase_80_90_rom__median,1,LHipAngles_ax1_phase_80_90_rom__median,0.0
196,LHipAngles_ax1_phase_90_100_rom__median,1,LHipAngles_ax1_phase_90_100_rom__median,0.0
197,RHipAngles_ax1_phase_0_10_rom__median,1,RHipAngles_ax1_phase_0_10_rom__median,0.0
198,RHipAngles_ax1_phase_20_30_rom__median,1,RHipAngles_ax1_phase_20_30_rom__median,0.0
199,RHipAngles_ax1_phase_30_40_rom__median,1,RHipAngles_ax1_phase_30_40_rom__median,0.0
200,RHipAngles_ax1_phase_40_50_rom__median,1,RHipAngles_ax1_phase_40_50_rom__median,0.0
201,RHipAngles_ax1_phase_50_60_rom__median,1,RHipAngles_ax1_phase_50_60_rom__median,0.0
202,RHipAngles_ax1_phase_60_70_rom__median,1,RHipAngles_ax1_phase_60_70_rom__median,0.0
203,RHipAngles_ax1_phase_70_80_rom__median,1,RHipAngles_ax1_phase_70_80_rom__median,0.0
204,RHipAngles_ax1_phase_80_90_rom__median,1,RHipAngles_ax1_phase_80_90_rom__median,0.0
205,RHipAngles_ax1_phase_90_100_rom__median,1,RHipAngles_ax1_phase_90_100_rom__median,0.0
206,LKneeAngles_ax1_phase_0_10_rom__median,1,LKneeAngles_ax1_phase_0_10_rom__median,0.0
207,LKneeAngles_ax1_phase_10_20_mean__median,1,LKneeAngles_ax1_phase_10_20_mean__median,0.0
208,LKneeAngles_ax1_phase_20_30_rom__median,1,LKneeAngles_ax1_phase_20_30_rom__median,0.0
209,LKneeAngles_ax1_phase_30_40_rom__median,1,LKneeAngles_ax1_phase_30_40_rom__median,0.0
210,LKneeAngles_ax1_phase_40_50_mean__median,1,LKneeAngles_ax1_phase_40_50_mean__median,0.0
211,LKneeAngles_ax1_phase_50_60_rom__median,1,LKneeAngles_ax1_phase_50_60_rom__median,0.0
212,LKneeAngles_ax1_phase_60_70_rom__median,1,LKneeAngles_ax1_phase_60_70_rom__median,0.0
213,LKneeAngles_ax1_phase_70_80_rom__median,1,LKneeAngles_ax1_phase_70_80_rom__median,0.0
214,LKneeAngles_ax1_phase_80_90_rom__median,2,LKneeAngles_ax1_phase_80_90_rom__median|RKneeAngles_ax1_phase_30_40_rom__median,0.9092741935483871
215,RKneeAngles_ax1_phase_10_20_min__median,5,RKneeAngles_ax1_phase_10_20_min__median|RKneeAngles_ax1_phase_0_10_max__median|RKneeAngles_ax1_phase_0_10_mean__median|RKneeAngles_ax1_phase_0_10_min__median|RKneeAngles_ax1_phase_90_100_min__median,0.9838709677419355
216,RKneeAngles_ax1_phase_0_10_rom__median,1,RKneeAngles_ax1_phase_0_10_rom__median,0.0
217,RKneeAngles_ax1_phase_20_30_rom__median,1,RKneeAngles_ax1_phase_20_30_rom__median,0.0
218,RKneeAngles_ax1_phase_40_50_mean__median,1,RKneeAngles_ax1_phase_40_50_mean__median,0.0
219,RKneeAngles_ax1_phase_50_60_min__median,5,RKneeAngles_ax1_phase_50_60_min__median|RKneeAngles_ax1_phase_40_50_min__median|RKneeAngles_ax1_phase_50_60_max__median|RKneeAngles_ax1_phase_60_70_min__median|RKneeAngles_ax1_phase_50_60_mean__median,0.9879032258064516
220,RKneeAngles_ax1_phase_50_60_rom__median,1,RKneeAngles_ax1_phase_50_60_rom__median,0.0
221,RKneeAngles_ax1_phase_70_80_rom__median,1,RKneeAngles_ax1_phase_70_80_rom__median,0.0
222,RKneeAngles_ax1_phase_90_100_mean__median,1,RKneeAngles_ax1_phase_90_100_mean__median,0.0
223,LAnkleAngles_ax1_phase_70_80_min__median,11,LAnkleAngles_ax1_phase_70_80_min__median|LAnkleAngles_ax1_phase_70_80_mean__median|LAnkleAngles_ax1_phase_90_100_max__median|LAnkleAngles_ax1_phase_0_10_max__median|LAnkleAngles_ax1_phase_90_100_mean__median|LAnkleAngles_ax1_phase_90_100_min__median|LAnkleAngles_ax1_phase_0_10_mean__median|LAnkleAngles_ax1_phase_80_90_max__median|LAnkleAngles_ax1_phase_70_80_max__median|LAnkleAngles_ax1_phase_80_90_mean__median|LAnkleAngles_ax1_phase_80_90_min__median,0.9903225806451613
224,LAnkleAngles_ax1_phase_0_10_min__median,1,LAnkleAngles_ax1_phase_0_10_min__median,0.0
225,LAnkleAngles_ax1_phase_0_10_rom__median,1,LAnkleAngles_ax1_phase_0_10_rom__median,0.0
226,LAnkleAngles_ax1_phase_10_20_mean__median,1,LAnkleAngles_ax1_phase_10_20_mean__median,0.0
227,LAnkleAngles_ax1_phase_10_20_min__median,1,LAnkleAngles_ax1_phase_10_20_min__median,0.0
228,LAnkleAngles_ax1_phase_10_20_max__median,1,LAnkleAngles_ax1_phase_10_20_max__median,0.0
229,LAnkleAngles_ax1_phase_10_20_rom__median,1,LAnkleAngles_ax1_phase_10_20_rom__median,0.0
230,LAnkleAngles_ax1_phase_50_60_max__median,9,LAnkleAngles_ax1_phase_50_60_max__median|LAnkleAngles_ax1_phase_50_60_mean__median|LAnkleAngles_ax1_phase_40_50_max__median|LAnkleAngles_ax1_phase_40_50_mean__median|LAnkleAngles_ax1_phase_40_50_min__median|LAnkleAngles_ax1_phase_30_40_max__median|LAnkleAngles_ax1_phase_30_40_mean__median|LAnkleAngles_ax1_phase_30_40_min__median|LAnkleAngles_ax1_phase_20_30_max__median,0.9838709677419355
231,LAnkleAngles_ax1_phase_30_40_rom__median,1,LAnkleAngles_ax1_phase_30_40_rom__median,0.0
232,LAnkleAngles_ax1_phase_40_50_rom__median,1,LAnkleAngles_ax1_phase_40_50_rom__median,0.0
233,LAnkleAngles_ax1_phase_50_60_min__median,1,LAnkleAngles_ax1_phase_50_60_min__median,0.0
234,LAnkleAngles_ax1_phase_50_60_rom__median,1,LAnkleAngles_ax1_phase_50_60_rom__median,0.0
235,LAnkleAngles_ax1_phase_60_70_min__median,2,LAnkleAngles_ax1_phase_60_70_min__median|LAnkleAngles_ax1_phase_60_70_mean__median,0.9346774193548387
236,LAnkleAngles_ax1_phase_60_70_max__median,1,LAnkleAngles_ax1_phase_60_70_max__median,0.0
237,LAnkleAngles_ax1_phase_60_70_rom__median,1,LAnkleAngles_ax1_phase_60_70_rom__median,0.0
238,LAnkleAngles_ax1_phase_70_80_rom__median,1,LAnkleAngles_ax1_phase_70_80_rom__median,0.0
239,LAnkleAngles_ax1_phase_80_90_rom__median,1,LAnkleAngles_ax1_phase_80_90_rom__median,0.0
240,LAnkleAngles_ax1_phase_90_100_rom__median,1,LAnkleAngles_ax1_phase_90_100_rom__median,0.0
241,RAnkleAngles_ax1_phase_90_100_max__median,7,RAnkleAngles_ax1_phase_90_100_max__median|RAnkleAngles_ax1_phase_0_10_max__median|RAnkleAngles_ax1_phase_0_10_mean__median|RAnkleAngles_ax1_phase_90_100_mean__median|RAnkleAngles_ax1_phase_0_10_min__median|RAnkleAngles_ax1_phase_90_100_min__median|RAnkleAngles_ax1_phase_80_90_max__median,0.980241935483871
242,RAnkleAngles_ax1_phase_0_10_rom__median,1,RAnkleAngles_ax1_phase_0_10_rom__median,0.0
243,RAnkleAngles_ax1_phase_10_20_mean__median,1,RAnkleAngles_ax1_phase_10_20_mean__median,0.0
244,RAnkleAngles_ax1_phase_20_30_min__median,12,RAnkleAngles_ax1_phase_20_30_min__median|RAnkleAngles_ax1_phase_20_30_mean__median|RAnkleAngles_ax1_phase_10_20_min__median|RAnkleAngles_ax1_phase_50_60_mean__median|RAnkleAngles_ax1_phase_50_60_max__median|RAnkleAngles_ax1_phase_40_50_max__median|RAnkleAngles_ax1_phase_20_30_max__median|RAnkleAngles_ax1_phase_40_50_mean__median|RAnkleAngles_ax1_phase_30_40_min__median|RAnkleAngles_ax1_phase_30_40_mean__median|RAnkleAngles_ax1_phase_40_50_min__median|RAnkleAngles_ax1_phase_30_40_max__median,0.9818548387096774
245,RAnkleAngles_ax1_phase_10_20_max__median,1,RAnkleAngles_ax1_phase_10_20_max__median,0.0
246,RAnkleAngles_ax1_phase_10_20_rom__median,1,RAnkleAngles_ax1_phase_10_20_rom__median,0.0
247,RAnkleAngles_ax1_phase_20_30_rom__median,1,RAnkleAngles_ax1_phase_20_30_rom__median,0.0
248,RAnkleAngles_ax1_phase_30_40_rom__median,1,RAnkleAngles_ax1_phase_30_40_rom__median,0.0
249,RAnkleAngles_ax1_phase_40_50_rom__median,1,RAnkleAngles_ax1_phase_40_50_rom__median,0.0
250,RAnkleAngles_ax1_phase_50_60_min__median,1,RAnkleAngles_ax1_phase_50_60_min__median,0.0
251,RAnkleAngles_ax1_phase_50_60_rom__median,1,RAnkleAngles_ax1_phase_50_60_rom__median,0.0
252,RAnkleAngles_ax1_phase_70_80_min__median,5,RAnkleAngles_ax1_phase_70_80_min__median|RAnkleAngles_ax1_phase_60_70_min__median|RAnkleAngles_ax1_phase_70_80_mean__median|RAnkleAngles_ax1_phase_60_70_mean__median|RAnkleAngles_ax1_phase_70_80_max__median,0.9560483870967742
253,RAnkleAngles_ax1_phase_60_70_max__median,1,RAnkleAngles_ax1_phase_60_70_max__median,0.0
254,RAnkleAngles_ax1_phase_60_70_rom__median,1,RAnkleAngles_ax1_phase_60_70_rom__median,0.0
255,RAnkleAngles_ax1_phase_70_80_rom__median,1,RAnkleAngles_ax1_phase_70_80_rom__median,0.0
256,RAnkleAngles_ax1_phase_80_90_min__median,2,RAnkleAngles_ax1_phase_80_90_min__median|RAnkleAngles_ax1_phase_80_90_mean__median,0.9129032258064517
257,RAnkleAngles_ax1_phase_80_90_rom__median,1,RAnkleAngles_ax1_phase_80_90_rom__median,0.0
258,RAnkleAngles_ax1_phase_90_100_rom__median,1,RAnkleAngles_ax1_phase_90_100_rom__median,0.0
259,coord_left_hip_knee_ax1_corr__median,1,coord_left_hip_knee_ax1_corr__median,0.0
260,coord_left_knee_ankle_ax1_corr__median,1,coord_left_knee_ankle_ax1_corr__median,0.0
261,coord_left_knee_ankle_ax1_lag_pct__median,1,coord_left_knee_ankle_ax1_lag_pct__median,0.0
262,coord_right_hip_knee_ax1_corr__median,1,coord_right_hip_knee_ax1_corr__median,0.0
263,coord_right_knee_ankle_ax1_corr__median,1,coord_right_knee_ankle_ax1_corr__median,0.0
264,coord_right_knee_ankle_ax1_lag_pct__median,1,coord_right_knee_ankle_ax1_lag_pct__median,0.0
265,COM_msjerk__median,1,COM_msjerk__median,0.0
266,RKneeAngles_ax1_msjerk__median,2,RKneeAngles_ax1_msjerk__median|LKneeAngles_ax1_msjerk__median,0.9512096774193548
267,sym_HipAngles_ax1_rom_absdiff,1,sym_HipAngles_ax1_rom_absdiff,0.0
268,sym_HipAngles_ax1_rom_si,1,sym_HipAngles_ax1_rom_si,0.0
269,sym_HipAngles_ax1_max_absdiff,1,sym_HipAngles_ax1_max_absdiff,0.0
270,sym_HipAngles_ax1_max_si,1,sym_HipAngles_ax1_max_si,0.0
271,sym_HipAngles_ax1_tmax_pct_absdiff,1,sym_HipAngles_ax1_tmax_pct_absdiff,0.0
272,sym_HipAngles_ax1_tmax_pct_si,1,sym_HipAngles_ax1_tmax_pct_si,0.0
273,sym_KneeAngles_ax1_rom_absdiff,1,sym_KneeAngles_ax1_rom_absdiff,0.0
274,sym_KneeAngles_ax1_rom_si,1,sym_KneeAngles_ax1_rom_si,0.0
275,sym_KneeAngles_ax1_max_absdiff,1,sym_KneeAngles_ax1_max_absdiff,0.0
276,sym_KneeAngles_ax1_max_si,1,sym_KneeAngles_ax1_max_si,0.0
277,sym_KneeAngles_ax1_tmax_pct_absdiff,1,sym_KneeAngles_ax1_tmax_pct_absdiff,0.0
278,sym_KneeAngles_ax1_tmax_pct_si,1,sym_KneeAngles_ax1_tmax_pct_si,0.0
279,sym_AnkleAngles_ax1_rom_absdiff,1,sym_AnkleAngles_ax1_rom_absdiff,0.0
280,sym_AbsAnkleAngle_ax1_rom_si,2,sym_AbsAnkleAngle_ax1_rom_si|sym_AnkleAngles_ax1_rom_si,0.9508064516129032
281,sym_AnkleAngles_ax1_max_absdiff,1,sym_AnkleAngles_ax1_max_absdiff,0.0
282,sym_AnkleAngles_ax1_max_si,1,sym_AnkleAngles_ax1_max_si,0.0
283,sym_AnkleAngles_ax1_tmax_pct_absdiff,1,sym_AnkleAngles_ax1_tmax_pct_absdiff,0.0
284,sym_AnkleAngles_ax1_tmax_pct_si,1,sym_AnkleAngles_ax1_tmax_pct_si,0.0
285,sym_AbsAnkleAngle_ax1_rom_absdiff,1,sym_AbsAnkleAngle_ax1_rom_absdiff,0.0
286,sym_AbsAnkleAngle_ax1_max_absdiff,1,sym_AbsAnkleAngle_ax1_max_absdiff,0.0
287,sym_AbsAnkleAngle_ax1_max_si,1,sym_AbsAnkleAngle_ax1_max_si,0.0
288,sym_AbsAnkleAngle_ax1_tmax_pct_absdiff,1,sym_AbsAnkleAngle_ax1_tmax_pct_absdiff,0.0
289,sym_AbsAnkleAngle_ax1_tmax_pct_si,1,sym_AbsAnkleAngle_ax1_tmax_pct_si,0.0
290,sym_FootProgressAngles_ax1_rom_absdiff,1,sym_FootProgressAngles_ax1_rom_absdiff,0.0
291,sym_FootProgressAngles_ax1_rom_si,1,sym_FootProgressAngles_ax1_rom_si,0.0
292,sym_FootProgressAngles_ax1_max_absdiff,1,sym_FootProgressAngles_ax1_max_absdiff,0.0
293,sym_FootProgressAngles_ax1_max_si,1,sym_FootProgressAngles_ax1_max_si,0.0
294,sym_FootProgressAngles_ax1_tmax_pct_absdiff,1,sym_FootProgressAngles_ax1_tmax_pct_absdiff,0.0
295,sym_FootProgressAngles_ax1_tmax_pct_si,1,sym_FootProgressAngles_ax1_tmax_pct_si,0.0
296,sym_ASI_ax1_excursion_absdiff,4,sym_ASI_ax1_excursion_absdiff|sym_HJC_ax1_excursion_absdiff|sym_ASI_path3d_absdiff|sym_HJC_path3d_absdiff,0.9483870967741935
297,sym_ASI_path3d_si,6,sym_ASI_path3d_si|sym_ASI_ax1_excursion_si|sym_HJC_path3d_si|sym_HJC_ax1_excursion_si|sym_PSI_path3d_si|sym_PSI_ax1_excursion_si,0.9822580645161291
298,sym_KJC_ax1_excursion_absdiff,1,sym_KJC_ax1_excursion_absdiff,0.0
299,sym_KJC_ax1_excursion_si,1,sym_KJC_ax1_excursion_si,0.0
300,sym_KJC_path3d_absdiff,1,sym_KJC_path3d_absdiff,0.0
301,sym_KJC_path3d_si,1,sym_KJC_path3d_si,0.0
302,sym_AJC_ax1_excursion_absdiff,2,sym_AJC_ax1_excursion_absdiff|sym_TOE_ax1_excursion_absdiff,0.9209677419354839
303,sym_TOE_path3d_si,4,sym_TOE_path3d_si|sym_HEE_ax1_excursion_si|sym_AJC_ax1_excursion_si|sym_TOE_ax1_excursion_si,0.9770161290322581
304,sym_AJC_path3d_absdiff,1,sym_AJC_path3d_absdiff,0.0
305,sym_AJC_path3d_si,1,sym_AJC_path3d_si,0.0
306,sym_HEE_ax1_excursion_absdiff,1,sym_HEE_ax1_excursion_absdiff,0.0
307,sym_HEE_path3d_absdiff,1,sym_HEE_path3d_absdiff,0.0
308,sym_HEE_path3d_si,1,sym_HEE_path3d_si,0.0
309,sym_TOE_path3d_absdiff,1,sym_TOE_path3d_absdiff,0.0
310,sym_PSI_ax1_excursion_absdiff,2,sym_PSI_ax1_excursion_absdiff|sym_PSI_path3d_absdiff,0.9048387096774193
311,var_cycle_duration_s_cv,2,var_cycle_duration_s_cv|var_cycle_duration_s_sd,0.9887096774193549
312,var_cycle_duration_s_mad,1,var_cycle_duration_s_mad,0.0
313,var_stance_pct_sd,2,var_stance_pct_sd|var_stance_pct_cv,0.9943548387096774
314,var_stance_pct_mad,1,var_stance_pct_mad,0.0
315,var_LKneeAngles_ax1_rom_sd,2,var_LKneeAngles_ax1_rom_sd|var_LKneeAngles_ax1_rom_cv,0.9883064516129032
316,var_LKneeAngles_ax1_rom_mad,1,var_LKneeAngles_ax1_rom_mad,0.0
317,var_RKneeAngles_ax1_rom_sd,2,var_RKneeAngles_ax1_rom_sd|var_RKneeAngles_ax1_rom_cv,0.9741935483870968
318,var_RKneeAngles_ax1_rom_mad,1,var_RKneeAngles_ax1_rom_mad,0.0
319,var_LHipAngles_ax1_rom_sd,2,var_LHipAngles_ax1_rom_sd|var_LHipAngles_ax1_rom_cv,0.9504032258064516
320,var_LHipAngles_ax1_rom_mad,1,var_LHipAngles_ax1_rom_mad,0.0
321,var_RHipAngles_ax1_rom_sd,2,var_RHipAngles_ax1_rom_sd|var_RHipAngles_ax1_rom_cv,0.9540322580645161
322,var_RHipAngles_ax1_rom_mad,1,var_RHipAngles_ax1_rom_mad,0.0
323,var_LAnkleAngles_ax1_rom_sd,1,var_LAnkleAngles_ax1_rom_sd,0.0
324,var_LAnkleAngles_ax1_rom_cv,1,var_LAnkleAngles_ax1_rom_cv,0.0
325,var_LAnkleAngles_ax1_rom_mad,1,var_LAnkleAngles_ax1_rom_mad,0.0
326,var_RAnkleAngles_ax1_rom_sd,2,var_RAnkleAngles_ax1_rom_sd|var_RAnkleAngles_ax1_rom_cv,0.9153225806451613
327,var_RAnkleAngles_ax1_rom_mad,1,var_RAnkleAngles_ax1_rom_mad,0.0
328,var_LKneeAngles_ax1_tmax_pct_sd,1,var_LKneeAngles_ax1_tmax_pct_sd,0.0
329,var_LKneeAngles_ax1_tmax_pct_cv,1,var_LKneeAngles_ax1_tmax_pct_cv,0.0
330,var_LKneeAngles_ax1_tmax_pct_mad,1,var_LKneeAngles_ax1_tmax_pct_mad,0.0
331,var_RKneeAngles_ax1_tmax_pct_sd,1,var_RKneeAngles_ax1_tmax_pct_sd,0.0
332,var_RKneeAngles_ax1_tmax_pct_cv,1,var_RKneeAngles_ax1_tmax_pct_cv,0.0
333,var_RKneeAngles_ax1_tmax_pct_mad,1,var_RKneeAngles_ax1_tmax_pct_mad,0.0
334,var_CentreOfMass_path3d_sd,2,var_CentreOfMass_path3d_sd|var_CentreOfMass_path3d_cv,0.9758064516129032
335,var_CentreOfMass_path3d_mad,1,var_CentreOfMass_path3d_mad,0.0
