subject_id,channel,victimized,vel_rms,mean_abs_accel,n_extrema
S11,LHipAngles_ax1,N,0.9036186301230482,0.08988557533499268,2.0
S12,LHipAngles_ax1,N,1.007729268059389,0.16703863611249775,5.0
S13,LHipAngles_ax1,Y,1.057362374295783,0.10882429040585159,2.0
S14,LHipAngles_ax1,Y,0.9587153412053244,0.10701040603134007,2.0
S15,LHipAngles_ax1,Y,0.9921191790439544,0.11421948346004616,4.0
S17,LHipAngles_ax1,N,1.03228872224421,0.15540006809985052,6.0
S19,LHipAngles_ax1,Y,1.212809293616051,0.0976164453334299,4.0
S2,LHipAngles_ax1,N,0.9252605675110053,0.11885387550722831,4.0
S23,LHipAngles_ax1,N,0.9319944489040412,0.10284607592124059,5.0
S26,LHipAngles_ax1,Y,0.486878310121851,0.09219263413712393,7.0
S27,LHipAngles_ax1,Y,1.0119047785695359,0.10305648759987886,4.0
S3,LHipAngles_ax1,Y,0.36603315241272993,0.04855736510681781,4.0
S30,LHipAngles_ax1,N,1.194482818250614,0.11449065655535236,6.0
S31,LHipAngles_ax1,Y,1.0089197619959434,0.11089298971035562,6.0
S32,LHipAngles_ax1,Y,1.1634534420182348,0.12147990183792895,4.0
S34,LHipAngles_ax1,Y,0.8832982316762711,0.12170110642118924,6.0
S35,LHipAngles_ax1,N,0.8851531854471189,0.12832519048393098,4.0
S37,LHipAngles_ax1,Y,0.9927000408323561,0.13963119816231537,8.0
S38,LHipAngles_ax1,Y,0.9565854696633295,0.13787936280767885,6.0
S39,LHipAngles_ax1,N,0.45252587597494914,0.0636052944186721,4.0
S4,LHipAngles_ax1,Y,0.9308478594629154,0.09477897250621282,4.0
S40,LHipAngles_ax1,N,1.1222915059570815,0.1176094155137956,2.0
S41,LHipAngles_ax1,N,0.5770956012260606,0.07327422196811902,4.0
S42,LHipAngles_ax1,N,1.0145710798911662,0.08931197031069274,2.0
S43,LHipAngles_ax1,N,1.0775423895164573,0.10144108071269482,2.0
S46,LHipAngles_ax1,Y,0.9073248445857671,0.1573000124636601,6.0
S48,LHipAngles_ax1,N,0.9944931152868245,0.11030625144769676,4.0
S5,LHipAngles_ax1,Y,1.103536800461794,0.11347907538174785,2.0
S7,LHipAngles_ax1,Y,0.9720459700445472,0.11340656317530856,6.0
S8,LHipAngles_ax1,Y,1.1350710413488014,0.12234261770521622,4.0
S9,LHipAngles_ax1,N,0.9991342263692322,0.1047633987391007,4.0
S11,RHipAngles_ax1,N,0.8183883821627143,0.10436963416000938,3.0
S12,RHipAngles_ax1,N,1.0515173445005233,0.10215787038492535,4.0
S13,RHipAngles_ax1,Y,0.9430405869701937,0.0892307015216318,2.0
S14,RHipAngles_ax1,Y,0.8844276757560268,0.10087739712845953,4.0
S15,RHipAngles_ax1,Y,0.9683826646101334,0.11014646377709658,4.0
S17,RHipAngles_ax1,N,1.0959785663681547,0.1749777806223677,6.0
S19,RHipAngles_ax1,Y,1.2011691932516388,0.09606699762619751,2.0
S2,RHipAngles_ax1,N,0.956093792790656,0.12444246712462576,6.0
S23,RHipAngles_ax1,N,0.9878089223024414,0.10810991885526733,4.0
S26,RHipAngles_ax1,Y,0.45497571829086525,0.0956883315546268,6.0
S27,RHipAngles_ax1,Y,1.0566305104092932,0.11048046106672277,4.0
S3,RHipAngles_ax1,Y,0.42054035570047316,0.060165852588353774,4.0
S30,RHipAngles_ax1,N,1.2175356172243612,0.10248448767342037,2.0
S31,RHipAngles_ax1,Y,1.0182325852088407,0.12322196045561995,8.0
S32,RHipAngles_ax1,Y,1.1713396819577155,0.13854123139662688,4.0
S34,RHipAngles_ax1,Y,0.8414792483375132,0.12853682008978579,6.0
S35,RHipAngles_ax1,N,0.9226364240716829,0.1120252934451713,4.0
S37,RHipAngles_ax1,Y,0.9798442082366025,0.13015856128007505,8.0
S38,RHipAngles_ax1,Y,1.0697089243838966,0.13627195609328596,5.0
S39,RHipAngles_ax1,N,0.41039198827304846,0.08113413069975599,6.0
S4,RHipAngles_ax1,Y,0.9470503115469459,0.09570588366511881,4.0
S40,RHipAngles_ax1,N,1.0822137777362637,0.13022094000080298,2.0
S41,RHipAngles_ax1,N,0.43880764002925005,0.05426643331254346,4.0
S42,RHipAngles_ax1,N,0.9512100485222962,0.0957854484201928,2.0
S43,RHipAngles_ax1,N,1.0019937690348326,0.09304469337930611,2.0
S46,RHipAngles_ax1,Y,0.9330018460954163,0.11169608514378264,5.0
S48,RHipAngles_ax1,N,1.030471629098605,0.1128265889996309,2.0
S5,RHipAngles_ax1,Y,1.0929536597080733,0.09814643929676492,2.0
S7,RHipAngles_ax1,Y,0.9093497320736605,0.08942187328755125,4.0
S8,RHipAngles_ax1,Y,1.1921553795576054,0.1077647148964784,2.0
S9,RHipAngles_ax1,N,0.9409790983625461,0.11013400599089819,2.0
S11,LKneeAngles_ax1,N,1.90333022338328,0.2203380629936496,6.0
S12,LKneeAngles_ax1,N,2.3891476380520826,0.37537829654648674,6.0
S13,LKneeAngles_ax1,Y,1.9494378588053125,0.21543063637392132,4.0
S14,LKneeAngles_ax1,Y,1.9388893825582734,0.19746219153342853,3.0
S15,LKneeAngles_ax1,Y,1.8822818824094039,0.20215862453067812,5.0
S17,LKneeAngles_ax1,N,2.2650310342259803,0.26703030969151953,3.0
S19,LKneeAngles_ax1,Y,2.085250358504947,0.24152228880061827,4.0
S2,LKneeAngles_ax1,N,1.9516998884776953,0.23661583716095408,7.0
S23,LKneeAngles_ax1,N,1.9204036225392682,0.22241196159526494,3.0
S26,LKneeAngles_ax1,Y,1.5534148796054583,0.2313888859373577,4.0
S27,LKneeAngles_ax1,Y,1.934152055480489,0.21845983998912963,4.0
S3,LKneeAngles_ax1,Y,1.628462633568208,0.19342121204362278,4.0
S30,LKneeAngles_ax1,N,2.104742921945666,0.2461766639030164,4.0
S31,LKneeAngles_ax1,Y,1.9141109794739835,0.2103288916570427,3.0
S32,LKneeAngles_ax1,Y,2.004062264741766,0.22667561185365823,4.0
S34,LKneeAngles_ax1,Y,1.9430141825229064,0.2457431019812059,5.0
S35,LKneeAngles_ax1,N,1.9699408163513372,0.261673251878614,6.0
S37,LKneeAngles_ax1,Y,2.039183739472147,0.2615111846415845,4.0
S38,LKneeAngles_ax1,Y,2.076664502982792,0.2737467146455758,4.0
S39,LKneeAngles_ax1,N,1.3452098415631726,0.15118273332295173,3.0
S4,LKneeAngles_ax1,Y,1.8694026969942688,0.21798626825039155,4.0
S40,LKneeAngles_ax1,N,2.1067659948983106,0.24109540235966326,5.0
S41,LKneeAngles_ax1,N,1.58118809311395,0.17063553722750716,3.0
S42,LKneeAngles_ax1,N,1.9561918103410676,0.2076580905521438,3.0
S43,LKneeAngles_ax1,N,2.0409661170396576,0.22003456366714555,4.0
S46,LKneeAngles_ax1,Y,2.2087242505334235,0.35026916514669304,6.0
S48,LKneeAngles_ax1,N,2.0633441604671465,0.22881347580799535,4.0
S5,LKneeAngles_ax1,Y,2.043723522471674,0.22127519078884172,4.0
S7,LKneeAngles_ax1,Y,1.917397502399615,0.22099152390264573,4.0
S8,LKneeAngles_ax1,Y,2.0885252040039637,0.2335754573082447,4.0
S9,LKneeAngles_ax1,N,1.9404702453420524,0.21605657857130647,4.0
S11,RKneeAngles_ax1,N,1.740215250544937,0.19416439834496538,4.0
S12,RKneeAngles_ax1,N,2.270874760288925,0.25723942470830186,4.0
S13,RKneeAngles_ax1,Y,1.8504674252234599,0.22425140305342933,7.0
S14,RKneeAngles_ax1,Y,1.6649811071033436,0.19879137782431666,7.0
S15,RKneeAngles_ax1,Y,1.8732806189352893,0.200283017731101,4.0
S17,RKneeAngles_ax1,N,2.3030632848447237,0.28337530234595276,4.0
S19,RKneeAngles_ax1,Y,2.086362003426595,0.23057470604704855,4.0
S2,RKneeAngles_ax1,N,1.9281738429984885,0.2409657032276451,4.0
S23,RKneeAngles_ax1,N,1.8715612473676153,0.21087331761285832,4.0
S26,RKneeAngles_ax1,Y,1.4674399016140331,0.20634946958151962,6.0
S27,RKneeAngles_ax1,Y,1.933454206299318,0.21784077142650687,4.0
S3,RKneeAngles_ax1,Y,1.6608495321747117,0.18894348591487065,4.0
S30,RKneeAngles_ax1,N,2.0881471353073335,0.23839098145083693,4.0
S31,RKneeAngles_ax1,Y,1.884782081880638,0.22931442501422433,4.0
S32,RKneeAngles_ax1,Y,2.206773928992007,0.24387521548325153,3.0
S34,RKneeAngles_ax1,Y,1.96448504599278,0.2447071087324898,4.0
S35,RKneeAngles_ax1,N,1.9917099183247295,0.2869406157002796,4.0
S37,RKneeAngles_ax1,Y,2.0172439051771796,0.23405279131901285,5.0
S38,RKneeAngles_ax1,Y,2.112895923903386,0.2547624549451058,4.0
S39,RKneeAngles_ax1,N,1.462748656554063,0.1734002897847211,4.0
S4,RKneeAngles_ax1,Y,1.8589396141077967,0.19213733160481225,3.0
S40,RKneeAngles_ax1,N,2.1845660412223853,0.24349233410509208,4.0
S41,RKneeAngles_ax1,N,1.4425634216752978,0.14642672260302478,4.0
S42,RKneeAngles_ax1,N,1.8597088634583805,0.19807821883917404,3.0
S43,RKneeAngles_ax1,N,2.02561277883311,0.2157026275522281,3.0
S46,RKneeAngles_ax1,Y,1.9039094482606138,0.20870176044275715,3.0
S48,RKneeAngles_ax1,N,2.0157955643729704,0.21020735257958867,4.0
S5,RKneeAngles_ax1,Y,1.9708547625915416,0.21586122065242686,4.0
S7,RKneeAngles_ax1,Y,1.9116221212816016,0.2010162269310609,3.0
S8,RKneeAngles_ax1,Y,1.917159505376883,0.21353341663768885,4.0
S9,RKneeAngles_ax1,N,1.9758699199724583,0.23515098347891014,4.0
S11,LAnkleAngles_ax1,N,1.0271005198661427,0.14834518286329346,5.0
S12,LAnkleAngles_ax1,N,0.9912033080065633,0.16468053539412475,7.0
S13,LAnkleAngles_ax1,Y,1.104989271738231,0.190879219880345,3.0
S14,LAnkleAngles_ax1,Y,0.5918743603435576,0.10683476509559378,8.0
S15,LAnkleAngles_ax1,Y,1.853940370823939,0.28769838554787835,5.0
S17,LAnkleAngles_ax1,N,1.1088716072242575,0.1995460932197655,6.0
S19,LAnkleAngles_ax1,Y,1.2030419086984818,0.17863896126370582,4.0
S2,LAnkleAngles_ax1,N,1.1719126617940079,0.2082430344146243,8.0
S23,LAnkleAngles_ax1,N,1.101181169706716,0.17137911230548067,4.0
S26,LAnkleAngles_ax1,Y,0.5567791907414434,0.14613440719600887,12.0
S27,LAnkleAngles_ax1,Y,1.213158765994125,0.1795201799268388,4.0
S3,LAnkleAngles_ax1,Y,0.6526028675545762,0.10480227893562177,4.0
S30,LAnkleAngles_ax1,N,1.561509226708304,0.224749908875376,4.0
S31,LAnkleAngles_ax1,Y,1.093708360808679,0.17937978523201087,4.0
S32,LAnkleAngles_ax1,Y,1.2731510480539865,0.2127501556220074,7.0
S34,LAnkleAngles_ax1,Y,1.0789381820402293,0.19500456877638683,8.0
S35,LAnkleAngles_ax1,N,0.8040768362345673,0.16001262434569632,6.0
S37,LAnkleAngles_ax1,Y,0.9139501969878883,0.15065865891734875,5.0
S38,LAnkleAngles_ax1,Y,0.7362135544627687,0.14801971403064165,9.0
S39,LAnkleAngles_ax1,N,0.8048069270697498,0.16920912519589826,9.0
S4,LAnkleAngles_ax1,Y,0.9304010409719129,0.1428822252206698,7.0
S40,LAnkleAngles_ax1,N,0.9780228260267968,0.16311733785044058,3.0
S41,LAnkleAngles_ax1,N,0.9071295354051836,0.13535360384107176,8.0
S42,LAnkleAngles_ax1,N,1.4341999950464996,0.2045269212594932,4.0
S43,LAnkleAngles_ax1,N,0.9272873863086905,0.14398669757982593,6.0
S46,LAnkleAngles_ax1,Y,0.7461783603897391,0.12515906255624631,6.0
S48,LAnkleAngles_ax1,N,0.6687659263166121,0.11429718391575493,8.0
S5,LAnkleAngles_ax1,Y,1.0205861505731078,0.17977317815495295,7.0
S7,LAnkleAngles_ax1,Y,0.8123786394325395,0.12438506674234781,8.0
S8,LAnkleAngles_ax1,Y,1.0038013746744272,0.1556612222481605,4.0
S9,LAnkleAngles_ax1,N,0.9551039588592007,0.14598086150680167,6.0
S11,RAnkleAngles_ax1,N,1.0115120865971203,0.15612630622130977,4.0
S12,RAnkleAngles_ax1,N,0.8995025772507541,0.1432882895133347,6.0
S13,RAnkleAngles_ax1,Y,1.40148602662183,0.23220531365299274,5.0
S14,RAnkleAngles_ax1,Y,0.6747170635164462,0.08675116297539343,4.0
S15,RAnkleAngles_ax1,Y,1.28767243506869,0.18989416587063596,4.0
S17,RAnkleAngles_ax1,N,1.0087949177741276,0.17189516833220136,8.0
S19,RAnkleAngles_ax1,Y,1.1963805657566489,0.18397952034082857,3.0
S2,RAnkleAngles_ax1,N,1.0361393835214983,0.17508224539329648,4.0
S23,RAnkleAngles_ax1,N,1.0848419083848997,0.16585676497886997,4.0
S26,RAnkleAngles_ax1,Y,0.5477447869487392,0.12535553192415708,6.0
S27,RAnkleAngles_ax1,Y,1.246418541686565,0.1921228797888238,5.0
S3,RAnkleAngles_ax1,Y,0.9566048014778742,0.15770019267513016,8.0
S30,RAnkleAngles_ax1,N,1.6279178799396246,0.2706848201696909,5.0
S31,RAnkleAngles_ax1,Y,0.9369900395129362,0.16097799726734233,6.0
S32,RAnkleAngles_ax1,Y,1.2449681697035335,0.18433191015745223,4.0
S34,RAnkleAngles_ax1,Y,1.2797953339205341,0.19652426736266684,5.0
S35,RAnkleAngles_ax1,N,1.1459218440011552,0.25686008024519486,5.0
S37,RAnkleAngles_ax1,Y,0.8634153155252463,0.13905497203626221,6.0
S38,RAnkleAngles_ax1,Y,0.7382686205095258,0.13782304400717557,6.0
S39,RAnkleAngles_ax1,N,0.5156407934616754,0.10584130418322932,6.0
S4,RAnkleAngles_ax1,Y,1.1040807644929975,0.1897772591177713,8.0
S40,RAnkleAngles_ax1,N,0.7882603714979595,0.14675387901840445,8.0
S41,RAnkleAngles_ax1,N,0.7247780053177482,0.10466344664318492,5.0
S42,RAnkleAngles_ax1,N,1.2265876458933274,0.17052757278434783,4.0
S43,RAnkleAngles_ax1,N,1.0621218232842102,0.147724420574382,6.0
S46,RAnkleAngles_ax1,Y,0.7864519158592276,0.13771801273100986,7.0
S48,RAnkleAngles_ax1,N,0.9159996145418937,0.13743916812077625,4.0
S5,RAnkleAngles_ax1,Y,0.8736773657324559,0.14042106252906916,6.0
S7,RAnkleAngles_ax1,Y,0.8117932219903976,0.11618452734344059,4.0
S8,RAnkleAngles_ax1,Y,1.0167420793399014,0.13957006207128123,4.0
S9,RAnkleAngles_ax1,N,0.900691849895376,0.14417347552089702,8.0
S11,LFootProgressAngles_ax1,N,2.3685857206649907,0.2552962672820751,4.0
S12,LFootProgressAngles_ax1,N,2.5360987143208193,0.2978510822402741,4.0
S13,LFootProgressAngles_ax1,Y,2.6336658241451745,0.32997119165082717,4.0
S14,LFootProgressAngles_ax1,Y,2.2613660731228027,0.2713081319408785,4.0
S15,LFootProgressAngles_ax1,Y,2.6868725569476877,0.3623859912673622,6.0
S17,LFootProgressAngles_ax1,N,2.592312220481075,0.33259060000473206,6.0
S19,LFootProgressAngles_ax1,Y,2.612659818069151,0.27580818248110395,5.0
S2,LFootProgressAngles_ax1,N,2.641845907852639,0.3500817438058842,4.0
S23,LFootProgressAngles_ax1,N,2.647672317399215,0.2904258076111081,3.0
S26,LFootProgressAngles_ax1,Y,1.6153320758258691,0.2101555483695944,3.0
S27,LFootProgressAngles_ax1,Y,2.6731451940868527,0.30050210201775174,3.0
S3,LFootProgressAngles_ax1,Y,1.6699744122097897,0.21166299823335938,4.0
S30,LFootProgressAngles_ax1,N,2.9467352822811734,0.3031746915646346,2.0
S31,LFootProgressAngles_ax1,Y,2.505742554621882,0.2980554678369131,3.0
S32,LFootProgressAngles_ax1,Y,2.7996893479833522,0.31622840961508336,3.0
S34,LFootProgressAngles_ax1,Y,2.4461607277704127,0.302945464247635,4.0
S35,LFootProgressAngles_ax1,N,2.4687738117398226,0.32293889118062497,5.0
S37,LFootProgressAngles_ax1,Y,2.3938989128178787,0.27384651301791935,4.0
S38,LFootProgressAngles_ax1,Y,2.38696893741753,0.3038187814277752,4.0
S39,LFootProgressAngles_ax1,N,1.7021508478867071,0.21870750799744515,4.0
S4,LFootProgressAngles_ax1,Y,2.4713523742396,0.2797479834210262,4.0
S40,LFootProgressAngles_ax1,N,2.5825148024102553,0.2916286856499365,4.0
S41,LFootProgressAngles_ax1,N,1.85545694732227,0.19712726601425412,4.0
S42,LFootProgressAngles_ax1,N,2.688727669664689,0.30029814556244944,4.0
S43,LFootProgressAngles_ax1,N,2.6042731416034597,0.2867815865572101,4.0
S46,LFootProgressAngles_ax1,Y,2.316328906913286,0.30205444089072614,4.0
S48,LFootProgressAngles_ax1,N,2.3468180236969696,0.2591775551336192,3.0
S5,LFootProgressAngles_ax1,Y,2.445129322898069,0.2840094742315731,4.0
S7,LFootProgressAngles_ax1,Y,2.3621127515271465,0.24402169148561884,4.0
S8,LFootProgressAngles_ax1,Y,2.580645955206168,0.27248968369669996,3.0
S9,LFootProgressAngles_ax1,N,2.461456671780548,0.3072415225771968,4.0
S11,RFootProgressAngles_ax1,N,2.309339475831566,0.26265084115387277,3.0
S12,RFootProgressAngles_ax1,N,2.5152660728234997,0.2643354904473098,4.0
S13,RFootProgressAngles_ax1,Y,2.7965683043089946,0.3337933207485953,4.0
S14,RFootProgressAngles_ax1,Y,2.081428132752059,0.24949141547302958,4.0
S15,RFootProgressAngles_ax1,Y,2.5720226330400084,0.29071962468862667,4.0
S17,RFootProgressAngles_ax1,N,2.561826018877986,0.3003556466058029,4.0
S19,RFootProgressAngles_ax1,Y,2.588894499582071,0.2526672378424192,2.0
S2,RFootProgressAngles_ax1,N,2.5165844978587066,0.33162265013310055,5.0
S23,RFootProgressAngles_ax1,N,2.5291669931933645,0.29759783829440906,4.0
S26,RFootProgressAngles_ax1,Y,1.6462624690920356,0.2550166505843853,6.0
S27,RFootProgressAngles_ax1,Y,2.6900441755522055,0.2952269832048342,4.0
S3,RFootProgressAngles_ax1,Y,1.7434448930787505,0.2397423097567818,3.0
S30,RFootProgressAngles_ax1,N,3.0124762927573085,0.2971952619783506,2.0
S31,RFootProgressAngles_ax1,Y,2.4815650365998385,0.29800198475382345,4.0
S32,RFootProgressAngles_ax1,Y,2.910983745069888,0.34192778431994186,4.0
S34,RFootProgressAngles_ax1,Y,2.760841786752565,0.331956306086343,4.0
S35,RFootProgressAngles_ax1,N,2.5527558283732565,0.4107035189635235,6.0
S37,RFootProgressAngles_ax1,Y,2.4194837381953365,0.2745124359569284,4.0
S38,RFootProgressAngles_ax1,Y,2.294790911745232,0.290192858303258,4.0
S39,RFootProgressAngles_ax1,N,1.5658042407842672,0.19112389760469914,4.0
S4,RFootProgressAngles_ax1,Y,2.4377157211031166,0.2534766348853975,3.0
S40,RFootProgressAngles_ax1,N,2.4639650934490707,0.2943203969512306,4.0
S41,RFootProgressAngles_ax1,N,1.9248776779591523,0.20917141549506707,4.0
S42,RFootProgressAngles_ax1,N,2.6379898646652666,0.2947520106572089,3.0
S43,RFootProgressAngles_ax1,N,2.6371635436614826,0.2675839949755788,4.0
S46,RFootProgressAngles_ax1,Y,2.3439834846510794,0.2648702533111524,3.0
S48,RFootProgressAngles_ax1,N,2.4483838585672295,0.26642132128968066,4.0
S5,RFootProgressAngles_ax1,Y,2.392137194416244,0.2902686188345271,3.0
S7,RFootProgressAngles_ax1,Y,2.3702044715346378,0.2415426387059227,3.0
S8,RFootProgressAngles_ax1,Y,2.59900388695426,0.2904841109710331,4.0
S9,RFootProgressAngles_ax1,N,2.4626809574812367,0.3063911834697797,4.0
S11,CentreOfMass_ax1,N,11.3622948642342,1.9449913480775114,6.0
S12,CentreOfMass_ax1,N,12.307307899257232,2.4966853644780733,8.0
S13,CentreOfMass_ax1,Y,13.255998556609553,2.1109165437370785,5.0
S14,CentreOfMass_ax1,Y,7.235144805207179,1.4665056773739005,10.0
S15,CentreOfMass_ax1,Y,9.811157577930723,2.0013345437843317,8.0
S17,CentreOfMass_ax1,N,12.213564363747318,2.2356793248388804,7.0
S19,CentreOfMass_ax1,Y,6.50340566995614,0.349424883953342,2.0
S2,CentreOfMass_ax1,N,10.791921180058111,2.226251974539258,9.0
S23,CentreOfMass_ax1,N,11.174426961303658,3.0566263667007045,10.0
S26,CentreOfMass_ax1,Y,9.567429392981213,1.3362608441254429,10.0
S27,CentreOfMass_ax1,Y,10.383876420440762,1.0818141852825232,7.0
S3,CentreOfMass_ax1,Y,9.641729803594687,2.1181709511236297,10.0
S30,CentreOfMass_ax1,N,15.210541707775567,0.12265729077694922,0.0
S31,CentreOfMass_ax1,Y,13.203494427072602,1.6968510626932178,4.0
S32,CentreOfMass_ax1,Y,12.990116956590645,0.5899549297299315,3.0
S34,CentreOfMass_ax1,Y,10.898382248187394,2.3350470299762467,10.0
S35,CentreOfMass_ax1,N,12.197196527163076,2.2126637536518783,7.0
S37,CentreOfMass_ax1,Y,11.233446084297741,2.495335986963113,7.0
S38,CentreOfMass_ax1,Y,10.41758083734073,3.04464163469098,14.0
S39,CentreOfMass_ax1,N,8.172450555946916,1.4316902416841844,8.0
S4,CentreOfMass_ax1,Y,11.268762413004042,1.5653062951746652,6.0
S40,CentreOfMass_ax1,N,13.928019906235942,1.4169283438588836,3.0
S41,CentreOfMass_ax1,N,11.830228825651954,1.036015563625361,5.0
S42,CentreOfMass_ax1,N,8.960691460434441,1.5755933073870136,12.0
S43,CentreOfMass_ax1,N,12.557998470319479,1.663155474177815,4.0
S46,CentreOfMass_ax1,Y,10.755982685537415,2.5754103572213247,11.0
S48,CentreOfMass_ax1,N,11.172129549019518,1.6763952904502364,8.0
S5,CentreOfMass_ax1,Y,14.178118332132676,1.0094644744203014,2.0
S7,CentreOfMass_ax1,Y,8.035799326266867,1.1727940586393664,7.0
S8,CentreOfMass_ax1,Y,9.875055677249945,1.193659639366219,10.0
S9,CentreOfMass_ax1,N,11.737255315858011,1.6239978029879452,6.0
S11,CentreOfMass_ax2,N,0.4901730576032013,0.09833748578480346,9.0
S12,CentreOfMass_ax2,N,0.6387682709619942,0.0865839947383987,4.0
S13,CentreOfMass_ax2,Y,0.6928450278357875,0.10045216663436847,6.0
S14,CentreOfMass_ax2,Y,0.3362130574079439,0.08270913664453323,10.0
S15,CentreOfMass_ax2,Y,0.31707955707058916,0.10738225828291768,10.0
S17,CentreOfMass_ax2,N,0.5941963057612837,0.17057692461234863,13.0
S19,CentreOfMass_ax2,Y,0.5309057273209873,0.028369653882216416,1.0
S2,CentreOfMass_ax2,N,0.6709041326663665,0.19532782904520002,11.0
S23,CentreOfMass_ax2,N,0.2483357486023209,0.05355837214768632,10.0
S26,CentreOfMass_ax2,Y,0.2712398888425218,0.07051437310314039,9.0
S27,CentreOfMass_ax2,Y,0.3104838583065137,0.050561983659269547,7.0
S3,CentreOfMass_ax2,Y,0.5923782973798067,0.07729843947153482,5.0
S30,CentreOfMass_ax2,N,0.8741363330499076,0.027239186761175944,0.0
S31,CentreOfMass_ax2,Y,0.6924779511068916,0.14595157512625737,10.0
S32,CentreOfMass_ax2,Y,0.7626655741104752,0.15292135313173627,5.0
S34,CentreOfMass_ax2,Y,0.4672171087386525,0.1607999165324595,12.0
S35,CentreOfMass_ax2,N,0.7420868541329013,0.16111067688471342,7.0
S37,CentreOfMass_ax2,Y,0.8654765814316827,0.17684345632298487,8.0
S38,CentreOfMass_ax2,Y,0.486061392357287,0.11062300740899567,8.0
S39,CentreOfMass_ax2,N,0.3131456333678975,0.08765265714310774,12.0
S4,CentreOfMass_ax2,Y,0.7863143783408745,0.1260927564760114,8.0
S40,CentreOfMass_ax2,N,0.6032121063712229,0.14585801630605413,12.0
S41,CentreOfMass_ax2,N,0.49037935655267223,0.07413730803141085,7.0
S42,CentreOfMass_ax2,N,0.5550923426622346,0.11404697548776387,6.0
S43,CentreOfMass_ax2,N,1.0109227568439414,0.10680923086862333,6.0
S46,CentreOfMass_ax2,Y,0.7019263918207168,0.18198459203267464,9.0
S48,CentreOfMass_ax2,N,0.46961985896767483,0.16066061480040772,13.0
S5,CentreOfMass_ax2,Y,0.8164715766193273,0.16441676704104005,9.0
S7,CentreOfMass_ax2,Y,0.5726023466360552,0.05974499374656585,2.0
S8,CentreOfMass_ax2,Y,0.4306018955681084,0.07803645454549288,5.0
S9,CentreOfMass_ax2,N,0.6393664747372731,0.13488096657003076,8.0
S11,CentreOfMass_ax3,N,1.2108992997076868,0.13937227732970506,4.0
S12,CentreOfMass_ax3,N,1.8359433584963358,0.19630727944245122,4.0
S13,CentreOfMass_ax3,Y,1.7402647377151697,0.19642361445900156,4.0
S14,CentreOfMass_ax3,Y,1.2879230483052166,0.13844408750474718,4.0
S15,CentreOfMass_ax3,Y,1.2320416160699394,0.13685409009557778,4.0
S17,CentreOfMass_ax3,N,1.7224647965690052,0.19533194175882737,4.0
S19,CentreOfMass_ax3,Y,1.8872764909625388,0.20564322826091044,4.0
S2,CentreOfMass_ax3,N,1.4415068482314386,0.16331370791547925,4.0
S23,CentreOfMass_ax3,N,1.5651819747324256,0.17558153661294462,4.0
S26,CentreOfMass_ax3,Y,1.089756795476881,0.11071411659645632,4.0
S27,CentreOfMass_ax3,Y,1.7026566144480382,0.17948805636838064,4.0
S3,CentreOfMass_ax3,Y,1.3104444220174463,0.14562429190257606,4.0
S30,CentreOfMass_ax3,N,1.8760483434844932,0.21926526066538074,4.0
S31,CentreOfMass_ax3,Y,1.7540908111905371,0.18424667185487498,4.0
S32,CentreOfMass_ax3,Y,1.7194307572981833,0.18847926568874454,4.0
S34,CentreOfMass_ax3,Y,1.3717770338214832,0.14906201336970212,4.0
S35,CentreOfMass_ax3,N,1.7734865001935216,0.22045898895312394,4.0
S37,CentreOfMass_ax3,Y,1.6851927400295648,0.18364785920355267,4.0
S38,CentreOfMass_ax3,Y,1.6240241016105064,0.17886837993164123,4.0
S39,CentreOfMass_ax3,N,1.3554625841356593,0.15166906353160198,4.0
S4,CentreOfMass_ax3,Y,1.487504911811919,0.16298745388269423,4.0
S40,CentreOfMass_ax3,N,1.8785197610557096,0.21403191790593926,4.0
S41,CentreOfMass_ax3,N,1.5525329277366249,0.17299098009308583,4.0
S42,CentreOfMass_ax3,N,1.3352303665532574,0.14884601094622882,4.0
S43,CentreOfMass_ax3,N,1.9794594251338538,0.21443559174314467,4.0
S46,CentreOfMass_ax3,Y,1.4090962284522501,0.15209039085341924,4.0
S48,CentreOfMass_ax3,N,1.4219817972492033,0.1703291870136917,4.0
S5,CentreOfMass_ax3,Y,1.8226499982149194,0.20236219612890477,4.0
S7,CentreOfMass_ax3,Y,1.8501898779305286,0.2068188392677744,4.0
S8,CentreOfMass_ax3,Y,1.644994603281496,0.17574430178379485,4.0
S9,CentreOfMass_ax3,N,1.4484755522877577,0.1579542731635734,4.0
