subject_id,PC1,PC2,PC3,PC4,PC5,PC6,PC7,PC8,PC9,PC10,PC11,PC12,PC13,PC14,PC15,PC16,PC17,PC18,PC19,PC20,PC21,PC22,PC23,PC24,PC25,PC26,PC27
S11,-1.6448002152037144,-0.9341321540471667,-1.913592227250934,-0.7303945579008753,-0.43447910858972505,0.542147159417326,-1.7147719589642625,0.1146711360703116,-0.9796240383673218,-0.1385460781463273,-0.14956095800010222,1.5168671376972307,0.06164004182180518,0.8695752254766765,-0.3575723857214424,-1.7608886358616207,0.34216536278995924,0.5736438294398195,0.043737837228018925,0.06583970901072153,-0.25864055821332327,0.3610359889313123,0.04510098511574222,0.32033411226000086,0.07334619271182916,-0.047344259669858696,0.01134765676966185
S12,-0.27443089783827995,1.1598807631286303,-9.711043527783675,17.057400874178892,5.668646356614739,-1.4730079767971507,-0.8856820374787912,2.09171603730623,-0.5250089013095982,0.92732017776776,-1.3784372158778668,-0.2613368194216706,-0.07299240947393541,-0.46483987233379453,-0.3436273502058905,0.018180302037452998,-0.23815319791385425,-0.15936436600424414,0.24529332772676649,-0.46010287660395327,-0.13902666395189522,0.1007720081703432,-0.03199506818842733,0.12062691716997087,-0.17089340172347736,-0.031093359337941592,-0.014849284365163048
S13,-2.308193589218772,-0.35602539126851507,-2.976243337052518,-2.1443179484913624,-0.9259416050389224,0.7692861189912015,-1.6467132796109853,-0.46742440077509473,-1.232079611087577,0.8261911624276351,1.0530441831761261,0.5401575386454579,1.2627959102310102,0.6939857308649565,-0.3915024396341964,1.0118099118195898,-0.6729309070963888,1.0614725815110548,0.10557828596145258,-0.06190501689765491,-0.13772165047009335,-0.3535441239573334,0.18550044964264298,0.23285967052683026,0.12783935588588946,0.030712722223704098,-0.058292882764393025
S14,-2.4946346356819324,3.035000545936786,-7.6478732102719444,-10.61203139733009,14.754834505520913,-6.608885385552726,2.6982238584159846,0.43993144800342265,-0.1065915141680538,-0.4727670684454139,0.24041482737371014,-0.1469318883550753,0.6138490188711189,-0.1667113821133396,-0.23338450699995256,-0.21099122658538816,-0.03227935766578148,-0.5000016130801541,-0.2489010265721347,0.23706879898536806,0.10159569732649593,-0.10784849548242771,-0.08317603528517199,0.09570533801446761,-0.10081538436510624,-0.025120753235349926,-0.028323057734659342
S15,-3.173936709449363,0.6007964728538718,-2.7009799576699303,-1.001046526989804,-0.7969870573864348,-0.16341891564946434,-2.579828368759918,-0.9062661309771737,-0.37803046164081405,3.6913475103673936,3.213352316071839,0.4620654612573549,-1.6036535197317296,-0.3870166233544844,0.1306139769109405,-0.2914299653725531,0.49750102453765443,-0.1604844616038208,-0.1956149286446686,-0.1630372004687449,-0.10213773144473134,-0.12683773575597565,-0.18957160529381875,-0.007218483990140301,-0.08696526241373799,0.12480741919186163,0.026678001423481788
S17,-4.334352737891932,6.535977951019175,-5.7789465906561395,4.674615982744896,-0.02306020467185852,7.032087994212571,-3.181550057753267,5.4509457603329325,1.408789725884027,-0.02775610078723258,1.0499327993334875,-0.09690060958156324,1.0366601207705508,-0.1576527054196119,0.23612311833999672,0.3230157060385031,0.21191912119216616,0.05914340311319514,-0.5892382307787152,0.6712278958908525,0.04398564819255266,0.02078847347920969,-0.03959311887846112,-0.08755132897452968,0.1303974178473496,-0.01224372888720196,-0.0007358503483915839
S19,23.636100079437938,-20.27867345289835,7.887310448839045,1.0522541744789695,-0.08591573105801724,-10.598714806046404,-5.986512923530127,2.572863588995904,0.5080980660462793,0.009953370534581174,0.23579230841548288,0.0511852889437051,0.009985701530014955,0.02570215608373717,0.07177662513941649,0.22600825615507847,0.02040199128726709,0.0699596392217635,-0.17302017059107383,0.16073809749949616,0.0658903998171299,0.04554335349828789,0.012106752206569595,-0.014117677325114843,0.022227103915442116,-0.0026455721192269253,0.0019954576950475746
S2,-2.1238987029338934,0.40808434523377,-1.1151450967965655,-1.2165121498683078,-1.0160394099500953,0.7914480513258594,-1.3447158987839687,-0.5281509137594775,-0.35857323390587587,-0.1992797577875778,0.5756948761391211,0.9702805806301629,0.7365978749295552,0.46272373625855406,1.7226885014820006,0.06785871723523543,-0.9451143568716678,0.09059364201889816,0.08106617691012061,-0.2023489900608927,0.659966585937756,0.08534231868510735,-0.31118934674121845,-0.028050249389940864,-0.19809476474235052,-0.040968349447662075,-0.00990519176549258
S23,-2.1126583970377038,-0.0790851871819195,-1.825926813008999,-0.3029411166840958,-0.8201321344270626,0.44477777373945077,-2.257018687960096,-1.7946193550743004,-1.6524575488420092,-0.35510676050868256,-0.5394824542928828,0.06335853367479455,-2.283524245346828,-0.7386315390742624,-0.8119299018606029,0.7160126516348992,-0.14537718760340293,-0.05158869990948212,-0.30091550885681345,-0.10000821096430335,0.060526155832143436,-0.10203139467008034,-0.2062690339271464,-0.03146503789711024,0.20491396518717395,-0.19262913599603523,-0.03281129988653762
S26,-1.4759563439151873,11.101975835728705,10.468989476479813,0.8623899760945984,2.107549912375468,-1.6242304359245263,-1.2706833857642283,-1.6445597608057017,0.7613486623575778,-0.36213664879515917,0.8386478826701178,-0.5818055033092153,0.7142174262364624,-0.5202259862988048,-0.54211795522608,-0.13916819454388835,-0.34886179264248574,-0.11234467663435622,-0.9413913753441402,-0.5693838275047232,0.37511923716977,0.24108217584274785,0.1614887591477387,0.14417746794647346,0.14877538975756877,0.026322456472827285,0.028474761411428937
S27,-3.010420600668012,-1.5990915869979907,-1.2046299174674495,-0.5428127806031372,-0.9176592890241766,2.0799409069398322,-1.6987686044215482,0.09447747060172423,2.247727655420116,-1.7723166596155622,0.39196926200829957,-0.5051594904432458,-1.9042354100990417,-0.2321580067894587,0.2592813784004826,-0.35168044244201396,-0.3189131148114494,-0.16563049727142012,0.8492334268737565,0.09498652377626536,0.3245562507947726,-0.054123843055354774,0.009384960456181427,0.2639719006983281,0.07875043302807551,0.08620272976640887,-0.05945106772010129
S3,7.429771583157062,10.695226140410847,11.641175776912497,1.4073557497401552,-0.9499925181184682,-0.7104529812201265,3.5781437984808604,3.3796260698453917,-0.9527420988032491,0.24402657443151346,-0.6420328227319363,0.22674463614499268,-0.3295481107364428,-0.7675546495003873,0.37609719758150995,-0.9266776923239203,-0.1791717453921204,0.10771893594058012,0.3062313425654876,-0.020109146553840985,0.21637015729355608,-0.5967885746041858,0.06754762262202024,-0.006246763011594998,0.07469030457054869,-0.03149583382114476,0.03178313171550571
S30,-33.44935235363422,-10.311593537305066,5.295543340075373,-4.353516562813509,-6.464157304351654,-2.847630576206886,5.07323576916502,4.194804036049287,0.8668990390344287,0.4054007044119205,-0.22306046133034926,-0.1415799761907286,-0.20171759954010443,0.2325957815694759,-0.5034928863422525,0.23857695033508453,-0.02917133548671947,-0.2048890326770557,-0.09184137169233915,-0.2914535327526874,-0.004204043155729417,0.12881469325148623,-0.0329939952313263,0.031314637514044105,-0.06749189665208054,-0.03313075427631915,-0.004645232829212716
S31,-2.3524684167243852,-1.3407528035667646,-1.6612362264843648,-1.4229298527090268,-1.6673217990009281,0.5637345184083734,-2.1396262200187275,-0.4699325548318867,-1.637360460356488,-0.12628362583452257,-0.7075157950478691,-1.7947040059635015,0.4410397424249767,0.39092825697010003,-0.5106303562980337,0.09813377698021995,-1.1457016252473615,-0.7413903454598707,0.3079608377274568,0.38844610520455686,-0.33576721663040276,-0.041107138266676,-0.13523052512895056,0.07954410889624738,0.07823167946476271,0.10943841080006728,0.10465247696896425
S32,-5.292326021849651,-18.480373396126264,11.788451313921914,3.8515268417823365,11.207936706376824,11.150038488031289,3.13427875350038,-1.8872567727107188,-0.2744723004265575,0.31315059967506875,0.0755929359144984,0.06841926224171631,0.14787747886527727,-0.020028348282151227,0.1781868182426494,0.0009965071084763796,0.10016330794046688,0.0659187919428621,-0.0015510331930455245,0.07864462273662493,-0.0321723567373842,-0.0621768443471026,0.029397829054700262,-0.043861152301085345,0.02376645503709102,0.006984183362888666,0.00731610809433347
S34,-2.632243995111899,0.4609527852729512,-1.589547295152983,-0.9974483413133678,-1.0487999516745918,0.946689921803431,-3.529498636130357,-2.2402966594493385,4.344086478039526,-0.26679979313086255,-1.0163044552483353,0.049290691006708194,-0.5809576290184577,0.3908094374223952,0.5244230991662673,-0.27522200495979854,-0.5185531274105964,0.19911579585635855,-0.501819882482174,-0.08522272482937847,-0.5531040325992718,-0.2702925264454158,0.08995982617857952,-0.0408980824509022,-0.16149751685979685,-0.1116213641550084,0.04585537740278628
S35,18.071448658226853,2.401417121548836,-1.1387594079198888,-1.866017372969387,-3.1288907909334625,4.617529769419028,3.8709359590017707,-0.16702138293232993,0.5109243887772953,2.3158659856979043,-1.746462081823012,0.09743587747531399,-1.0077010510883175,1.044739887382138,-0.4254930314068657,0.3407293257105175,-0.17521317614095178,-0.4530683921910523,-0.2987995414572432,0.36495754674073305,0.5622306555255658,0.23301365281114006,0.24891698133587534,0.07846336203586873,-0.09531851228062296,0.009938192957304626,-0.015607589179182738
S37,-2.518077692093124,-0.4668580536867151,-1.8976052474240304,-1.1144199338804877,-1.5700119226824618,0.7714424376916729,-2.511271782858535,-1.5605360672802637,0.265264032352247,0.24685641451352877,-0.4818156788598223,0.6409840859575574,0.9899493944528365,0.26677441877918323,-0.2823354235488563,-0.2146144491974226,0.7727238363142198,-0.2602128309930917,0.3789282198535496,0.40070542148948085,0.339275988477281,-0.00877649887225454,-0.3242513798331402,-0.07843745825085227,0.18871043444016178,-0.11050386349447411,0.03216117718901254
S38,-2.3868888021096235,0.17061905140818312,-1.4517551555977726,-0.6490512207387076,-1.2430276588919593,1.1031175528049522,-2.1838230193434494,-1.2327154194025858,0.9912599842382614,-1.4609480444271359,0.31864539952510423,0.987054743128374,0.5273361185679163,-1.6271530713863542,-0.5293802073661237,0.7086651231799636,0.39834177735441206,0.29987212736796964,0.5155886072004401,-0.01197033131597403,0.32450458189993797,0.22474886689262777,0.169675105877697,0.03503548704212666,-0.15134260940852834,0.04804384174318063,0.0677118875424747
S39,-1.3869228072581714,11.511299889256339,11.431541668310965,1.7349244620825524,1.4730032689414807,-3.0434911504949254,-1.3736266168793791,-1.448083605592904,2.662197553724488,1.2705054315443338,-0.21834918796837727,-0.3298259124044821,0.8526719783507484,0.4014166901916992,-0.3028275484643834,0.3052023229242832,0.3589968625977864,-0.34344128394772294,0.6549558541576664,0.14688684103817115,-0.37563840419311667,0.09180967324131929,-0.09681423713933537,-0.08455997124039338,0.020307898362578083,0.02572063074557208,-0.08106298602649377
S4,-2.575837953212808,-1.5857709422752564,-5.905973011632584,10.926887208512895,-1.448939551451365,-6.432086766361393,6.91000042798347,-2.4207055097798107,0.6894587775790496,-1.5789506996530513,1.5215437347347325,-0.23067249406624793,-0.12591498624337696,1.3729886955491448,0.16299148152377416,0.06891650700321986,0.35250967819450457,-0.0614178784534362,-0.13235541371502987,-0.03816014858315072,0.24528387438043098,-0.1489786537344331,0.03469413673241328,-0.09833555696091607,0.16386381393281188,0.03771618201459048,0.0270220866793286
S40,17.9908485172742,-1.4457542977895501,-0.9175548091889645,-1.4641234855007073,-4.902886688519406,4.208221964114133,4.364449987089648,0.09303332650840818,-0.08251407627181437,-1.4206937691848627,2.7590421726888468,-2.17294760469048,0.48019696323758637,-0.2746614839264115,-0.7837236862605121,-0.35190404042166684,0.08678639950187686,0.09408830997157323,0.037061798075699225,0.053148715676307655,-0.22704679955207696,0.005854721599913049,-0.08049436027898846,0.009531611227734839,-0.24431913674287828,-0.10097491694684252,-0.027164286005843703
S41,-1.459315946509381,11.749645244935165,10.927603551557844,1.3376444397483687,1.6150757972672494,-1.2631907184414892,-0.2929442885214898,0.48527751765618404,-2.7396582397471816,-1.4036134125439825,0.14659373869433875,0.4110526623438665,-1.114760843863545,0.9506518533075798,0.3746718647394503,0.7910401028472306,0.2617965353404834,0.35625484598976037,0.04820754098734968,0.22708283806095797,-0.3025480061788446,0.22934434961325983,-0.1213007920475228,-0.011567972651361303,-0.20706910382609128,-0.015006695280859362,0.026269818840393793
S42,-1.8989617807276227,-0.2595361189829669,-2.3753572788157493,-1.1635301251985282,-1.0624681766661015,0.0402220190130265,-1.469648852901692,-0.13658570473337905,-1.631355058360666,0.07470337328314507,1.556030872228357,1.285942611997745,0.3017803079125159,-0.09583584342459055,0.41847441159204296,-0.22839762955148377,-0.45848770557800606,-0.95709760171363,0.43557460512892177,-0.14337564864985208,-0.24194939961804,0.14799791554830374,0.5382615488136082,-0.2998811706118508,0.0694820072087514,-0.0942131570608127,-0.01874631752512604
S43,-2.464143832889217,-1.8770022195551255,-1.3699548748887553,-1.6204077964004442,-3.879134471416514,0.6003914160803158,-2.017753360930685,-1.1723191608045007,-1.6531251164620147,0.27321001774060516,-1.2564636803343745,-2.426265117439154,0.844821665199818,-0.27221801997207334,1.5888347178899107,0.21432301018858838,1.1632603897583924,-0.3755101046429512,-0.1604167977646165,-0.2843203076224648,-0.06802903990561326,-0.06402118217166562,0.13909701308482245,0.2496695201726709,0.020694001270759876,-0.023254791197436783,-0.01797320560535131
S46,-3.794200656385072,-1.5836434663320629,-1.5048833322616153,2.123157070586168,-4.087207079120985,-5.345452673403184,6.3393886204109435,-2.7282123769528153,-0.33011495302180077,1.283410025756065,-0.9887932922700428,0.5793352565354987,0.4937053455040384,-1.5622612187742604,0.41362199402934635,-0.10998127945186756,-0.2914600512603085,0.5267420793845401,-0.1438712908138663,0.8110470547722085,-0.1796650722153222,0.07256176182621164,0.031272791565570494,-0.0003299497722660429,-0.03414708459986492,0.006803496379184184,-0.011024042445548355
S48,-1.7730336782041864,-0.5569566822279849,-1.7586472072446984,-1.8382699086948584,-0.7000992017450707,0.20777783640388328,-2.1385419290397567,-0.5839307352769408,-0.7084871555692134,0.8678703507351586,-1.223297883106006,-1.8195965023430603,0.6493172562082007,0.17401957620210565,-0.6094289773955978,-0.738921977549909,-0.2182833068679722,0.8119500244775243,0.18164082265180115,-0.4420882828274044,0.29955323904302017,0.089760150059205,-0.094902848887039,-0.41723891190942225,-0.017635840112693753,0.04021269783041639,-0.022463195455924484
S5,18.054245451319602,-0.9567532096693089,-2.1128612260267774,-3.0350299100313283,-3.039119159962244,3.1912970611496387,4.891619902043626,0.6535792024544296,0.5640761916686801,-0.528174468357021,-0.8982659638192613,2.0991017781030177,0.8548149108027591,-0.318994489778832,0.09083368322761143,0.3250969550066247,-0.0071558548106250425,-0.3983838558905049,-0.08470126833252854,-0.7426544688854294,-0.4525763703499889,0.04765923020079559,-0.34210424293962344,0.022629492610972638,0.1322330150563429,0.07396537150394727,-0.005039283507537063
S7,-2.3102430894527575,-0.42455049945453005,-2.375980201690332,-1.4439937900604929,-1.4413736665566526,0.607671293305683,-2.402566427372006,-0.16991925843133207,-0.7321299663962767,-1.0277939039382422,-1.3089232656496872,1.3423738341992764,0.2706083618785134,0.5145961662027551,-0.9021784459088253,0.04044082339603502,0.8057964983841553,-0.1946757798386714,-0.14608195167219828,-0.07302766941248011,0.15028181540704783,-0.4890653005878214,0.16348871296925815,-0.08770565460233934,-0.23594671435792602,0.07648985780405919,0.0022987818542290913
S8,6.551266734774957,2.7663760170184633,-6.754543805743569,-6.792669108021651,5.372214270715595,-0.5634127769816768,3.1675317360381943,1.884065823675675,1.046616409784965,0.4814552255674966,-0.3420955884936961,-0.8745195005347423,-1.1020092117449871,0.17651142629937638,0.5818136487773735,0.525820249862906,0.39551269063689903,0.7762392319654281,0.43537948070398613,-0.2510985528948297,-0.13855377422498258,0.1659719218394364,0.1614243120631054,-0.12927615408552648,0.15737197544693196,-0.0039044669973905374,0.062019871243732184
S9,-2.486381168189719,-0.06069916438618402,-1.7515758180672174,-0.7166928937496636,-0.5456163365740926,1.006152880228283,-1.402262475106617,0.10354435207064945,-0.8924222301704337,-2.0901001332984825,-0.8554365241204458,-0.009404555239605542,-0.9628506009089329,-0.3620757981310614,0.3991925855968396,-0.4209496612023772,-0.04304763303055124,0.04678818211013697,-0.615918371841883,0.23948676594601787,-0.2203591676566349,0.1334910564600129,0.0025688029336463428,-0.21712205069039098,0.05593578496109435,0.1727928091275521,-0.06749182166542336
